사고번호,사고일시,요일,시군구,사고내용,사망자수,중상자수,경상자수,부상신고자수,사고유형,법규위반,노면상태,기상상태,도로형태,가해운전자 차종,가해운전자 성별,가해운전자 연령,가해운전자 상해정도,피해운전자 차종,피해운전자 성별,피해운전자 연령,피해운전자 상해정도
2018012700100366,2018년 1월 27일 17시,토요일,강원도 원주시 명륜동,경상사고,0,0,3,0,차대차 - 추돌,안전운전불이행,건조,맑음,교차로 - 교차로부근,화물,남,67세,상해없음,승용,남,31세,경상
2018012700100395,2018년 1월 27일 18시,토요일,강원도 원주시 봉산동,경상사고,0,0,1,0,차대사람 - 차도통행중,안전운전불이행,건조,맑음,단일로 - 기타,승용,남,64세,상해없음,보행자,남,52세,경상
2018012700100434,2018년 1월 27일 19시,토요일,강원도 원주시 무실동,경상사고,0,0,3,1,차대차 - 추돌,중앙선침범,건조,맑음,교차로 - 교차로부근,승합,남,41세,상해없음,화물,남,30세,부상신고
2018012700100472,2018년 1월 27일 20시,토요일,강원도 춘천시 효자동,경상사고,0,0,1,0,차대차 - 측면충돌,안전운전불이행,건조,맑음,단일로 - 기타,승용,남,32세,상해없음,이륜,남,24세,경상
2018012700100533,2018년 1월 27일 23시,토요일,강원도 원주시 명륜동,경상사고,0,0,1,0,차대차 - 측면충돌,교차로운행방법위반,건조,맑음,교차로 - 교차로안,승용,여,33세,상해없음,이륜,남,34세,경상
2018012700100534,2018년 1월 27일 23시,토요일,강원도 속초시 청호동,중상사고,0,1,1,0,차대차 - 기타,신호위반,건조,맑음,교차로 - 교차로안,승용,남,33세,상해없음,승용,여,32세,중상
2018012800100040,2018년 1월 28일 02시,일요일,강원도 인제군 남면,중상사고,0,1,0,0,차대사람 - 횡단중,안전운전불이행,건조,맑음,단일로 - 기타,승용,남,25세,상해없음,보행자,남,18세,중상
2018012800100078,2018년 1월 28일 06시,일요일,강원도 원주시 단구동,경상사고,0,0,1,0,차대차 - 측면충돌,신호위반,건조,맑음,교차로 - 교차로안,승용,남,33세,기타불명,승용,남,26세,경상
2018012800100079,2018년 1월 28일 06시,일요일,강원도 삼척시 남양동,중상사고,0,1,0,0,차대차 - 정면충돌,안전운전불이행,건조,흐림,교차로 - 교차로안,승용,남,55세,상해없음,자전거,여,61세,중상
2018012800100140,2018년 1월 28일 11시,일요일,강원도 동해시 효가동,경상사고,0,0,1,0,차대차 - 측면충돌,직진우회전진행방해,건조,맑음,교차로 - 교차로안,화물,남,59세,상해없음,화물,남,28세,경상
2018012800100156,2018년 1월 28일 12시,일요일,강원도 춘천시 석사동,경상사고,0,0,1,0,차대차 - 측면충돌,안전운전불이행,건조,맑음,교차로 - 교차로안,승용,남,26세,상해없음,승용,남,56세,경상
2018012800100157,2018년 1월 28일 12시,일요일,강원도 영월군 무릉도원면,경상사고,0,0,2,0,차대차 - 측면충돌,안전운전불이행,서리/결빙,맑음,단일로 - 기타,화물,남,75세,상해없음,승용,남,73세,경상
2018012800100208,2018년 1월 28일 14시,일요일,강원도 삼척시 하장면,중상사고,0,1,0,0,차대차 - 측면충돌,중앙선침범,해빙,맑음,단일로 - 기타,화물,남,54세,상해없음,화물,남,60세,중상
2018012800100241,2018년 1월 28일 16시,일요일,강원도 원주시 무실동,경상사고,0,0,1,0,차대차 - 측면충돌,안전운전불이행,건조,맑음,교차로 - 교차로부근,승용,남,57세,상해없음,승용,남,60세,경상
2018012800100242,2018년 1월 28일 16시,일요일,강원도 원주시 무실동,경상사고,0,0,1,0,차대차 - 측면충돌,안전거리미확보,건조,맑음,교차로 - 교차로부근,승용,남,38세,상해없음,승용,여,35세,경상
2018012800100243,2018년 1월 28일 16시,일요일,강원도 정선군 사북읍,경상사고,0,0,1,0,차대차 - 기타,교차로운행방법위반,건조,맑음,교차로 - 교차로안,승용,남,58세,상해없음,승용,남,26세,경상
2018012800100294,2018년 1월 28일 18시,일요일,강원도 원주시 단계동,중상사고,0,1,0,0,차대차 - 추돌,안전운전불이행,건조,맑음,단일로 - 기타,승용,남,38세,상해없음,이륜,남,64세,중상
2018012800100324,2018년 1월 28일 19시,일요일,강원도 원주시 단구동,경상사고,0,0,1,0,차대차 - 측면충돌,안전운전불이행,건조,맑음,단일로 - 기타,승용,남,68세,상해없음,개인형이동수단(PM),남,32세,경상
2018012800100343,2018년 1월 28일 20시,일요일,강원도 태백시 황지동,경상사고,0,0,3,0,차대차 - 측면충돌,차로위반,서리/결빙,맑음,교차로 - 교차로부근,승용,여,44세,상해없음,승용,여,44세,경상
2018012800100365,2018년 1월 28일 21시,일요일,강원도 원주시 학성동,경상사고,0,0,1,0,차대차 - 측면충돌,안전운전불이행,건조,맑음,단일로 - 기타,승용,남,63세,상해없음,승용,남,78세,경상
2018012800100382,2018년 1월 28일 22시,일요일,강원도 원주시 반곡동,경상사고,0,0,1,0,차대차 - 추돌,안전운전불이행,건조,맑음,교차로 - 교차로안,승용,남,28세,상해없음,승용,여,34세,경상
2018012900100045,2018년 1월 29일 06시,월요일,강원도 홍천군 남면,경상사고,0,0,1,0,차량단독 - 공작물충돌,안전운전불이행,건조,맑음,단일로 - 기타,화물,남,65세,경상,,,,
2018012900100069,2018년 1월 29일 07시,월요일,강원도 원주시 인동,중상사고,0,1,0,0,차대사람 - 차도통행중,보행자보호의무위반,건조,맑음,단일로 - 기타,승용,남,39세,상해없음,보행자,여,82세,중상
2018012900100100,2018년 1월 29일 08시,월요일,강원도 홍천군 두촌면,경상사고,0,0,1,0,차대차 - 측면충돌,중앙선침범,건조,맑음,교차로 - 교차로부근,승용,여,54세,상해없음,화물,남,68세,경상
2018012900100101,2018년 1월 29일 08시,월요일,강원도 동해시 송정동,경상사고,0,0,1,0,차대차 - 측면충돌,안전운전불이행,건조,맑음,교차로 - 교차로안,건설기계,남,57세,상해없음,건설기계,남,54세,경상
2018012900100128,2018년 1월 29일 09시,월요일,강원도 원주시 반곡동,경상사고,0,0,1,0,차대차 - 측면충돌,신호위반,건조,맑음,교차로 - 교차로안,승용,여,28세,상해없음,승합,남,58세,상해없음
2018012900100153,2018년 1월 29일 10시,월요일,강원도 춘천시 후평동,경상사고,0,0,1,0,차대차 - 측면충돌,안전운전불이행,건조,맑음,교차로 - 교차로안,승용,남,48세,상해없음,화물,남,49세,경상
2018012900100154,2018년 1월 29일 10시,월요일,강원도 원주시 무실동,경상사고,0,0,2,0,차대차 - 추돌,안전운전불이행,건조,맑음,단일로 - 기타,승용,여,54세,경상,승용,남,50세,경상
2018012900100155,2018년 1월 29일 10시,월요일,강원도 속초시 조양동,사망사고,1,0,0,0,차대차 - 측면충돌,안전운전불이행,건조,맑음,교차로 - 교차로안,승용,남,68세,상해없음,자전거,남,87세,사망
2018012900100185,2018년 1월 29일 11시,월요일,강원도 강릉시 포남동,중상사고,0,1,0,0,차대사람 - 횡단중,안전운전불이행,건조,맑음,단일로 - 기타,화물,남,64세,상해없음,보행자,여,81세,중상
2018012900100186,2018년 1월 29일 11시,월요일,강원도 삼척시 도계읍,경상사고,0,0,1,0,차대차 - 측면충돌,직진우회전진행방해,건조,맑음,교차로 - 교차로안,승용,여,71세,상해없음,화물,남,55세,경상
2018012900100220,2018년 1월 29일 12시,월요일,강원도 인제군 인제읍,중상사고,0,3,0,0,차대차 - 추돌,안전운전불이행,건조,맑음,교차로 - 교차로부근,화물,남,29세,상해없음,승용,남,31세,중상
2018012900100221,2018년 1월 29일 12시,월요일,강원도 동해시 천곡동,중상사고,0,1,0,0,차대사람 - 길가장자리구역통행중,안전운전불이행,건조,맑음,단일로 - 기타,승용,여,38세,상해없음,보행자,여,43세,중상
2018012900100248,2018년 1월 29일 13시,월요일,강원도 춘천시 효자동,경상사고,0,0,1,0,차대차 - 측면충돌,차로위반,건조,맑음,교차로 - 교차로부근,승용,남,83세,상해없음,승합,남,59세,상해없음
2018012900100249,2018년 1월 29일 13시,월요일,강원도 삼척시 교동,중상사고,0,1,0,0,차량단독 - 기타,안전운전불이행,건조,맑음,단일로 - 기타,화물,남,58세,상해없음,,,,
2018012900100250,2018년 1월 29일 13시,월요일,강원도 홍천군 홍천읍,경상사고,0,0,1,0,차대사람 - 횡단중,보행자보호의무위반,건조,맑음,교차로 - 교차로부근,승용,남,81세,상해없음,보행자,여,24세,경상
2018012900100251,2018년 1월 29일 13시,월요일,강원도 태백시 장성동,경상사고,0,0,1,0,차대차 - 측면충돌,교차로운행방법위반,건조,맑음,교차로 - 교차로안,승용,여,44세,상해없음,승합,남,66세,경상
2018012900100287,2018년 1월 29일 14시,월요일,강원도 홍천군 화촌면,중상사고,0,1,3,0,차대차 - 정면충돌,중앙선침범,건조,맑음,단일로 - 기타,승용,남,22세,중상,승용,남,21세,경상
2018012900100288,2018년 1월 29일 14시,월요일,강원도 홍천군 서면,경상사고,0,0,1,0,차량단독 - 전도전복 - 전도,안전운전불이행,건조,맑음,단일로 - 기타,승용,남,28세,상해없음,미분류,미분류,미분류,미분류
2018012900100289,2018년 1월 29일 14시,월요일,강원도 횡성군 횡성읍,경상사고,0,0,1,0,차대차 - 추돌,안전운전불이행,건조,맑음,단일로 - 기타,승용,남,75세,상해없음,승용,여,61세,기타불명
2018012900100350,2018년 1월 29일 16시,월요일,강원도 춘천시 중앙로2가,경상사고,0,0,1,0,차대차 - 기타,교차로운행방법위반,건조,맑음,교차로 - 교차로안,승용,남,24세,상해없음,승용,남,57세,경상
2018012900100378,2018년 1월 29일 17시,월요일,강원도 춘천시 중앙로2가,경상사고,0,0,1,0,차대사람 - 횡단중,보행자보호의무위반,건조,맑음,교차로 - 교차로횡단보도내,기타불명,기타불명,미분류,기타불명,보행자,남,42세,경상
2018012900100379,2018년 1월 29일 17시,월요일,강원도 춘천시 동내면,경상사고,0,0,1,0,차대차 - 측면충돌,직진우회전진행방해,건조,맑음,교차로 - 교차로안,화물,남,61세,상해없음,화물,남,46세,경상
2018012900100380,2018년 1월 29일 17시,월요일,강원도 동해시 천곡동,경상사고,0,0,2,0,차대차 - 측면충돌,직진우회전진행방해,건조,맑음,교차로 - 교차로안,승용,남,47세,상해없음,승용,남,74세,경상
2018012900100406,2018년 1월 29일 18시,월요일,강원도 춘천시 효자동,중상사고,0,1,0,0,차대사람 - 기타,안전운전불이행,건조,맑음,단일로 - 기타,승용,여,39세,상해없음,보행자,여,54세,중상
2018012900100453,2018년 1월 29일 19시,월요일,강원도 강릉시 포남동,경상사고,0,0,2,0,차대차 - 측면충돌,안전운전불이행,건조,맑음,교차로 - 교차로안,승용,남,58세,상해없음,승용,남,50세,경상
2018012900100454,2018년 1월 29일 19시,월요일,강원도 원주시 문막읍,경상사고,0,0,2,1,차대차 - 추돌,신호위반,건조,맑음,교차로 - 교차로안,화물,남,60세,부상신고,승용,남,49세,경상
2018012900100516,2018년 1월 29일 22시,월요일,강원도 강릉시 홍제동,경상사고,0,0,1,0,차대차 - 측면충돌,중앙선침범,건조,맑음,단일로 - 기타,승용,남,42세,상해없음,이륜,남,26세,경상
2018012900100517,2018년 1월 29일 22시,월요일,강원도 속초시 교동,경상사고,0,0,3,0,차대차 - 측면충돌,신호위반,건조,맑음,교차로 - 교차로안,승용,남,53세,상해없음,승용,남,49세,경상
2018013000100008,2018년 1월 30일 00시,화요일,강원도 춘천시 근화동,경상사고,0,0,1,0,차대차 - 측면충돌,불법유턴,건조,맑음,단일로 - 기타,승용,남,56세,상해없음,승용,남,38세,경상
2018013000100009,2018년 1월 30일 00시,화요일,강원도 원주시 일산동,경상사고,0,0,1,0,차대차 - 기타,안전운전불이행,건조,맑음,단일로 - 기타,승용,남,56세,상해없음,이륜,남,28세,경상
2018013000100020,2018년 1월 30일 01시,화요일,강원도 홍천군 서면,중상사고,0,1,0,0,차량단독 - 공작물충돌,안전운전불이행,건조,맑음,단일로 - 기타,승용,남,28세,중상,,,,
2018013000100028,2018년 1월 30일 02시,화요일,강원도 강릉시 옥천동,경상사고,0,0,1,0,차대사람 - 길가장자리구역통행중,안전운전불이행,건조,맑음,교차로 - 교차로안,특수,남,35세,상해없음,보행자,남,56세,경상
2018013000100071,2018년 1월 30일 06시,화요일,강원도 태백시 황지동,경상사고,0,0,1,0,차대차 - 측면충돌,신호위반,건조,맑음,교차로 - 교차로안,승용,남,41세,상해없음,승용,남,39세,경상
2018013000100183,2018년 1월 30일 10시,화요일,강원도 원주시 중앙동,중상사고,0,1,0,0,차대차 - 추돌,안전운전불이행,건조,맑음,단일로 - 기타,승용,남,36세,상해없음,승용,남,47세,상해없음
2018013000100212,2018년 1월 30일 11시,화요일,강원도 동해시 동회동,경상사고,0,0,1,0,차대사람 - 길가장자리구역통행중,안전운전불이행,건조,맑음,단일로 - 기타,승용,여,33세,상해없음,보행자,여,70세,경상
2018013000100240,2018년 1월 30일 12시,화요일,강원도 태백시 황지동,중상사고,0,1,0,0,차대사람 - 차도통행중,안전운전불이행,건조,맑음,단일로 - 기타,승용,여,54세,상해없음,보행자,여,74세,중상
2018013000100270,2018년 1월 30일 13시,화요일,강원도 춘천시 후평동,경상사고,0,0,3,0,차대차 - 후진중충돌,안전운전불이행,건조,맑음,단일로 - 기타,승용,여,74세,상해없음,승용,여,46세,경상
2018013000100271,2018년 1월 30일 13시,화요일,강원도 춘천시 중앙로2가,경상사고,0,0,1,0,차대차 - 측면충돌,안전운전불이행,건조,맑음,교차로 - 교차로안,원동기,남,43세,경상,화물,남,30세,상해없음
2018013000100272,2018년 1월 30일 13시,화요일,강원도 춘천시 동내면,경상사고,0,0,1,0,차대차 - 측면충돌,안전운전불이행,서리/결빙,맑음,교차로 - 교차로부근,승용,여,49세,상해없음,승용,여,41세,경상
2018013000100273,2018년 1월 30일 13시,화요일,강원도 고성군 토성면,중상사고,0,1,2,0,차대차 - 추돌,안전거리미확보,건조,맑음,교차로 - 교차로안,화물,남,60세,경상,승용,남,46세,경상
2018013000100331,2018년 1월 30일 15시,화요일,강원도 원주시 문막읍,경상사고,0,0,1,0,차대차 - 측면충돌,안전운전불이행,건조,맑음,단일로 - 기타,승용,여,60세,상해없음,승용,남,47세,경상
2018013000100332,2018년 1월 30일 15시,화요일,강원도 원주시 일산동,경상사고,0,0,1,0,차대차 - 측면충돌,교차로운행방법위반,건조,맑음,교차로 - 교차로안,승용,남,68세,상해없음,승용,남,64세,경상
2018013000100333,2018년 1월 30일 15시,화요일,강원도 고성군 죽왕면,경상사고,0,0,2,0,차대차 - 추돌,안전운전불이행,건조,맑음,교차로 - 교차로부근,승용,남,48세,상해없음,승용,남,34세,경상
2018013000100366,2018년 1월 30일 16시,화요일,강원도 춘천시 효자동,경상사고,0,0,2,0,차대차 - 측면충돌,교차로운행방법위반,건조,맑음,교차로 - 교차로안,승용,여,63세,상해없음,승용,남,61세,경상
2018013000100367,2018년 1월 30일 16시,화요일,강원도 삼척시 교동,중상사고,0,2,1,0,차대차 - 정면충돌,신호위반,건조,맑음,교차로 - 교차로안,승용,여,57세,중상,승용,남,70세,경상
2018013000100402,2018년 1월 30일 17시,화요일,강원도 원주시 흥업면,경상사고,0,0,3,0,차대차 - 측면충돌,안전거리미확보,건조,맑음,단일로 - 기타,승용,남,43세,상해없음,화물,여,43세,경상
2018013000100403,2018년 1월 30일 17시,화요일,강원도 원주시 무실동,경상사고,0,0,1,0,차대차 - 측면충돌,교차로운행방법위반,건조,맑음,교차로 - 교차로안,화물,남,46세,상해없음,승용,여,40세,경상
2018013000100404,2018년 1월 30일 17시,화요일,강원도 원주시 문막읍,경상사고,0,0,1,0,차대사람 - 길가장자리구역통행중,안전운전불이행,건조,맑음,주차장 - 주차장,기타불명,기타불명,미분류,기타불명,보행자,남,48세,경상
2018013000100450,2018년 1월 30일 18시,화요일,강원도 춘천시 석사동,경상사고,0,0,2,0,차대차 - 추돌,안전운전불이행,건조,맑음,단일로 - 기타,화물,남,74세,상해없음,승용,여,40세,경상
2018013000100451,2018년 1월 30일 18시,화요일,강원도 원주시 단구동,경상사고,0,0,1,0,차대차 - 측면충돌,중앙선침범,건조,맑음,단일로 - 기타,승용,남,62세,상해없음,승용,남,47세,경상
2018013000100512,2018년 1월 30일 19시,화요일,강원도 원주시 단구동,경상사고,0,0,1,0,차대사람 - 횡단중,보행자보호의무위반,젖음/습기,눈,단일로 - 기타,승용,여,52세,상해없음,보행자,남,35세,경상
2018013100100058,2018년 1월 31일 05시,수요일,강원도 원주시 태장동,중상사고,0,1,1,0,차대차 - 측면충돌,교차로운행방법위반,적설,눈,교차로 - 교차로부근,승용,여,49세,중상,승합,남,56세,경상
2018013100100095,2018년 1월 31일 07시,수요일,강원도 춘천시 퇴계동,경상사고,0,0,3,0,차대차 - 측면충돌,차로위반,젖음/습기,흐림,교차로 - 교차로부근,승용,남,35세,경상,승합,남,55세,경상
2018013100100096,2018년 1월 31일 07시,수요일,강원도 원주시 호저면,경상사고,0,0,1,0,차량단독 - 공작물충돌,안전운전불이행,서리/결빙,맑음,단일로 - 기타,승용,여,43세,경상,,,,
2018013100100142,2018년 1월 31일 08시,수요일,강원도 강릉시 주문진읍,경상사고,0,0,1,0,차대사람 - 기타,안전운전불이행,건조,맑음,단일로 - 기타,승용,여,50세,상해없음,보행자,여,60세,경상
2018013100100143,2018년 1월 31일 08시,수요일,강원도 원주시 중앙동,경상사고,0,0,2,1,차대차 - 측면충돌,안전거리미확보,건조,맑음,교차로 - 교차로부근,승용,여,39세,부상신고,승용,남,20세,경상
2018013100100210,2018년 1월 31일 10시,수요일,강원도 태백시 황지동,경상사고,0,0,1,0,차대사람 - 횡단중,안전운전불이행,서리/결빙,맑음,단일로 - 기타,승용,여,38세,상해없음,보행자,여,41세,경상
2018013100100252,2018년 1월 31일 12시,수요일,강원도 삼척시 남양동,경상사고,0,0,1,0,차대사람 - 보도통행중,안전운전불이행,건조,맑음,단일로 - 기타,승용,여,40세,상해없음,보행자,여,75세,경상
2018013100100282,2018년 1월 31일 13시,수요일,강원도 원주시 반곡동,경상사고,0,0,1,0,차대차 - 측면충돌,교차로운행방법위반,건조,맑음,교차로 - 교차로안,화물,남,65세,상해없음,사륜오토바이(ATV),남,55세,경상
2018013100100283,2018년 1월 31일 13시,수요일,강원도 삼척시 원덕읍,경상사고,0,0,3,0,차대차 - 추돌,안전운전불이행,건조,맑음,단일로 - 기타,승용,남,28세,상해없음,승용,남,60세,경상
2018013100100305,2018년 1월 31일 14시,수요일,강원도 춘천시 효자동,경상사고,0,0,1,0,차대차 - 측면충돌,안전운전불이행,건조,맑음,단일로 - 기타,승용,남,22세,상해없음,승용,남,27세,경상
2018013100100326,2018년 1월 31일 15시,수요일,강원도 화천군 사내면,경상사고,0,0,2,0,차대차 - 추돌,교차로운행방법위반,건조,맑음,교차로 - 교차로안,승용,남,66세,상해없음,승용,남,59세,경상
2018013100100355,2018년 1월 31일 16시,수요일,강원도 원주시 단계동,경상사고,0,0,1,0,차대차 - 측면충돌,안전운전불이행,건조,맑음,교차로 - 교차로부근,승합,남,54세,상해없음,승용,여,54세,경상
2018013100100356,2018년 1월 31일 16시,수요일,강원도 원주시 행구동,경상사고,0,0,2,0,차대차 - 측면충돌,신호위반,건조,맑음,교차로 - 교차로안,승용,남,67세,상해없음,승용,남,46세,경상
2018013100100383,2018년 1월 31일 17시,수요일,강원도 원주시 개운동,경상사고,0,0,1,0,차대차 - 측면충돌,안전운전불이행,건조,맑음,단일로 - 기타,화물,남,55세,상해없음,이륜,남,40세,경상
2018013100100384,2018년 1월 31일 17시,수요일,강원도 원주시 태장동,부상신고사고,0,0,0,1,차대차 - 추돌,안전거리미확보,건조,맑음,단일로 - 기타,화물,남,60세,상해없음,승용,남,62세,부상신고
2018013100100424,2018년 1월 31일 18시,수요일,강원도 춘천시 온의동,경상사고,0,0,1,0,차대사람 - 차도통행중,안전운전불이행,젖음/습기,흐림,교차로 - 교차로안,승용,남,60세,상해없음,보행자,여,66세,경상
2018013100100425,2018년 1월 31일 18시,수요일,강원도 춘천시 중앙로2가,부상신고사고,0,0,0,1,차대차 - 측면충돌,교차로운행방법위반,건조,맑음,교차로 - 교차로안,승용,여,50세,상해없음,승합,남,47세,상해없음
2018013100100426,2018년 1월 31일 18시,수요일,강원도 강릉시 주문진읍,경상사고,0,0,2,0,차대차 - 측면충돌,안전운전불이행,건조,맑음,단일로 - 고가도로위,승용,남,72세,상해없음,승용,남,24세,경상
2018013100100427,2018년 1월 31일 18시,수요일,강원도 평창군 대관령면,중상사고,0,3,0,0,차대차 - 추돌,안전운전불이행,건조,맑음,단일로 - 기타,승용,남,24세,중상,화물,남,49세,상해없음
2018013100100480,2018년 1월 31일 19시,수요일,강원도 속초시 조양동,경상사고,0,0,1,0,차대차 - 측면충돌,차로위반,건조,맑음,단일로 - 기타,승용,남,27세,상해없음,이륜,남,54세,경상
2018013100100519,2018년 1월 31일 20시,수요일,강원도 강릉시 홍제동,경상사고,0,0,2,0,차대차 - 측면충돌,안전운전불이행,건조,맑음,교차로 - 교차로안,승용,남,48세,상해없음,승용,남,76세,경상
2018013100100520,2018년 1월 31일 20시,수요일,강원도 고성군 토성면,중상사고,0,1,0,0,차대사람 - 횡단중,보행자보호의무위반,건조,맑음,교차로 - 교차로안,화물,남,57세,상해없음,보행자,남,50세,중상
2018013100100597,2018년 1월 31일 23시,수요일,강원도 춘천시 동내면,경상사고,0,0,2,0,차대차 - 측면충돌,교차로운행방법위반,건조,맑음,교차로 - 교차로안,승용,남,47세,경상,승용,남,55세,경상
2018020100100038,2018년 2월 1일 02시,목요일,강원도 강릉시 옥천동,경상사고,0,0,1,0,차대사람 - 횡단중,보행자보호의무위반,건조,맑음,교차로 - 교차로부근,승용,남,63세,상해없음,보행자,남,19세,경상
2018020100100091,2018년 2월 1일 07시,목요일,강원도 원주시 단구동,경상사고,0,0,1,0,차대차 - 추돌,안전거리미확보,건조,맑음,단일로 - 기타,승용,남,27세,상해없음,승합,남,33세,경상
2018020100100206,2018년 2월 1일 10시,목요일,강원도 춘천시 사북면,경상사고,0,0,1,0,차대차 - 측면충돌,안전운전불이행,건조,맑음,단일로 - 기타,승용,남,59세,상해없음,승용,남,43세,경상
2018020100100207,2018년 2월 1일 10시,목요일,강원도 원주시 문막읍,경상사고,0,0,1,1,차대차 - 측면충돌,안전운전불이행,건조,맑음,단일로 - 기타,승용,남,43세,부상신고,화물,남,55세,경상
2018020100100208,2018년 2월 1일 10시,목요일,강원도 정선군 고한읍,중상사고,0,1,1,0,차대차 - 정면충돌,신호위반,건조,맑음,단일로 - 기타,승용,남,60세,상해없음,승합,남,49세,상해없음
2018020100100243,2018년 2월 1일 11시,목요일,강원도 강릉시 옥천동,중상사고,0,1,0,0,차대사람 - 기타,안전운전불이행,건조,맑음,단일로 - 기타,화물,남,62세,상해없음,보행자,여,80세,중상
2018020100100272,2018년 2월 1일 12시,목요일,강원도 강릉시 교동,경상사고,0,0,1,0,차대차 - 측면충돌,안전운전불이행,건조,맑음,교차로 - 교차로횡단보도내,승용,남,49세,상해없음,자전거,남,50세,경상
2018020100100343,2018년 2월 1일 14시,목요일,강원도 춘천시 효자동,경상사고,0,0,1,0,차대차 - 측면충돌,안전거리미확보,건조,맑음,단일로 - 기타,승합,남,42세,상해없음,승용,남,42세,경상
2018020100100344,2018년 2월 1일 14시,목요일,강원도 영월군 영월읍,경상사고,0,0,1,0,차대사람 - 횡단중,보행자보호의무위반,건조,맑음,교차로 - 교차로부근,승용,남,59세,상해없음,보행자,남,63세,경상
2018020100100369,2018년 2월 1일 15시,목요일,강원도 춘천시 퇴계동,경상사고,0,0,1,0,차대차 - 측면충돌,안전운전불이행,건조,맑음,단일로 - 기타,승용,여,35세,상해없음,승용,여,58세,경상
2018020100100370,2018년 2월 1일 15시,목요일,강원도 양양군 강현면,경상사고,0,0,1,0,차대차 - 기타,중앙선침범,건조,맑음,단일로 - 기타,승용,남,22세,상해없음,승용,여,48세,경상
2018020100100407,2018년 2월 1일 16시,목요일,강원도 춘천시 후평동,경상사고,0,0,1,0,차대사람 - 기타,안전운전불이행,건조,맑음,단일로 - 기타,승용,여,49세,상해없음,보행자,여,28세,경상
2018020100100436,2018년 2월 1일 17시,목요일,강원도 태백시 통동,중상사고,0,1,0,0,차대차 - 기타,기타,건조,맑음,단일로 - 기타,화물,남,57세,상해없음,승용,여,39세,중상
2018020100100477,2018년 2월 1일 18시,목요일,강원도 원주시 태장동,중상사고,0,1,0,0,차대차 - 측면충돌,안전운전불이행,건조,맑음,교차로 - 교차로부근,승용,여,54세,상해없음,자전거,남,84세,중상
2018020100100534,2018년 2월 1일 19시,목요일,강원도 춘천시 효자동,경상사고,0,0,1,0,차대사람 - 차도통행중,안전운전불이행,건조,맑음,교차로 - 교차로안,승용,남,61세,상해없음,보행자,여,63세,경상
2018020100100579,2018년 2월 1일 20시,목요일,강원도 원주시 문막읍,경상사고,0,0,1,0,차대차 - 측면충돌,신호위반,건조,맑음,교차로 - 교차로안,화물,남,62세,상해없음,승용,남,34세,경상
2018020100100580,2018년 2월 1일 20시,목요일,강원도 동해시 천곡동,경상사고,0,0,1,0,차대사람 - 길가장자리구역통행중,안전운전불이행,건조,맑음,교차로 - 교차로부근,승용,남,51세,상해없음,보행자,남,57세,경상
2018020100100610,2018년 2월 1일 21시,목요일,강원도 원주시 관설동,경상사고,0,0,1,0,차대사람 - 보도통행중,신호위반,건조,맑음,교차로 - 교차로횡단보도내,이륜,남,31세,상해없음,보행자,여,45세,경상
2018020200100023,2018년 2월 2일 01시,금요일,강원도 원주시 단계동,경상사고,0,0,5,0,차대차 - 추돌,안전운전불이행,건조,맑음,단일로 - 기타,승용,남,32세,상해없음,승용,남,24세,경상
2018020200100039,2018년 2월 2일 02시,금요일,강원도 태백시 황지동,중상사고,0,1,0,0,차대사람 - 기타,안전운전불이행,건조,맑음,단일로 - 기타,승용,남,28세,상해없음,보행자,남,74세,중상
2018020200100055,2018년 2월 2일 04시,금요일,강원도 춘천시 온의동,경상사고,0,0,2,0,차대차 - 추돌,안전거리미확보,건조,맑음,교차로 - 교차로부근,화물,남,67세,상해없음,화물,남,56세,경상
2018020200100133,2018년 2월 2일 08시,금요일,강원도 춘천시 퇴계동,중상사고,0,1,0,0,차대차 - 측면충돌,기타,건조,맑음,교차로 - 교차로안,특수,남,26세,상해없음,승용,남,52세,중상
2018020200100134,2018년 2월 2일 08시,금요일,강원도 강릉시 내곡동,중상사고,0,1,0,0,차대사람 - 차도통행중,안전운전불이행,건조,맑음,단일로 - 기타,승용,여,75세,상해없음,보행자,여,30세,중상
2018020200100135,2018년 2월 2일 08시,금요일,강원도 홍천군 홍천읍,부상신고사고,0,0,0,1,차대차 - 측면충돌,직진우회전진행방해,건조,맑음,교차로 - 교차로안,승용,남,75세,상해없음,자전거,여,62세,부상신고
2018020200100172,2018년 2월 2일 09시,금요일,강원도 평창군 진부면,중상사고,0,1,0,0,차대차 - 측면충돌,기타,건조,맑음,교차로 - 교차로안,화물,남,80세,상해없음,사륜오토바이(ATV),남,81세,중상
2018020200100229,2018년 2월 2일 11시,금요일,강원도 춘천시 운교동,중상사고,0,1,0,0,차대사람 - 길가장자리구역통행중,안전운전불이행,건조,맑음,단일로 - 기타,승용,남,68세,상해없음,보행자,남,65세,중상
2018020200100230,2018년 2월 2일 11시,금요일,강원도 강릉시 옥천동,경상사고,0,0,1,0,차대사람 - 횡단중,보행자보호의무위반,건조,맑음,교차로 - 교차로횡단보도내,승용,남,84세,상해없음,보행자,여,20세,경상
2018020200100310,2018년 2월 2일 14시,금요일,강원도 춘천시 퇴계동,경상사고,0,0,1,0,차대사람 - 횡단중,신호위반,건조,맑음,교차로 - 교차로횡단보도내,이륜,남,16세,상해없음,보행자,여,10세,경상