사고번호,사고일시,요일,시군구,사고내용,사망자수,중상자수,경상자수,부상신고자수,사고유형,법규위반,노면상태,기상상태,도로형태,가해운전자 차종,가해운전자 성별,가해운전자 연령,가해운전자 상해정도,피해운전자 차종,피해운전자 성별,피해운전자 연령,피해운전자 상해정도
2018020200100311,2018년 2월 2일 14시,금요일,강원도 강릉시 사천면,경상사고,0,0,1,0,차대차 - 기타,안전운전불이행,건조,맑음,교차로 - 교차로부근,승용,여,61세,상해없음,승용,여,38세,경상
2018020200100312,2018년 2월 2일 14시,금요일,강원도 홍천군 홍천읍,중상사고,0,1,0,0,차대차 - 기타,안전운전불이행,건조,맑음,교차로 - 교차로안,승용,여,61세,상해없음,자전거,남,61세,중상
2018020200100386,2018년 2월 2일 16시,금요일,강원도 원주시 인동,경상사고,0,0,1,0,차대차 - 측면충돌,차로위반,건조,맑음,단일로 - 기타,승용,남,80세,상해없음,승용,여,50세,경상
2018020200100418,2018년 2월 2일 17시,금요일,강원도 정선군 고한읍,경상사고,0,0,2,0,차대차 - 정면충돌,중앙선침범,서리/결빙,맑음,단일로 - 기타,승용,남,42세,상해없음,승용,남,50세,경상
2018020200100463,2018년 2월 2일 18시,금요일,강원도 원주시 명륜동,경상사고,0,0,1,0,차대차 - 측면충돌,중앙선침범,건조,맑음,단일로 - 기타,승용,남,54세,상해없음,이륜,남,64세,경상
2018020200100464,2018년 2월 2일 18시,금요일,강원도 속초시 교동,중상사고,0,1,0,0,차대사람 - 횡단중,보행자보호의무위반,건조,맑음,교차로 - 교차로안,승용,여,44세,상해없음,보행자,남,39세,중상
2018020200100509,2018년 2월 2일 19시,금요일,강원도 강릉시 교동,경상사고,0,0,1,0,차대차 - 측면충돌,안전운전불이행,건조,맑음,단일로 - 고가도로위,승용,남,32세,기타불명,이륜,남,38세,경상
2018020200100541,2018년 2월 2일 20시,금요일,강원도 춘천시 효자동,경상사고,0,0,2,0,차대차 - 측면충돌,안전운전불이행,건조,맑음,교차로 - 교차로안,이륜,남,23세,상해없음,승용,남,36세,경상
2018020200100542,2018년 2월 2일 20시,금요일,강원도 춘천시 후평동,경상사고,0,0,1,0,차대차 - 측면충돌,안전운전불이행,건조,맑음,단일로 - 기타,승용,남,40세,상해없음,이륜,남,26세,경상
2018020200100651,2018년 2월 2일 23시,금요일,강원도 강릉시 성남동,경상사고,0,0,1,0,차대차 - 정면충돌,안전운전불이행,건조,맑음,교차로 - 교차로안,승용,남,24세,상해없음,승용,여,43세,경상
2018020200100652,2018년 2월 2일 23시,금요일,강원도 원주시 단구동,중상사고,0,1,1,0,차대차 - 추돌,안전운전불이행,건조,맑음,교차로 - 교차로부근,승용,남,69세,상해없음,승용,남,56세,경상
2018020300100045,2018년 2월 3일 01시,토요일,강원도 원주시 명륜동,경상사고,0,0,2,0,차대차 - 측면충돌,신호위반,건조,맑음,교차로 - 교차로안,승용,남,25세,경상,승용,남,28세,경상
2018020300100117,2018년 2월 3일 06시,토요일,강원도 삼척시 원덕읍,중상사고,0,1,0,0,차대차 - 측면충돌,안전운전불이행,건조,맑음,단일로 - 기타,승용,남,58세,중상,승용,여,64세,상해없음
2018020300100174,2018년 2월 3일 09시,토요일,강원도 정선군 남면,중상사고,0,7,11,0,차대차 - 추돌,안전운전불이행,서리/결빙,눈,단일로 - 기타,승용,남,39세,상해없음,승용,남,43세,경상
2018020300100206,2018년 2월 3일 10시,토요일,강원도 영월군 영월읍,중상사고,0,1,0,0,차량단독 - 기타,안전운전불이행,건조,맑음,단일로 - 기타,승합,남,55세,상해없음,,,,
2018020300100249,2018년 2월 3일 11시,토요일,강원도 춘천시 소양로3가,중상사고,0,1,0,0,차대차 - 측면충돌,안전운전불이행,건조,맑음,단일로 - 기타,화물,여,60세,상해없음,승용,남,40세,상해없음
2018020300100250,2018년 2월 3일 11시,토요일,강원도 삼척시 남양동,경상사고,0,0,1,0,차대차 - 측면충돌,직진우회전진행방해,건조,맑음,교차로 - 교차로안,승용,남,68세,상해없음,승용,여,69세,경상
2018020300100297,2018년 2월 3일 12시,토요일,강원도 춘천시 죽림동,경상사고,0,0,1,0,차대사람 - 기타,안전운전불이행,건조,맑음,단일로 - 기타,기타불명,기타불명,미분류,기타불명,보행자,여,55세,경상
2018020300100391,2018년 2월 3일 14시,토요일,강원도 강릉시 지변동,경상사고,0,0,1,0,차대차 - 측면충돌,안전운전불이행,건조,맑음,단일로 - 기타,승합,남,30세,상해없음,승용,여,35세,경상
2018020300100392,2018년 2월 3일 14시,토요일,강원도 동해시 구미동,경상사고,0,0,3,0,차대차 - 측면충돌,안전거리미확보,건조,맑음,교차로 - 교차로안,승용,여,58세,상해없음,승용,여,49세,경상
2018020300100462,2018년 2월 3일 16시,토요일,강원도 강릉시 포남동,경상사고,0,0,4,0,차대차 - 추돌,안전운전불이행,건조,맑음,교차로 - 교차로안,승합,남,50세,상해없음,승용,남,47세,경상
2018020300100579,2018년 2월 3일 19시,토요일,강원도 원주시 인동,경상사고,0,0,2,0,차대차 - 측면충돌,신호위반,건조,맑음,교차로 - 교차로부근,이륜,남,34세,경상,이륜,남,37세,경상
2018020300100626,2018년 2월 3일 20시,토요일,강원도 춘천시 후평동,경상사고,0,0,1,0,차대사람 - 길가장자리구역통행중,안전운전불이행,건조,맑음,단일로 - 기타,승용,여,59세,상해없음,보행자,여,41세,경상
2018020300100627,2018년 2월 3일 20시,토요일,강원도 원주시 무실동,경상사고,0,0,1,0,차대차 - 측면충돌,차로위반,건조,맑음,단일로 - 기타,승용,남,56세,상해없음,이륜,남,31세,경상
2018020300100628,2018년 2월 3일 20시,토요일,강원도 동해시 이도동,경상사고,0,0,1,0,차대차 - 측면충돌,안전운전불이행,건조,맑음,교차로 - 교차로부근,화물,남,65세,상해없음,승용,남,36세,경상
2018020300100664,2018년 2월 3일 21시,토요일,강원도 삼척시 원당동,경상사고,0,0,1,0,차대차 - 측면충돌,안전운전불이행,건조,흐림,단일로 - 기타,승용,남,57세,상해없음,이륜,남,18세,경상
2018020300100702,2018년 2월 3일 22시,토요일,강원도 속초시 조양동,경상사고,0,0,2,0,차대차 - 측면충돌,안전운전불이행,건조,맑음,단일로 - 지하차도(도로)내,승용,남,42세,상해없음,승용,여,27세,경상
2018020300100703,2018년 2월 3일 22시,토요일,강원도 철원군 동송읍,중상사고,0,1,1,0,차대사람 - 횡단중,안전운전불이행,건조,맑음,단일로 - 기타,승용,남,66세,상해없음,보행자,남,33세,중상
2018020300100704,2018년 2월 3일 22시,토요일,강원도 철원군 서면,경상사고,0,0,1,0,차대차 - 측면충돌,안전운전불이행,건조,맑음,단일로 - 기타,승용,남,25세,상해없음,승용,남,36세,경상
2018020400100063,2018년 2월 4일 03시,일요일,강원도 원주시 단계동,경상사고,0,0,1,0,차대사람 - 길가장자리구역통행중,안전운전불이행,건조,맑음,단일로 - 기타,승용,남,61세,상해없음,보행자,남,23세,경상
2018020400100080,2018년 2월 4일 04시,일요일,강원도 원주시 태장동,경상사고,0,0,3,0,차대차 - 측면충돌,신호위반,건조,맑음,교차로 - 교차로안,승용,여,27세,상해없음,화물,남,36세,경상
2018020400100324,2018년 2월 4일 16시,일요일,강원도 춘천시 온의동,경상사고,0,0,2,0,차대차 - 추돌,안전거리미확보,건조,맑음,교차로 - 교차로안,승용,남,53세,상해없음,승용,여,48세,경상
2018020400100325,2018년 2월 4일 16시,일요일,강원도 원주시 단계동,경상사고,0,0,2,0,차대차 - 측면충돌,안전운전불이행,건조,맑음,단일로 - 기타,승용,남,78세,상해없음,승용,남,27세,경상
2018020400100384,2018년 2월 4일 18시,일요일,강원도 홍천군 홍천읍,경상사고,0,0,1,0,차대차 - 추돌,안전운전불이행,건조,맑음,교차로 - 교차로부근,승용,남,18세,상해없음,승용,남,64세,경상
2018020400100502,2018년 2월 4일 22시,일요일,강원도 원주시 단구동,경상사고,0,0,2,0,차대차 - 측면충돌,안전운전불이행,건조,맑음,단일로 - 기타,승용,남,28세,상해없음,승용,남,24세,경상
2018020500100118,2018년 2월 5일 08시,월요일,강원도 춘천시 온의동,경상사고,0,0,1,0,차대차 - 추돌,안전거리미확보,건조,맑음,교차로 - 교차로안,승용,남,32세,상해없음,승용,남,61세,경상
2018020500100119,2018년 2월 5일 08시,월요일,강원도 원주시 반곡동,경상사고,0,0,2,0,차대차 - 측면충돌,직진우회전진행방해,건조,맑음,교차로 - 교차로안,승용,남,36세,상해없음,승용,남,41세,경상
2018020500100120,2018년 2월 5일 08시,월요일,강원도 원주시 개운동,경상사고,0,0,2,0,차대차 - 측면충돌,중앙선침범,젖음/습기,맑음,교차로 - 교차로부근,승용,남,19세,상해없음,승용,여,36세,경상
2018020500100121,2018년 2월 5일 08시,월요일,강원도 원주시 판부면,경상사고,0,0,2,0,차대차 - 추돌,안전운전불이행,건조,맑음,단일로 - 기타,승용,남,63세,상해없음,승용,여,24세,경상
2018020500100122,2018년 2월 5일 08시,월요일,강원도 화천군 상서면,중상사고,0,1,1,1,차대차 - 정면충돌,중앙선침범,건조,맑음,단일로 - 기타,승용,여,50세,부상신고,승용,남,38세,경상
2018020500100178,2018년 2월 5일 09시,월요일,강원도 강릉시 교동,경상사고,0,0,1,0,차대차 - 측면충돌,안전운전불이행,건조,맑음,교차로 - 교차로안,화물,남,52세,상해없음,승용,남,72세,경상
2018020500100179,2018년 2월 5일 09시,월요일,강원도 횡성군 횡성읍,경상사고,0,0,2,0,차대차 - 기타,신호위반,건조,맑음,교차로 - 교차로안,화물,남,54세,상해없음,승용,남,59세,경상
2018020500100216,2018년 2월 5일 10시,월요일,강원도 원주시 단계동,경상사고,0,0,1,0,차대차 - 측면충돌,직진우회전진행방해,건조,맑음,교차로 - 교차로안,승용,남,52세,상해없음,승용,남,31세,경상
2018020500100217,2018년 2월 5일 10시,월요일,강원도 횡성군 횡성읍,중상사고,0,1,0,0,차대사람 - 횡단중,안전운전불이행,건조,맑음,단일로 - 기타,승용,여,51세,상해없음,보행자,남,81세,중상
2018020500100280,2018년 2월 5일 12시,월요일,강원도 강릉시 대전동,중상사고,0,1,1,0,차대차 - 추돌,안전운전불이행,건조,맑음,교차로 - 교차로안,승용,남,38세,상해없음,승용,여,53세,중상
2018020500100281,2018년 2월 5일 12시,월요일,강원도 화천군 간동면,경상사고,0,0,1,0,차대차 - 정면충돌,중앙선침범,건조,맑음,단일로 - 기타,화물,남,65세,상해없음,승용,남,36세,경상
2018020500100313,2018년 2월 5일 13시,월요일,강원도 철원군 동송읍,중상사고,0,1,0,0,차대사람 - 횡단중,안전운전불이행,건조,맑음,교차로 - 교차로안,승용,여,47세,상해없음,보행자,여,80세,중상
2018020500100344,2018년 2월 5일 14시,월요일,강원도 원주시 흥업면,경상사고,0,0,1,0,차대차 - 측면충돌,안전운전불이행,건조,맑음,교차로 - 교차로안,승용,남,62세,상해없음,승용,남,59세,상해없음
2018020500100345,2018년 2월 5일 14시,월요일,강원도 삼척시 원덕읍,중상사고,0,1,0,0,차량단독 - 공작물충돌,안전운전불이행,건조,맑음,단일로 - 기타,농기계,남,83세,중상,,,,
2018020500100382,2018년 2월 5일 15시,월요일,강원도 원주시 단계동,중상사고,0,1,1,0,차대차 - 측면충돌,직진우회전진행방해,건조,맑음,교차로 - 교차로안,승용,여,40세,상해없음,승용,남,38세,중상
2018020500100383,2018년 2월 5일 15시,월요일,강원도 영월군 영월읍,중상사고,0,1,0,0,차대차 - 후진중충돌,안전운전불이행,건조,맑음,단일로 - 기타,승합,남,27세,상해없음,승용,남,37세,중상
2018020500100491,2018년 2월 5일 18시,월요일,강원도 원주시 개운동,경상사고,0,0,1,0,차대차 - 측면충돌,안전운전불이행,건조,맑음,교차로 - 교차로안,승용,여,41세,상해없음,승용,남,57세,경상
2018020500100529,2018년 2월 5일 19시,월요일,강원도 춘천시 후평동,경상사고,0,0,1,1,차대차 - 측면충돌,안전운전불이행,건조,맑음,교차로 - 교차로횡단보도내,이륜,남,18세,부상신고,승용,여,23세,경상
2018020500100559,2018년 2월 5일 20시,월요일,강원도 춘천시 동면,경상사고,0,0,2,0,차대차 - 측면충돌,중앙선침범,건조,맑음,단일로 - 기타,승용,남,56세,상해없음,화물,여,39세,경상
2018020500100560,2018년 2월 5일 20시,월요일,강원도 동해시 천곡동,중상사고,0,1,0,0,차대사람 - 횡단중,안전운전불이행,건조,맑음,교차로 - 교차로부근,승용,남,26세,상해없음,보행자,남,60세,중상
2018020500100586,2018년 2월 5일 21시,월요일,강원도 춘천시 효자동,경상사고,0,0,3,0,차대차 - 측면충돌,중앙선침범,건조,맑음,단일로 - 기타,승용,남,49세,상해없음,화물,남,37세,경상
2018020500100613,2018년 2월 5일 22시,월요일,강원도 속초시 교동,경상사고,0,0,1,0,차대차 - 추돌,안전운전불이행,건조,맑음,단일로 - 기타,승용,남,34세,상해없음,승합,남,50세,경상
2018020500100614,2018년 2월 5일 22시,월요일,강원도 동해시 천곡동,경상사고,0,0,1,0,차대차 - 후진중충돌,안전운전불이행,건조,맑음,주차장 - 주차장,화물,남,49세,상해없음,승용,남,25세,경상
2018020600100011,2018년 2월 6일 00시,화요일,강원도 강릉시 교동,경상사고,0,0,1,0,차대차 - 기타,안전운전불이행,건조,맑음,교차로 - 교차로부근,승용,남,54세,상해없음,승용,여,46세,경상
2018020600100030,2018년 2월 6일 02시,화요일,강원도 철원군 서면,사망사고,1,1,0,0,차량단독 - 공작물충돌,안전운전불이행,건조,맑음,교차로 - 교차로안,승용,남,26세,중상,,,,
2018020600100038,2018년 2월 6일 03시,화요일,강원도 강릉시 교동,경상사고,0,0,1,0,차대차 - 기타,안전운전불이행,건조,맑음,단일로 - 기타,승용,남,41세,상해없음,이륜,남,41세,경상
2018020600100052,2018년 2월 6일 05시,화요일,강원도 원주시 봉산동,경상사고,0,0,2,0,차대차 - 측면충돌,안전거리미확보,건조,맑음,단일로 - 기타,승용,남,54세,상해없음,승용,여,33세,경상
2018020600100130,2018년 2월 6일 08시,화요일,강원도 원주시 무실동,경상사고,0,0,1,0,차대차 - 정면충돌,신호위반,건조,맑음,교차로 - 교차로안,승용,여,56세,상해없음,승용,여,27세,경상
2018020600100171,2018년 2월 6일 09시,화요일,강원도 강릉시 교동,경상사고,0,0,1,0,차대차 - 측면충돌,안전운전불이행,건조,맑음,교차로 - 교차로부근,승용,여,50세,상해없음,승용,여,27세,경상
2018020600100172,2018년 2월 6일 09시,화요일,강원도 양양군 서면,중상사고,0,1,0,0,차량단독 - 공작물충돌,안전운전불이행,건조,맑음,단일로 - 터널,승용,남,25세,중상,,,,
2018020600100229,2018년 2월 6일 11시,화요일,강원도 강릉시 사천면,경상사고,0,0,2,0,차대차 - 측면충돌,안전운전불이행,건조,맑음,교차로 - 교차로부근,건설기계,남,47세,상해없음,승용,남,61세,경상
2018020600100230,2018년 2월 6일 11시,화요일,강원도 강릉시 교동,경상사고,0,0,1,0,차대차 - 기타,안전운전불이행,건조,맑음,단일로 - 기타,승용,여,65세,상해없음,승합,남,47세,상해없음
2018020600100231,2018년 2월 6일 11시,화요일,강원도 원주시 무실동,중상사고,0,1,0,0,차대차 - 기타,안전운전불이행,건조,맑음,교차로 - 교차로안,화물,남,38세,상해없음,이륜,남,35세,중상
2018020600100232,2018년 2월 6일 11시,화요일,강원도 속초시 노학동,경상사고,0,0,1,0,차대차 - 측면충돌,신호위반,건조,맑음,교차로 - 교차로안,승용,남,50세,상해없음,승용,남,60세,경상
2018020600100267,2018년 2월 6일 12시,화요일,강원도 원주시 우산동,중상사고,0,1,0,0,차대사람 - 횡단중,안전운전불이행,건조,맑음,교차로 - 교차로안,승용,남,48세,상해없음,보행자,여,83세,중상
2018020600100268,2018년 2월 6일 12시,화요일,강원도 속초시 조양동,경상사고,0,0,1,0,차대차 - 추돌,안전운전불이행,건조,맑음,단일로 - 기타,승용,남,72세,상해없음,승용,남,63세,경상
2018020600100298,2018년 2월 6일 13시,화요일,강원도 양양군 현남면,중상사고,0,3,2,0,차대차 - 측면충돌,중앙선침범,건조,맑음,단일로 - 지하차도(도로)내,승용,여,62세,상해없음,승용,남,71세,경상
2018020600100339,2018년 2월 6일 14시,화요일,강원도 원주시 소초면,경상사고,0,0,3,1,차대차 - 측면충돌,안전운전불이행,건조,맑음,단일로 - 기타,승용,여,57세,부상신고,승용,여,43세,경상
2018020600100340,2018년 2월 6일 14시,화요일,강원도 고성군 거진읍,경상사고,0,0,2,0,차대차 - 측면충돌,직진우회전진행방해,건조,맑음,교차로 - 교차로부근,승용,남,62세,상해없음,승용,남,57세,경상
2018020600100371,2018년 2월 6일 15시,화요일,강원도 속초시 도문동,중상사고,0,1,1,0,차대차 - 측면충돌,안전운전불이행,건조,맑음,교차로 - 교차로안,건설기계,남,54세,상해없음,승합,남,53세,상해없음
2018020600100397,2018년 2월 6일 16시,화요일,강원도 춘천시 효자동,중상사고,0,1,0,0,차대사람 - 기타,보행자보호의무위반,건조,맑음,단일로 - 기타,승용,여,72세,상해없음,보행자,여,47세,중상
2018020600100398,2018년 2월 6일 16시,화요일,강원도 강릉시 교동,경상사고,0,0,2,0,차대차 - 측면충돌,신호위반,건조,맑음,교차로 - 교차로안,승용,여,52세,상해없음,승용,남,51세,경상
2018020600100432,2018년 2월 6일 17시,화요일,강원도 동해시 발한동,중상사고,0,2,0,0,차대사람 - 횡단중,보행자보호의무위반,건조,맑음,교차로 - 교차로부근,승용,남,71세,상해없음,보행자,여,59세,중상
2018020600100475,2018년 2월 6일 18시,화요일,강원도 원주시 관설동,경상사고,0,0,1,0,차대차 - 추돌,안전거리미확보,건조,맑음,단일로 - 기타,승용,남,43세,상해없음,승용,남,29세,경상
2018020600100514,2018년 2월 6일 19시,화요일,강원도 원주시 단계동,경상사고,0,0,1,0,차대차 - 측면충돌,안전운전불이행,건조,맑음,교차로 - 교차로안,승용,여,56세,상해없음,승용,남,52세,경상
2018020600100515,2018년 2월 6일 19시,화요일,강원도 삼척시 남양동,경상사고,0,0,1,0,차대사람 - 횡단중,안전운전불이행,건조,맑음,단일로 - 기타,이륜,남,20세,상해없음,보행자,여,54세,경상
2018020600100551,2018년 2월 6일 20시,화요일,강원도 원주시 무실동,경상사고,0,0,3,0,차대차 - 추돌,안전운전불이행,건조,맑음,단일로 - 기타,승합,남,44세,상해없음,승용,남,39세,경상
2018020600100552,2018년 2월 6일 20시,화요일,강원도 속초시 장사동,중상사고,0,1,0,0,차대사람 - 기타,안전운전불이행,건조,맑음,주차장 - 주차장,화물,남,54세,상해없음,보행자,남,47세,중상
2018020600100577,2018년 2월 6일 21시,화요일,강원도 정선군 고한읍,경상사고,0,0,1,0,차대차 - 측면충돌,신호위반,건조,맑음,교차로 - 교차로안,승용,남,48세,상해없음,승합,남,60세,경상
2018020600100578,2018년 2월 6일 21시,화요일,강원도 동해시 천곡동,중상사고,0,1,0,0,차량단독 - 전도전복 - 전도,안전운전불이행,건조,맑음,단일로 - 기타,화물,남,39세,중상,미분류,미분류,미분류,미분류
2018020700100009,2018년 2월 7일 00시,수요일,강원도 강릉시 안현동,중상사고,0,2,1,0,차대차 - 정면충돌,중앙선침범,건조,맑음,단일로 - 고가도로위,승용,여,32세,중상,승합,남,58세,경상
2018020700100081,2018년 2월 7일 06시,수요일,강원도 강릉시 노암동,경상사고,0,0,1,0,차대차 - 측면충돌,안전운전불이행,건조,맑음,교차로 - 교차로부근,기타불명,기타불명,미분류,기타불명,자전거,남,34세,경상
2018020700100145,2018년 2월 7일 08시,수요일,강원도 화천군 사내면,경상사고,0,0,1,0,차대차 - 측면충돌,중앙선침범,건조,맑음,단일로 - 기타,승용,여,67세,상해없음,화물,남,48세,경상
2018020700100188,2018년 2월 7일 09시,수요일,강원도 동해시 발한동,경상사고,0,0,3,0,차대차 - 측면충돌,직진우회전진행방해,건조,맑음,교차로 - 교차로안,승합,여,58세,상해없음,화물,남,44세,경상
2018020700100248,2018년 2월 7일 11시,수요일,강원도 태백시 황지동,경상사고,0,0,1,0,차대사람 - 길가장자리구역통행중,안전운전불이행,건조,맑음,단일로 - 기타,승용,여,44세,상해없음,보행자,남,51세,경상
2018020700100249,2018년 2월 7일 11시,수요일,강원도 횡성군 횡성읍,경상사고,0,0,2,0,차대차 - 기타,안전운전불이행,건조,맑음,교차로 - 교차로안,승용,여,56세,상해없음,승용,남,33세,경상
2018020700100275,2018년 2월 7일 12시,수요일,강원도 평창군 대관령면,경상사고,0,0,4,0,차대차 - 측면충돌,안전운전불이행,건조,맑음,교차로 - 교차로안,승합,남,57세,상해없음,승합,남,26세,경상
2018020700100305,2018년 2월 7일 13시,수요일,강원도 속초시 장사동,중상사고,0,2,0,0,차대차 - 추돌,안전운전불이행,건조,맑음,단일로 - 기타,승용,남,56세,상해없음,승용,여,64세,중상
2018020700100334,2018년 2월 7일 14시,수요일,강원도 원주시 단구동,중상사고,0,1,4,0,차대차 - 측면충돌,안전운전불이행,건조,맑음,교차로 - 교차로안,승용,여,37세,상해없음,화물,남,64세,경상
2018020700100368,2018년 2월 7일 15시,수요일,강원도 강릉시 교동,경상사고,0,0,2,0,차대차 - 추돌,안전운전불이행,건조,맑음,단일로 - 기타,승용,남,55세,상해없음,승용,남,50세,경상
2018020700100403,2018년 2월 7일 16시,수요일,강원도 양구군 동면,중상사고,0,1,1,0,차대차 - 측면충돌,교차로운행방법위반,건조,맑음,교차로 - 교차로안,승용,남,26세,상해없음,승용,여,53세,중상
2018020700100404,2018년 2월 7일 16시,수요일,강원도 양구군 양구읍,경상사고,0,0,1,1,차대차 - 측면충돌,안전운전불이행,건조,맑음,주차장 - 주차장,화물,남,61세,상해없음,승용,남,56세,상해없음
2018020700100441,2018년 2월 7일 17시,수요일,강원도 원주시 학성동,중상사고,0,2,1,0,차대차 - 정면충돌,안전운전불이행,건조,맑음,단일로 - 기타,화물,남,37세,상해없음,승용,여,56세,중상
2018020700100550,2018년 2월 7일 19시,수요일,강원도 춘천시 효자동,경상사고,0,0,1,0,차대차 - 추돌,안전거리미확보,건조,맑음,단일로 - 기타,승용,남,38세,상해없음,승용,여,46세,경상
2018020700100551,2018년 2월 7일 19시,수요일,강원도 원주시 단구동,경상사고,0,0,3,0,차대사람 - 횡단중,안전운전불이행,건조,맑음,교차로 - 교차로안,승용,여,46세,기타불명,보행자,남,42세,경상
2018020700100552,2018년 2월 7일 19시,수요일,강원도 평창군 대관령면,중상사고,0,1,0,0,차대사람 - 기타,안전운전불이행,건조,맑음,단일로 - 기타,승용,여,29세,상해없음,보행자,남,56세,중상
2018020700100599,2018년 2월 7일 20시,수요일,강원도 강릉시 옥천동,경상사고,0,0,5,0,차대차 - 추돌,안전운전불이행,건조,맑음,단일로 - 기타,승용,남,57세,상해없음,승용,남,50세,경상
2018020700100636,2018년 2월 7일 21시,수요일,강원도 원주시 단구동,경상사고,0,0,1,0,차대차 - 추돌,안전거리미확보,건조,맑음,교차로 - 교차로부근,승용,남,37세,상해없음,승용,남,64세,경상
2018020700100637,2018년 2월 7일 21시,수요일,강원도 원주시 무실동,경상사고,0,0,1,0,차대차 - 측면충돌,신호위반,건조,맑음,교차로 - 교차로안,승용,남,36세,상해없음,승용,남,53세,경상
2018020700100665,2018년 2월 7일 22시,수요일,강원도 원주시 무실동,경상사고,0,0,4,0,차대차 - 측면충돌,안전운전불이행,건조,맑음,단일로 - 기타,승용,여,33세,상해없음,승용,남,52세,경상
2018020800100014,2018년 2월 8일 00시,목요일,강원도 태백시 황지동,경상사고,0,0,1,0,차대차 - 측면충돌,안전운전불이행,건조,맑음,단일로 - 기타,승용,남,49세,상해없음,승용,여,57세,경상
2018020800100082,2018년 2월 8일 06시,목요일,강원도 강릉시 대전동,경상사고,0,0,1,0,차대차 - 기타,안전운전불이행,건조,맑음,교차로 - 교차로안,승용,남,66세,상해없음,승용,남,37세,경상
2018020800100107,2018년 2월 8일 07시,목요일,강원도 원주시 단계동,경상사고,0,0,2,0,차대차 - 추돌,안전운전불이행,건조,맑음,단일로 - 기타,이륜,남,65세,상해없음,승용,남,51세,경상
2018020800100143,2018년 2월 8일 08시,목요일,강원도 원주시 단계동,경상사고,0,0,1,0,차대차 - 추돌,안전운전불이행,건조,맑음,교차로 - 교차로부근,승용,남,51세,상해없음,승용,여,40세,경상
2018020800100144,2018년 2월 8일 08시,목요일,강원도 원주시 단계동,경상사고,0,0,2,0,차대차 - 추돌,안전거리미확보,젖음/습기,맑음,교차로 - 교차로부근,승용,남,43세,상해없음,승용,여,41세,경상
2018020800100194,2018년 2월 8일 09시,목요일,강원도 원주시 우산동,경상사고,0,0,1,0,차대차 - 측면충돌,안전운전불이행,건조,맑음,단일로 - 기타,승용,여,49세,상해없음,승용,여,25세,상해없음
2018020800100230,2018년 2월 8일 10시,목요일,강원도 춘천시 동면,중상사고,0,1,3,0,차대차 - 추돌,안전거리미확보,건조,맑음,단일로 - 기타,승용,여,55세,상해없음,승용,남,56세,경상
2018020800100231,2018년 2월 8일 10시,목요일,강원도 원주시 학성동,중상사고,0,1,0,0,차대차 - 측면충돌,안전운전불이행,건조,맑음,교차로 - 교차로부근,승용,남,66세,상해없음,자전거,남,80세,중상
2018020800100262,2018년 2월 8일 11시,목요일,강원도 태백시 황지동,경상사고,0,0,1,0,차대차 - 측면충돌,교차로운행방법위반,건조,맑음,교차로 - 교차로안,승합,남,63세,상해없음,자전거,남,75세,경상
2018020800100297,2018년 2월 8일 12시,목요일,강원도 강릉시 회산동,경상사고,0,0,1,0,차대차 - 측면충돌,안전운전불이행,건조,맑음,교차로 - 교차로안,승용,남,44세,상해없음,승용,남,25세,경상
2018020800100298,2018년 2월 8일 12시,목요일,강원도 동해시 천곡동,중상사고,0,1,2,0,차대차 - 측면충돌,직진우회전진행방해,건조,맑음,교차로 - 교차로안,승용,남,23세,상해없음,승합,남,47세,경상
2018020800100330,2018년 2월 8일 13시,목요일,강원도 영월군 북면,중상사고,0,1,0,0,차대차 - 측면충돌,안전운전불이행,건조,맑음,단일로 - 기타,승용,남,74세,상해없음,승용,여,65세,중상
2018020800100406,2018년 2월 8일 15시,목요일,강원도 강릉시 옥천동,중상사고,0,1,0,0,차대사람 - 기타,보행자보호의무위반,건조,맑음,교차로 - 교차로횡단보도내,승용,남,25세,상해없음,보행자,여,56세,중상
2018020800100407,2018년 2월 8일 15시,목요일,강원도 강릉시 남문동,경상사고,0,0,1,0,차대차 - 정면충돌,안전운전불이행,건조,맑음,교차로 - 교차로안,승용,여,78세,상해없음,승용,여,41세,경상
2018020800100452,2018년 2월 8일 16시,목요일,강원도 춘천시 죽림동,경상사고,0,0,1,0,차대사람 - 기타,안전운전불이행,건조,맑음,단일로 - 기타,승용,남,67세,상해없음,보행자,남,49세,경상
2018020800100453,2018년 2월 8일 16시,목요일,강원도 강릉시 교동,경상사고,0,0,1,0,차대차 - 측면충돌,안전운전불이행,건조,맑음,단일로 - 기타,승용,여,27세,상해없음,승합,여,41세,경상
2018020800100454,2018년 2월 8일 16시,목요일,강원도 강릉시 남문동,중상사고,0,1,0,0,차대차 - 측면충돌,신호위반,건조,맑음,교차로 - 교차로안,승용,여,45세,상해없음,자전거,남,87세,중상
2018020800100455,2018년 2월 8일 16시,목요일,강원도 평창군 방림면,경상사고,0,0,1,0,차대차 - 추돌,안전운전불이행,건조,맑음,단일로 - 기타,승용,여,32세,상해없음,승용,여,61세,경상
2018020800100491,2018년 2월 8일 17시,목요일,강원도 속초시 조양동,경상사고,0,0,1,0,차대차 - 측면충돌,신호위반,건조,맑음,교차로 - 교차로안,화물,여,59세,상해없음,승용,여,58세,경상