사고번호,사고일시,요일,시군구,사고내용,사망자수,중상자수,경상자수,부상신고자수,사고유형,법규위반,노면상태,기상상태,도로형태,가해운전자 차종,가해운전자 성별,가해운전자 연령,가해운전자 상해정도,피해운전자 차종,피해운전자 성별,피해운전자 연령,피해운전자 상해정도
2018022800100742,2018년 2월 28일 23시,수요일,강원도 강릉시 교동,경상사고,0,0,2,0,차대차 - 측면충돌,신호위반,젖음/습기,비,교차로 - 교차로안,승용,남,28세,상해없음,승용,남,60세,경상
2018022800100743,2018년 2월 28일 23시,수요일,강원도 원주시 무실동,경상사고,0,0,2,0,차대차 - 측면충돌,신호위반,건조,맑음,교차로 - 교차로안,승용,여,46세,상해없음,승용,남,56세,경상
2018030100100104,2018년 3월 1일 05시,목요일,강원도 원주시 단계동,경상사고,0,0,4,0,차대차 - 추돌,안전운전불이행,젖음/습기,비,교차로 - 교차로부근,승합,남,61세,상해없음,승용,남,24세,경상
2018030100100140,2018년 3월 1일 08시,목요일,강원도 춘천시 남산면,중상사고,0,2,0,0,차대차 - 측면충돌,안전운전불이행,건조,맑음,단일로 - 기타,승합,남,54세,상해없음,승용,남,31세,중상
2018030100100141,2018년 3월 1일 08시,목요일,강원도 화천군 화천읍,중상사고,0,1,1,0,차대차 - 측면충돌,안전운전불이행,적설,눈,단일로 - 기타,승용,남,32세,상해없음,승합,남,70세,경상
2018030100100209,2018년 3월 1일 12시,목요일,강원도 강릉시 옥계면,경상사고,0,0,2,0,차대차 - 정면충돌,중앙선침범,젖음/습기,맑음,단일로 - 기타,승용,남,60세,상해없음,승용,남,59세,경상
2018030100100267,2018년 3월 1일 14시,목요일,강원도 원주시 단구동,경상사고,0,0,1,0,차대차 - 측면충돌,신호위반,건조,맑음,교차로 - 교차로부근,이륜,남,34세,상해없음,승용,남,64세,경상
2018030100100292,2018년 3월 1일 15시,목요일,강원도 평창군 용평면,경상사고,0,0,1,0,차대차 - 측면충돌,안전운전불이행,기타,맑음,단일로 - 기타,승용,남,49세,상해없음,승용,남,51세,경상
2018030100100321,2018년 3월 1일 16시,목요일,강원도 춘천시 소양로4가,경상사고,0,0,1,0,차대차 - 측면충돌,직진우회전진행방해,건조,맑음,교차로 - 교차로안,승용,남,58세,상해없음,승용,남,25세,상해없음
2018030100100322,2018년 3월 1일 16시,목요일,강원도 양양군 서면,경상사고,0,0,1,0,차대사람 - 기타,안전운전불이행,적설,맑음,단일로 - 기타,승용,남,68세,상해없음,보행자,남,66세,경상
2018030100100355,2018년 3월 1일 17시,목요일,강원도 춘천시 근화동,경상사고,0,0,1,1,차대차 - 측면충돌,신호위반,건조,맑음,교차로 - 교차로안,승용,여,22세,상해없음,승용,여,57세,경상
2018030100100382,2018년 3월 1일 18시,목요일,강원도 춘천시 동면,중상사고,0,1,0,0,차대차 - 기타,안전운전불이행,건조,맑음,교차로 - 교차로부근,승용,여,36세,상해없음,이륜,남,24세,중상
2018030100100479,2018년 3월 1일 22시,목요일,강원도 속초시 교동,경상사고,0,0,1,0,차대차 - 추돌,안전운전불이행,건조,맑음,단일로 - 기타,승용,남,49세,상해없음,승용,남,41세,경상
2018030200100087,2018년 3월 2일 08시,금요일,강원도 춘천시 퇴계동,중상사고,0,1,1,0,차대차 - 측면충돌,안전운전불이행,건조,맑음,단일로 - 기타,승용,남,32세,상해없음,승용,여,57세,경상
2018030200100088,2018년 3월 2일 08시,금요일,강원도 원주시 소초면,경상사고,0,0,2,0,차대차 - 측면충돌,안전운전불이행,건조,맑음,교차로 - 교차로안,승용,남,67세,경상,승용,여,56세,경상
2018030200100089,2018년 3월 2일 08시,금요일,강원도 원주시 단계동,경상사고,0,0,1,0,차대사람 - 횡단중,보행자보호의무위반,건조,맑음,단일로 - 기타,승용,남,55세,상해없음,보행자,여,14세,경상
2018030200100120,2018년 3월 2일 09시,금요일,강원도 홍천군 북방면,경상사고,0,0,1,0,차대차 - 기타,교차로운행방법위반,건조,맑음,교차로 - 교차로안,승용,남,30세,상해없음,승용,남,55세,경상
2018030200100181,2018년 3월 2일 11시,금요일,강원도 원주시 단구동,경상사고,0,0,1,0,차대차 - 추돌,안전거리미확보,건조,맑음,단일로 - 기타,승용,여,48세,상해없음,승용,여,41세,경상
2018030200100316,2018년 3월 2일 15시,금요일,강원도 삼척시 남양동,경상사고,0,0,1,0,차대사람 - 횡단중,안전운전불이행,건조,맑음,단일로 - 기타,승용,남,59세,상해없음,보행자,남,79세,경상
2018030200100317,2018년 3월 2일 15시,금요일,강원도 태백시 화전동,경상사고,0,0,6,0,차대차 - 측면충돌,차로위반,젖음/습기,맑음,단일로 - 기타,화물,남,59세,상해없음,승용,여,41세,경상
2018030200100364,2018년 3월 2일 16시,금요일,강원도 강릉시 회산동,경상사고,0,0,2,0,차대차 - 측면충돌,안전운전불이행,건조,맑음,교차로 - 교차로안,승용,여,48세,상해없음,승용,남,56세,경상
2018030200100409,2018년 3월 2일 17시,금요일,강원도 원주시 문막읍,경상사고,0,0,1,0,차대차 - 측면충돌,안전운전불이행,건조,흐림,교차로 - 교차로안,승용,남,23세,상해없음,승용,남,67세,경상
2018030200100454,2018년 3월 2일 18시,금요일,강원도 춘천시 석사동,경상사고,0,0,1,0,차대차 - 추돌,안전운전불이행,건조,맑음,단일로 - 기타,승용,남,42세,상해없음,승용,여,29세,경상
2018030200100455,2018년 3월 2일 18시,금요일,강원도 강릉시 교동,경상사고,0,0,1,0,차대차 - 측면충돌,안전운전불이행,건조,맑음,교차로 - 교차로안,승합,여,59세,상해없음,승용,남,38세,경상
2018030200100456,2018년 3월 2일 18시,금요일,강원도 속초시 영랑동,중상사고,0,1,0,0,차대차 - 측면충돌,안전운전불이행,건조,맑음,교차로 - 교차로안,승용,남,28세,상해없음,이륜,남,65세,중상
2018030200100491,2018년 3월 2일 19시,금요일,강원도 춘천시 퇴계동,경상사고,0,0,1,0,차대차 - 기타,안전거리미확보,건조,맑음,단일로 - 기타,승용,남,69세,상해없음,승용,남,61세,경상
2018030200100492,2018년 3월 2일 19시,금요일,강원도 강릉시 교동,중상사고,0,1,4,0,차대차 - 기타,안전운전불이행,건조,맑음,단일로 - 기타,승용,남,34세,상해없음,승용,남,63세,경상
2018030200100493,2018년 3월 2일 19시,금요일,강원도 강릉시 주문진읍,경상사고,0,0,1,0,차대차 - 추돌,안전운전불이행,건조,맑음,단일로 - 기타,승용,여,50세,기타불명,승용,남,67세,경상
2018030200100494,2018년 3월 2일 19시,금요일,강원도 원주시 학성동,경상사고,0,0,1,0,차대차 - 측면충돌,불법유턴,건조,맑음,단일로 - 기타,승용,여,57세,상해없음,승용,여,56세,경상
2018030200100556,2018년 3월 2일 21시,금요일,강원도 원주시 개운동,경상사고,0,0,2,0,차대차 - 측면충돌,신호위반,건조,맑음,교차로 - 교차로안,승용,남,58세,상해없음,승용,여,60세,경상
2018030200100582,2018년 3월 2일 22시,금요일,강원도 강릉시 안현동,경상사고,0,0,1,0,차대차 - 기타,안전운전불이행,건조,맑음,단일로 - 기타,기타불명,남,62세,상해없음,승용,남,38세,경상
2018030300100007,2018년 3월 3일 00시,토요일,강원도 원주시 우산동,경상사고,0,0,1,0,차대사람 - 길가장자리구역통행중,안전운전불이행,건조,맑음,단일로 - 기타,승용,남,37세,상해없음,보행자,남,21세,경상
2018030300100008,2018년 3월 3일 00시,토요일,강원도 양양군 현남면,경상사고,0,0,1,0,차대차 - 기타,신호위반,건조,맑음,교차로 - 교차로안,기타불명,기타불명,미분류,기타불명,승용,남,21세,경상
2018030300100024,2018년 3월 3일 01시,토요일,강원도 원주시 우산동,중상사고,0,2,0,0,차대차 - 추돌,기타,건조,맑음,단일로 - 기타,승용,남,21세,중상,화물,남,60세,기타불명
2018030300100127,2018년 3월 3일 10시,토요일,강원도 강릉시 옥천동,경상사고,0,0,1,0,차대사람 - 기타,안전운전불이행,건조,맑음,단일로 - 기타,승용,남,77세,상해없음,보행자,여,25세,경상
2018030300100128,2018년 3월 3일 10시,토요일,강원도 원주시 호저면,경상사고,0,0,1,0,차대차 - 측면충돌,안전운전불이행,건조,맑음,단일로 - 기타,승용,여,65세,상해없음,승용,여,33세,경상
2018030300100157,2018년 3월 3일 11시,토요일,강원도 양양군 서면,중상사고,0,1,0,0,차대차 - 측면충돌,직진우회전진행방해,건조,맑음,교차로 - 교차로안,승용,남,23세,상해없음,승용,남,57세,중상
2018030300100213,2018년 3월 3일 13시,토요일,강원도 춘천시 근화동,중상사고,0,1,1,0,차대사람 - 횡단중,안전운전불이행,건조,맑음,교차로 - 교차로횡단보도내,승용,남,70세,상해없음,보행자,남,74세,중상
2018030300100300,2018년 3월 3일 16시,토요일,강원도 원주시 일산동,중상사고,0,1,1,0,차대사람 - 횡단중,보행자보호의무위반,건조,맑음,교차로 - 교차로부근,승용,남,68세,상해없음,보행자,여,37세,경상
2018030300100324,2018년 3월 3일 17시,토요일,강원도 강릉시 강동면,경상사고,0,0,1,0,차대차 - 측면충돌,중앙선침범,건조,맑음,단일로 - 기타,승용,남,65세,상해없음,승용,남,25세,경상
2018030300100325,2018년 3월 3일 17시,토요일,강원도 강릉시 노암동,중상사고,0,1,0,0,차대차 - 측면충돌,안전운전불이행,건조,맑음,기타 - 기타,승용,남,45세,상해없음,자전거,남,50세,중상
2018030300100392,2018년 3월 3일 19시,토요일,강원도 춘천시 후평동,경상사고,0,0,1,0,차대차 - 기타,중앙선침범,건조,맑음,단일로 - 기타,자전거,남,13세,상해없음,이륜,남,22세,경상
2018030300100393,2018년 3월 3일 19시,토요일,강원도 강릉시 옥계면,경상사고,0,0,1,0,차대차 - 후진중충돌,안전운전불이행,건조,맑음,교차로 - 교차로안,화물,남,65세,상해없음,화물,남,63세,경상
2018030300100394,2018년 3월 3일 19시,토요일,강원도 고성군 간성읍,부상신고사고,0,0,0,1,차대사람 - 차도통행중,안전운전불이행,건조,맑음,기타 - 기타,기타불명,기타불명,미분류,기타불명,보행자,남,67세,부상신고
2018030400100221,2018년 3월 4일 15시,일요일,강원도 강릉시 포남동,경상사고,0,0,1,0,차대차 - 기타,안전운전불이행,건조,맑음,교차로 - 교차로안,승용,남,27세,상해없음,승용,여,52세,경상
2018030400100263,2018년 3월 4일 17시,일요일,강원도 평창군 대화면,사망사고,1,0,0,0,차대차 - 정면충돌,중앙선침범,건조,맑음,단일로 - 기타,이륜,남,60세,사망,승용,여,56세,상해없음
2018030400100264,2018년 3월 4일 17시,일요일,강원도 동해시 쇄운동,중상사고,0,1,0,0,차대사람 - 기타,기타,건조,맑음,단일로 - 기타,승용,남,54세,상해없음,보행자,남,73세,중상
2018030400100284,2018년 3월 4일 18시,일요일,강원도 강릉시 내곡동,사망사고,1,0,0,0,차대사람 - 횡단중,과속,건조,흐림,단일로 - 기타,승용,남,38세,상해없음,보행자,남,62세,사망
2018030400100285,2018년 3월 4일 18시,일요일,강원도 원주시 태장동,경상사고,0,0,3,0,차대차 - 추돌,안전운전불이행,건조,맑음,교차로 - 교차로부근,승용,남,56세,상해없음,승용,여,39세,경상
2018030400100335,2018년 3월 4일 20시,일요일,강원도 강릉시 포남동,경상사고,0,0,2,0,차대차 - 측면충돌,안전운전불이행,젖음/습기,비,교차로 - 교차로안,승용,남,37세,상해없음,승용,여,46세,경상
2018030400100336,2018년 3월 4일 20시,일요일,강원도 홍천군 북방면,사망사고,3,4,1,0,차대차 - 추돌,안전운전불이행,젖음/습기,비,단일로 - 교량,승용,남,45세,중상,승용,남,23세,사망
2018030400100414,2018년 3월 4일 22시,일요일,강원도 강릉시 포남동,경상사고,0,0,2,0,차대사람 - 횡단중,안전운전불이행,젖음/습기,비,교차로 - 교차로부근,승용,남,64세,상해없음,보행자,여,21세,경상
2018030400100415,2018년 3월 4일 22시,일요일,강원도 속초시 대포동,경상사고,0,0,1,0,차대차 - 추돌,안전운전불이행,젖음/습기,비,단일로 - 기타,승용,남,52세,상해없음,승용,남,40세,경상
2018030400100416,2018년 3월 4일 22시,일요일,강원도 영월군 영월읍,부상신고사고,0,0,0,2,차대차 - 측면충돌,안전운전불이행,젖음/습기,비,단일로 - 기타,승용,남,54세,상해없음,승용,남,51세,부상신고
2018030400100450,2018년 3월 4일 23시,일요일,강원도 원주시 단계동,부상신고사고,0,0,0,1,차대차 - 측면충돌,안전운전불이행,젖음/습기,비,교차로 - 교차로안,화물,남,50세,상해없음,승용,남,24세,부상신고
2018030500100154,2018년 3월 5일 09시,월요일,강원도 춘천시 후평동,경상사고,0,0,1,0,차대차 - 추돌,안전거리미확보,건조,맑음,단일로 - 기타,승용,여,54세,상해없음,승용,남,47세,경상
2018030500100155,2018년 3월 5일 09시,월요일,강원도 고성군 간성읍,경상사고,0,0,1,0,차량단독 - 전도전복 - 전도,안전운전불이행,서리/결빙,눈,단일로 - 기타,승합,남,40세,상해없음,미분류,미분류,미분류,미분류
2018030500100175,2018년 3월 5일 10시,월요일,강원도 강릉시 홍제동,경상사고,0,0,1,0,차대차 - 측면충돌,신호위반,적설,비,교차로 - 교차로안,승용,남,43세,상해없음,승용,여,58세,경상
2018030500100176,2018년 3월 5일 10시,월요일,강원도 원주시 문막읍,중상사고,0,1,0,0,차대차 - 측면충돌,신호위반,젖음/습기,맑음,교차로 - 교차로안,이륜,남,52세,중상,승용,남,60세,상해없음
2018030500100230,2018년 3월 5일 12시,월요일,강원도 원주시 신림면,중상사고,0,1,0,0,차대차 - 측면충돌,안전운전불이행,건조,맑음,단일로 - 기타,화물,남,63세,상해없음,승용,여,78세,중상
2018030500100262,2018년 3월 5일 13시,월요일,강원도 춘천시 소양로3가,중상사고,0,1,0,0,차대사람 - 횡단중,불법유턴,건조,맑음,단일로 - 기타,승용,남,48세,상해없음,보행자,남,60세,중상
2018030500100346,2018년 3월 5일 16시,월요일,강원도 춘천시 근화동,중상사고,0,1,0,0,차대차 - 추돌,안전거리미확보,건조,맑음,단일로 - 기타,화물,남,65세,상해없음,승용,여,59세,중상
2018030500100374,2018년 3월 5일 17시,월요일,강원도 원주시 우산동,중상사고,0,1,0,0,차대차 - 측면충돌,안전운전불이행,건조,맑음,교차로 - 교차로안,화물,남,50세,상해없음,자전거,남,87세,중상
2018030500100442,2018년 3월 5일 19시,월요일,강원도 강릉시 주문진읍,경상사고,0,0,1,0,차대차 - 기타,안전운전불이행,건조,맑음,단일로 - 기타,기타불명,기타불명,미분류,기타불명,승합,남,55세,상해없음
2018030500100443,2018년 3월 5일 19시,월요일,강원도 원주시 반곡동,경상사고,0,0,2,0,차대차 - 측면충돌,안전운전불이행,건조,맑음,교차로 - 교차로안,승용,여,62세,상해없음,승용,여,43세,경상
2018030500100444,2018년 3월 5일 19시,월요일,강원도 인제군 북면,중상사고,0,1,0,0,차대사람 - 횡단중,과속,건조,맑음,단일로 - 기타,승용,남,21세,상해없음,보행자,여,57세,중상
2018030500100489,2018년 3월 5일 21시,월요일,강원도 횡성군 횡성읍,중상사고,0,1,0,0,차대사람 - 보도통행중,보행자보호의무위반,건조,맑음,교차로 - 교차로횡단보도내,승용,남,47세,상해없음,보행자,남,59세,중상
2018030500100518,2018년 3월 5일 22시,월요일,강원도 홍천군 화촌면,중상사고,0,1,3,0,차대차 - 기타,중앙선침범,건조,맑음,단일로 - 기타,승용,남,62세,상해없음,승용,남,63세,중상
2018030500100536,2018년 3월 5일 23시,월요일,강원도 원주시 관설동,중상사고,0,1,0,0,차대사람 - 횡단중,안전운전불이행,건조,흐림,교차로 - 교차로안,승용,여,45세,상해없음,보행자,여,63세,중상
2018030600100045,2018년 3월 6일 04시,화요일,강원도 동해시 부곡동,중상사고,0,1,0,0,차대사람 - 횡단중,안전운전불이행,건조,맑음,교차로 - 교차로부근,승용,여,58세,상해없음,보행자,남,61세,중상
2018030600100114,2018년 3월 6일 08시,화요일,강원도 춘천시 효자동,경상사고,0,0,1,0,차대차 - 측면충돌,안전운전불이행,건조,맑음,교차로 - 교차로부근,승용,남,69세,상해없음,승용,여,29세,경상
2018030600100115,2018년 3월 6일 08시,화요일,강원도 원주시 문막읍,경상사고,0,0,1,0,차대차 - 측면충돌,안전운전불이행,건조,맑음,교차로 - 교차로안,승합,남,69세,상해없음,승용,여,38세,경상
2018030600100147,2018년 3월 6일 09시,화요일,강원도 춘천시 효자동,경상사고,0,0,2,0,차대차 - 측면충돌,교차로운행방법위반,건조,맑음,교차로 - 교차로부근,승합,남,44세,상해없음,승용,남,51세,상해없음
2018030600100148,2018년 3월 6일 09시,화요일,강원도 속초시 조양동,경상사고,0,0,4,0,차대차 - 측면충돌,신호위반,건조,맑음,교차로 - 교차로안,승용,남,55세,상해없음,승용,여,29세,경상
2018030600100149,2018년 3월 6일 09시,화요일,강원도 고성군 간성읍,경상사고,0,0,1,0,차대차 - 측면충돌,교차로운행방법위반,건조,맑음,교차로 - 교차로안,승용,남,60세,상해없음,승용,남,29세,경상
2018030600100188,2018년 3월 6일 11시,화요일,강원도 태백시 황지동,경상사고,0,0,2,0,차대차 - 측면충돌,신호위반,건조,맑음,교차로 - 교차로안,승용,여,61세,상해없음,승용,남,58세,경상
2018030600100285,2018년 3월 6일 15시,화요일,강원도 춘천시 퇴계동,경상사고,0,0,1,0,차대차 - 측면충돌,교차로운행방법위반,건조,맑음,교차로 - 교차로안,승용,남,45세,상해없음,승용,남,59세,경상
2018030600100286,2018년 3월 6일 15시,화요일,강원도 홍천군 홍천읍,경상사고,0,0,1,0,차대사람 - 기타,안전운전불이행,건조,맑음,단일로 - 기타,승용,여,62세,상해없음,보행자,여,63세,경상
2018030600100385,2018년 3월 6일 18시,화요일,강원도 원주시 평원동,부상신고사고,0,0,0,1,차대사람 - 기타,안전운전불이행,건조,맑음,단일로 - 기타,기타불명,기타불명,미분류,기타불명,보행자,남,50세,부상신고
2018030600100423,2018년 3월 6일 19시,화요일,강원도 원주시 관설동,경상사고,0,0,1,0,차대사람 - 차도통행중,안전운전불이행,건조,맑음,교차로 - 교차로부근,승용,남,37세,상해없음,보행자,남,40세,경상
2018030700100010,2018년 3월 7일 00시,수요일,강원도 원주시 단계동,경상사고,0,0,1,0,차량단독 - 공작물충돌,안전운전불이행,건조,맑음,교차로 - 교차로안,승용,남,57세,상해없음,,,,
2018030700100026,2018년 3월 7일 01시,수요일,강원도 강릉시 교동,경상사고,0,0,1,0,차대사람 - 차도통행중,안전운전불이행,건조,맑음,단일로 - 기타,승용,남,37세,상해없음,보행자,여,47세,경상
2018030700100027,2018년 3월 7일 01시,수요일,강원도 원주시 판부면,중상사고,0,1,1,0,차대차 - 측면충돌,안전운전불이행,건조,맑음,단일로 - 기타,승용,여,27세,경상,건설기계,남,40세,상해없음
2018030700100079,2018년 3월 7일 07시,수요일,강원도 고성군 토성면,부상신고사고,0,0,0,1,차량단독 - 전도전복 - 전도,안전운전불이행,건조,맑음,기타 - 기타,승용,남,25세,부상신고,미분류,미분류,미분류,미분류
2018030700100099,2018년 3월 7일 08시,수요일,강원도 동해시 발한동,중상사고,0,1,1,0,차대차 - 측면충돌,불법유턴,건조,맑음,단일로 - 기타,이륜,남,83세,중상,이륜,남,68세,경상
2018030700100126,2018년 3월 7일 09시,수요일,강원도 춘천시 후평동,경상사고,0,0,1,0,차대차 - 측면충돌,안전운전불이행,건조,맑음,교차로 - 교차로부근,승용,남,51세,상해없음,승용,여,57세,경상
2018030700100151,2018년 3월 7일 10시,수요일,강원도 동해시 효가동,경상사고,0,0,1,0,차대차 - 측면충돌,중앙선침범,건조,맑음,교차로 - 교차로부근,화물,남,51세,상해없음,승용,남,53세,경상
2018030700100212,2018년 3월 7일 13시,수요일,강원도 원주시 우산동,경상사고,0,0,1,0,차대사람 - 길가장자리구역통행중,안전운전불이행,건조,맑음,단일로 - 기타,승용,남,75세,상해없음,보행자,여,69세,경상
2018030700100232,2018년 3월 7일 14시,수요일,강원도 양양군 현남면,경상사고,0,0,1,0,차대차 - 측면충돌,신호위반,건조,맑음,교차로 - 교차로안,승용,여,47세,상해없음,화물,남,48세,경상
2018030700100286,2018년 3월 7일 16시,수요일,강원도 춘천시 동면,중상사고,0,1,0,0,차대차 - 측면충돌,안전운전불이행,건조,맑음,교차로 - 교차로안,승용,남,54세,상해없음,승용,여,60세,중상
2018030700100318,2018년 3월 7일 17시,수요일,강원도 원주시 단구동,경상사고,0,0,1,0,차대차 - 측면충돌,안전운전불이행,건조,맑음,단일로 - 기타,승용,남,62세,상해없음,승용,남,66세,경상
2018030700100345,2018년 3월 7일 18시,수요일,강원도 강릉시 교동,경상사고,0,0,1,0,차대차 - 기타,안전운전불이행,젖음/습기,비,교차로 - 교차로안,승용,여,46세,상해없음,화물,남,54세,경상
2018030700100346,2018년 3월 7일 18시,수요일,강원도 강릉시 옥천동,중상사고,0,1,0,0,차량단독 - 기타,안전운전불이행,건조,맑음,교차로 - 교차로부근,승합,남,61세,상해없음,,,,
2018030700100460,2018년 3월 7일 21시,수요일,강원도 춘천시 석사동,경상사고,0,0,2,0,차대차 - 기타,교차로운행방법위반,건조,맑음,교차로 - 교차로안,승용,여,35세,상해없음,승용,남,42세,경상
2018030700100511,2018년 3월 7일 22시,수요일,강원도 원주시 단계동,경상사고,0,0,1,0,차대차 - 측면충돌,교차로운행방법위반,건조,맑음,교차로 - 교차로안,승용,남,29세,상해없음,승용,남,57세,경상
2018030700100512,2018년 3월 7일 22시,수요일,강원도 홍천군 화촌면,경상사고,0,0,7,0,차대차 - 측면충돌,안전거리미확보,건조,맑음,단일로 - 기타,승용,남,63세,상해없음,승합,남,47세,경상
2018030800100119,2018년 3월 8일 07시,목요일,강원도 춘천시 교동,경상사고,0,0,1,0,차대사람 - 횡단중,보행자보호의무위반,젖음/습기,비,교차로 - 교차로횡단보도내,기타불명,기타불명,미분류,기타불명,보행자,여,16세,경상
2018030800100120,2018년 3월 8일 07시,목요일,강원도 삼척시 미로면,경상사고,0,0,1,0,차대차 - 측면충돌,안전운전불이행,적설,눈,단일로 - 기타,승용,남,56세,상해없음,승용,남,58세,경상
2018030800100153,2018년 3월 8일 08시,목요일,강원도 원주시 무실동,경상사고,0,0,2,0,차대차 - 측면충돌,신호위반,적설,눈,교차로 - 교차로안,승용,여,52세,상해없음,승용,남,37세,경상
2018030800100154,2018년 3월 8일 08시,목요일,강원도 홍천군 홍천읍,경상사고,0,0,1,0,차대차 - 측면충돌,직진우회전진행방해,젖음/습기,비,교차로 - 교차로안,승용,남,55세,상해없음,승용,남,54세,경상
2018030800100208,2018년 3월 8일 10시,목요일,강원도 춘천시 낙원동,경상사고,0,0,1,0,차대차 - 측면충돌,신호위반,젖음/습기,흐림,교차로 - 교차로안,승용,남,71세,상해없음,승용,남,70세,경상
2018030800100230,2018년 3월 8일 11시,목요일,강원도 춘천시 퇴계동,경상사고,0,0,3,0,차대차 - 추돌,안전거리미확보,젖음/습기,비,단일로 - 기타,승용,남,40세,상해없음,승용,남,53세,경상
2018030800100231,2018년 3월 8일 11시,목요일,강원도 속초시 교동,경상사고,0,0,2,0,차대차 - 측면충돌,신호위반,젖음/습기,비,교차로 - 교차로안,승합,여,56세,상해없음,승용,남,64세,경상
2018030800100252,2018년 3월 8일 12시,목요일,강원도 태백시 장성동,경상사고,0,0,1,0,차대사람 - 횡단중,안전운전불이행,적설,눈,단일로 - 기타,화물,남,49세,상해없음,보행자,여,72세,경상
2018030800100282,2018년 3월 8일 13시,목요일,강원도 강릉시 유산동,경상사고,0,0,2,0,차대차 - 측면충돌,안전운전불이행,젖음/습기,흐림,교차로 - 교차로부근,승용,남,50세,상해없음,승용,남,65세,경상
2018030800100372,2018년 3월 8일 17시,목요일,강원도 동해시 용정동,중상사고,0,1,2,0,차대차 - 측면충돌,교차로운행방법위반,젖음/습기,비,교차로 - 교차로안,승용,남,67세,상해없음,승용,여,37세,중상
2018030800100455,2018년 3월 8일 20시,목요일,강원도 홍천군 화촌면,경상사고,0,0,1,0,차대차 - 기타,안전거리미확보,건조,맑음,단일로 - 기타,화물,남,62세,상해없음,승용,여,58세,경상
2018030800100505,2018년 3월 8일 22시,목요일,강원도 강릉시 입암동,경상사고,0,0,2,0,차대차 - 기타,안전운전불이행,젖음/습기,흐림,교차로 - 교차로안,승용,남,44세,상해없음,승용,남,23세,경상
2018030900100009,2018년 3월 9일 00시,금요일,강원도 삼척시 남양동,경상사고,0,0,1,0,차대사람 - 횡단중,안전운전불이행,건조,맑음,교차로 - 교차로부근,승용,남,24세,상해없음,보행자,남,24세,경상
2018030900100047,2018년 3월 9일 05시,금요일,강원도 횡성군 횡성읍,중상사고,0,1,0,0,차대차 - 추돌,안전거리미확보,건조,맑음,단일로 - 기타,승용,남,39세,중상,화물,남,51세,상해없음
2018030900100057,2018년 3월 9일 06시,금요일,강원도 춘천시 온의동,경상사고,0,0,1,0,차대사람 - 횡단중,신호위반,건조,맑음,교차로 - 교차로횡단보도내,승용,남,49세,상해없음,보행자,남,32세,경상
2018030900100083,2018년 3월 9일 07시,금요일,강원도 원주시 문막읍,경상사고,0,0,2,0,차대차 - 추돌,안전거리미확보,건조,맑음,단일로 - 기타,승용,남,44세,상해없음,승용,여,34세,경상
2018030900100084,2018년 3월 9일 07시,금요일,강원도 홍천군 남면,사망사고,1,3,0,0,차량단독 - 공작물충돌,안전운전불이행,젖음/습기,흐림,단일로 - 기타,승용,여,61세,중상,,,,
2018030900100118,2018년 3월 9일 08시,금요일,강원도 강릉시 입암동,경상사고,0,0,1,0,차대차 - 측면충돌,안전운전불이행,젖음/습기,비,단일로 - 기타,승용,남,50세,상해없음,승용,남,52세,경상
2018030900100167,2018년 3월 9일 11시,금요일,강원도 춘천시 석사동,경상사고,0,0,1,0,차대차 - 측면충돌,교차로운행방법위반,건조,맑음,교차로 - 교차로안,승용,남,70세,상해없음,자전거,여,54세,경상
2018030900100168,2018년 3월 9일 11시,금요일,강원도 춘천시 후평동,경상사고,0,0,1,0,차대차 - 측면충돌,교차로운행방법위반,건조,맑음,교차로 - 교차로안,승용,여,51세,상해없음,승합,남,54세,경상
2018030900100182,2018년 3월 9일 12시,금요일,강원도 동해시 북평동,경상사고,0,0,1,0,차대사람 - 차도통행중,안전운전불이행,건조,맑음,교차로 - 교차로부근,승용,남,50세,상해없음,보행자,여,58세,경상
2018030900100312,2018년 3월 9일 17시,금요일,강원도 춘천시 석사동,경상사고,0,0,1,2,차대차 - 후진중충돌,안전운전불이행,건조,맑음,교차로 - 교차로안,승용,남,55세,부상신고,승용,남,42세,경상
2018030900100340,2018년 3월 9일 18시,금요일,강원도 춘천시 소양로2가,경상사고,0,0,1,0,차대차 - 측면충돌,신호위반,건조,맑음,교차로 - 교차로안,승용,여,76세,상해없음,승용,남,47세,경상
2018030900100341,2018년 3월 9일 18시,금요일,강원도 원주시 태장동,경상사고,0,0,2,0,차대차 - 측면충돌,안전운전불이행,건조,맑음,교차로 - 교차로안,승합,여,40세,상해없음,승용,남,21세,경상
2018030900100420,2018년 3월 9일 20시,금요일,강원도 양양군 강현면,경상사고,0,0,1,0,차대차 - 측면충돌,안전운전불이행,건조,맑음,교차로 - 교차로부근,승용,남,21세,상해없음,화물,남,59세,경상
2018030900100444,2018년 3월 9일 21시,금요일,강원도 강릉시 교동,경상사고,0,0,3,0,차대차 - 측면충돌,안전운전불이행,건조,맑음,단일로 - 기타,승용,남,21세,상해없음,승용,남,23세,경상
2018030900100445,2018년 3월 9일 21시,금요일,강원도 속초시 조양동,중상사고,0,1,1,0,차대차 - 추돌,안전운전불이행,건조,맑음,단일로 - 기타,승합,남,33세,상해없음,승용,남,49세,경상
2018030900100446,2018년 3월 9일 21시,금요일,강원도 철원군 서면,경상사고,0,0,1,0,차대차 - 측면충돌,중앙선침범,건조,맑음,단일로 - 기타,화물,남,34세,상해없음,화물,남,51세,경상