사고번호,사고일시,요일,시군구,사고내용,사망자수,중상자수,경상자수,부상신고자수,사고유형,법규위반,노면상태,기상상태,도로형태,가해운전자 차종,가해운전자 성별,가해운전자 연령,가해운전자 상해정도,피해운전자 차종,피해운전자 성별,피해운전자 연령,피해운전자 상해정도
2018030900100520,2018년 3월 9일 23시,금요일,강원도 원주시 신림면,경상사고,0,0,2,0,차대차 - 추돌,안전운전불이행,건조,맑음,교차로 - 교차로부근,화물,남,47세,경상,화물,남,52세,경상
2018031000100010,2018년 3월 10일 00시,토요일,강원도 원주시 문막읍,경상사고,0,0,1,0,차대사람 - 길가장자리구역통행중,안전운전불이행,건조,맑음,주차장 - 주차장,승용,여,49세,상해없음,보행자,남,54세,경상
2018031000100030,2018년 3월 10일 01시,토요일,강원도 원주시 관설동,경상사고,0,0,1,0,차대차 - 측면충돌,신호위반,건조,맑음,교차로 - 교차로안,승용,남,42세,상해없음,이륜,남,20세,경상
2018031000100056,2018년 3월 10일 02시,토요일,강원도 강릉시 주문진읍,경상사고,0,0,4,0,차대차 - 측면충돌,신호위반,건조,맑음,교차로 - 교차로안,승용,남,38세,상해없음,승용,남,57세,경상
2018031000100092,2018년 3월 10일 05시,토요일,강원도 원주시 단구동,중상사고,0,1,0,0,차대사람 - 횡단중,안전운전불이행,건조,흐림,단일로 - 기타,승용,남,61세,상해없음,보행자,남,77세,중상
2018031000100146,2018년 3월 10일 09시,토요일,강원도 춘천시 후평동,경상사고,0,0,1,0,차대차 - 측면충돌,교차로운행방법위반,건조,맑음,교차로 - 교차로안,승용,남,54세,상해없음,화물,남,39세,경상
2018031000100147,2018년 3월 10일 09시,토요일,강원도 홍천군 홍천읍,중상사고,0,1,0,0,차량단독 - 기타,안전운전불이행,건조,맑음,단일로 - 기타,사륜오토바이(ATV),남,89세,중상,,,,
2018031000100192,2018년 3월 10일 11시,토요일,강원도 춘천시 후평동,경상사고,0,0,1,0,차대차 - 기타,안전거리미확보,건조,맑음,단일로 - 기타,승용,남,64세,상해없음,승용,남,32세,경상
2018031000100220,2018년 3월 10일 12시,토요일,강원도 태백시 황지동,중상사고,0,1,0,0,차대차 - 측면충돌,신호위반,건조,맑음,교차로 - 교차로안,승용,남,50세,상해없음,승용,남,69세,중상
2018031000100250,2018년 3월 10일 13시,토요일,강원도 강릉시 교동,경상사고,0,0,2,0,차대차 - 추돌,안전운전불이행,건조,맑음,단일로 - 기타,승용,남,24세,상해없음,승용,남,67세,상해없음
2018031000100251,2018년 3월 10일 13시,토요일,강원도 원주시 중앙동,중상사고,0,1,0,0,차대사람 - 횡단중,보행자보호의무위반,건조,맑음,단일로 - 기타,화물,남,70세,상해없음,보행자,여,66세,중상
2018031000100252,2018년 3월 10일 13시,토요일,강원도 동해시 구미동,중상사고,0,1,0,0,차대차 - 측면충돌,안전운전불이행,건조,맑음,교차로 - 교차로안,승용,남,49세,상해없음,자전거,남,80세,중상
2018031000100284,2018년 3월 10일 14시,토요일,강원도 춘천시 동면,경상사고,0,0,1,0,차대차 - 기타,신호위반,건조,맑음,교차로 - 교차로안,승용,여,68세,상해없음,승용,남,63세,경상
2018031000100285,2018년 3월 10일 14시,토요일,강원도 강릉시 성산면,중상사고,0,1,3,0,차대차 - 추돌,안전거리미확보,건조,맑음,단일로 - 기타,화물,남,65세,상해없음,승용,남,45세,중상
2018031000100351,2018년 3월 10일 16시,토요일,강원도 춘천시 근화동,경상사고,0,0,3,0,차대차 - 측면충돌,신호위반,건조,맑음,교차로 - 교차로안,승용,남,27세,경상,승용,남,63세,경상
2018031000100352,2018년 3월 10일 16시,토요일,강원도 강릉시 교동,경상사고,0,0,1,0,차대사람 - 기타,안전운전불이행,건조,맑음,교차로 - 교차로안,승합,남,65세,상해없음,보행자,남,22세,경상
2018031000100353,2018년 3월 10일 16시,토요일,강원도 동해시 송정동,경상사고,0,0,1,0,차대차 - 측면충돌,안전운전불이행,건조,맑음,교차로 - 교차로부근,승용,남,42세,경상,건설기계,남,44세,상해없음
2018031000100436,2018년 3월 10일 19시,토요일,강원도 춘천시 석사동,경상사고,0,0,1,0,차대차 - 측면충돌,안전운전불이행,건조,맑음,교차로 - 교차로안,승용,남,39세,상해없음,이륜,남,21세,경상
2018031000100437,2018년 3월 10일 19시,토요일,강원도 원주시 우산동,경상사고,0,0,3,1,차대차 - 추돌,안전거리미확보,건조,맑음,교차로 - 교차로부근,승용,남,63세,기타불명,승용,남,26세,경상
2018031000100506,2018년 3월 10일 21시,토요일,강원도 평창군 봉평면,중상사고,0,1,0,0,차량단독 - 도로외이탈 - 추락,안전운전불이행,건조,맑음,단일로 - 기타,승용,남,37세,중상,,,,
2018031100100094,2018년 3월 11일 08시,일요일,강원도 춘천시 후평동,중상사고,0,1,1,0,차대차 - 측면충돌,직진우회전진행방해,건조,맑음,교차로 - 교차로안,승용,남,73세,상해없음,승용,남,62세,경상
2018031100100095,2018년 3월 11일 08시,일요일,강원도 삼척시 교동,중상사고,0,1,0,0,차대차 - 추돌,안전운전불이행,건조,맑음,단일로 - 기타,승용,남,74세,중상,화물,남,58세,상해없음
2018031100100135,2018년 3월 11일 11시,일요일,강원도 삼척시 원덕읍,중상사고,0,1,1,0,차대차 - 측면충돌,중앙선침범,건조,맑음,단일로 - 기타,이륜,남,50세,경상,승용,여,58세,중상
2018031100100136,2018년 3월 11일 11시,일요일,강원도 영월군 영월읍,부상신고사고,0,0,0,1,차대차 - 측면충돌,안전운전불이행,건조,맑음,단일로 - 기타,승용,여,57세,상해없음,승용,여,42세,부상신고
2018031100100160,2018년 3월 11일 12시,일요일,강원도 춘천시 퇴계동,중상사고,0,1,0,0,차대사람 - 차도통행중,안전운전불이행,건조,맑음,교차로 - 교차로부근,승용,여,42세,상해없음,보행자,여,77세,중상
2018031100100161,2018년 3월 11일 12시,일요일,강원도 춘천시 퇴계동,경상사고,0,0,1,0,차대차 - 측면충돌,신호위반,건조,맑음,교차로 - 교차로안,승용,남,23세,상해없음,승용,남,42세,경상
2018031100100162,2018년 3월 11일 12시,일요일,강원도 원주시 지정면,경상사고,0,0,1,0,차대사람 - 보도통행중,안전운전불이행,건조,맑음,단일로 - 기타,승용,남,59세,상해없음,보행자,여,61세,경상
2018031100100163,2018년 3월 11일 12시,일요일,강원도 인제군 남면,중상사고,0,3,1,0,차대차 - 정면충돌,중앙선침범,건조,맑음,단일로 - 기타,승용,남,51세,상해없음,승용,남,49세,경상
2018031100100187,2018년 3월 11일 13시,일요일,강원도 강릉시 옥천동,경상사고,0,0,1,0,차대차 - 기타,안전운전불이행,건조,맑음,교차로 - 교차로안,승용,남,61세,상해없음,승용,여,39세,경상
2018031100100268,2018년 3월 11일 16시,일요일,강원도 원주시 태장동,중상사고,0,1,1,0,차대사람 - 횡단중,보행자보호의무위반,건조,맑음,교차로 - 교차로횡단보도내,화물,남,53세,상해없음,보행자,여,39세,중상
2018031100100290,2018년 3월 11일 17시,일요일,강원도 평창군 용평면,중상사고,0,1,1,0,차대차 - 추돌,안전운전불이행,건조,맑음,단일로 - 기타,승용,남,36세,상해없음,승용,여,44세,중상
2018031100100348,2018년 3월 11일 19시,일요일,강원도 춘천시 온의동,부상신고사고,0,0,0,1,차대차 - 측면충돌,신호위반,건조,맑음,교차로 - 교차로안,이륜,남,67세,부상신고,승용,남,53세,상해없음
2018031200100030,2018년 3월 12일 05시,월요일,강원도 영월군 한반도면,경상사고,0,0,1,0,차대사람 - 기타,안전운전불이행,건조,맑음,단일로 - 기타,특수,남,51세,상해없음,보행자,여,69세,경상
2018031200100048,2018년 3월 12일 06시,월요일,강원도 정선군 임계면,중상사고,0,2,0,0,차대차 - 정면충돌,중앙선침범,건조,맑음,단일로 - 기타,승용,여,66세,상해없음,화물,남,73세,중상
2018031200100084,2018년 3월 12일 08시,월요일,강원도 원주시 우산동,중상사고,0,1,0,0,차대차 - 측면충돌,안전운전불이행,건조,맑음,단일로 - 기타,승용,여,31세,상해없음,승용,남,37세,중상
2018031200100131,2018년 3월 12일 09시,월요일,강원도 속초시 대포동,경상사고,0,0,1,0,차대차 - 추돌,안전운전불이행,건조,맑음,단일로 - 기타,승용,여,46세,상해없음,승용,남,42세,경상
2018031200100157,2018년 3월 12일 10시,월요일,강원도 강릉시 성산면,중상사고,0,1,0,0,차대차 - 기타,안전운전불이행,건조,맑음,단일로 - 기타,화물,남,77세,상해없음,자전거,남,76세,중상
2018031200100158,2018년 3월 12일 10시,월요일,강원도 원주시 단계동,경상사고,0,0,2,0,차대차 - 추돌,교차로운행방법위반,건조,맑음,교차로 - 교차로부근,건설기계,남,58세,상해없음,화물,남,32세,경상
2018031200100159,2018년 3월 12일 10시,월요일,강원도 원주시 가현동,경상사고,0,0,2,0,차대차 - 추돌,안전운전불이행,건조,맑음,단일로 - 기타,승용,남,70세,상해없음,승용,남,46세,경상
2018031200100181,2018년 3월 12일 11시,월요일,강원도 강릉시 포남동,부상신고사고,0,0,0,1,차대사람 - 기타,안전운전불이행,기타,기타,단일로 - 기타,기타불명,기타불명,미분류,기타불명,보행자,여,51세,부상신고
2018031200100182,2018년 3월 12일 11시,월요일,강원도 원주시 봉산동,경상사고,0,0,1,0,차대차 - 측면충돌,직진우회전진행방해,건조,맑음,교차로 - 교차로안,화물,남,69세,상해없음,승합,남,46세,경상
2018031200100183,2018년 3월 12일 11시,월요일,강원도 평창군 방림면,경상사고,0,0,2,0,차대차 - 측면충돌,안전운전불이행,기타,맑음,단일로 - 기타,승합,남,40세,상해없음,승용,여,40세,경상
2018031200100184,2018년 3월 12일 11시,월요일,강원도 태백시 황지동,경상사고,0,0,1,0,차대사람 - 기타,안전운전불이행,건조,맑음,단일로 - 기타,승용,남,80세,상해없음,보행자,남,50세,경상
2018031200100210,2018년 3월 12일 12시,월요일,강원도 춘천시 효자동,경상사고,0,0,1,0,차대차 - 후진중충돌,안전운전불이행,건조,맑음,단일로 - 기타,승합,남,41세,상해없음,이륜,남,31세,경상
2018031200100245,2018년 3월 12일 13시,월요일,강원도 춘천시 소양로3가,경상사고,0,0,2,0,차대차 - 추돌,안전운전불이행,건조,맑음,단일로 - 기타,승용,여,49세,상해없음,승용,여,53세,경상
2018031200100302,2018년 3월 12일 15시,월요일,강원도 속초시 청호동,경상사고,0,0,1,0,차대사람 - 기타,안전운전불이행,건조,맑음,주차장 - 주차장,승용,여,51세,상해없음,보행자,여,70세,경상
2018031200100337,2018년 3월 12일 16시,월요일,강원도 강릉시 남문동,경상사고,0,0,2,0,차대차 - 측면충돌,안전운전불이행,건조,맑음,교차로 - 교차로안,승용,남,56세,상해없음,승용,남,48세,경상
2018031200100338,2018년 3월 12일 16시,월요일,강원도 삼척시 성북동,중상사고,0,1,1,0,차대차 - 측면충돌,교차로운행방법위반,건조,맑음,교차로 - 교차로안,승용,여,56세,상해없음,승용,남,74세,경상
2018031200100339,2018년 3월 12일 16시,월요일,강원도 삼척시 미로면,중상사고,0,1,1,0,차대차 - 측면충돌,안전거리미확보,건조,맑음,단일로 - 기타,건설기계,남,45세,상해없음,승합,남,37세,경상
2018031200100381,2018년 3월 12일 17시,월요일,강원도 춘천시 삼천동,경상사고,0,0,1,0,차대차 - 측면충돌,안전거리미확보,건조,맑음,교차로 - 교차로부근,건설기계,남,39세,상해없음,승용,남,59세,경상
2018031200100416,2018년 3월 12일 18시,월요일,강원도 원주시 문막읍,중상사고,0,1,0,1,차대차 - 추돌,신호위반,건조,맑음,교차로 - 교차로안,승용,남,49세,부상신고,승용,여,33세,중상
2018031200100457,2018년 3월 12일 19시,월요일,강원도 강릉시 내곡동,경상사고,0,0,1,0,차대사람 - 횡단중,보행자보호의무위반,건조,맑음,단일로 - 기타,승용,남,27세,상해없음,보행자,남,49세,경상
2018031200100458,2018년 3월 12일 19시,월요일,강원도 원주시 태장동,중상사고,0,1,1,0,차대차 - 측면충돌,안전운전불이행,건조,맑음,교차로 - 교차로안,승용,남,77세,상해없음,승용,남,22세,경상
2018031200100481,2018년 3월 12일 20시,월요일,강원도 횡성군 횡성읍,경상사고,0,0,1,0,차대차 - 측면충돌,안전운전불이행,건조,맑음,교차로 - 교차로안,승용,남,41세,상해없음,원동기,남,21세,경상
2018031300100023,2018년 3월 13일 02시,화요일,강원도 춘천시 석사동,경상사고,0,0,1,0,차대차 - 측면충돌,안전운전불이행,건조,맑음,교차로 - 교차로횡단보도내,승용,남,45세,상해없음,승용,여,38세,경상
2018031300100024,2018년 3월 13일 02시,화요일,강원도 춘천시 효자동,중상사고,0,1,1,0,차대차 - 추돌,안전운전불이행,건조,맑음,단일로 - 기타,승용,남,33세,상해없음,화물,남,61세,경상
2018031300100038,2018년 3월 13일 05시,화요일,강원도 태백시 장성동,사망사고,2,0,0,0,차량단독 - 도로외이탈 - 추락,안전운전불이행,건조,맑음,단일로 - 기타,승용,남,27세,사망,,,,
2018031300100060,2018년 3월 13일 07시,화요일,강원도 화천군 하남면,중상사고,0,3,0,0,차대차 - 추돌,안전운전불이행,건조,맑음,교차로 - 교차로부근,화물,남,60세,중상,승용,남,65세,중상
2018031300100091,2018년 3월 13일 08시,화요일,강원도 화천군 사내면,경상사고,0,0,1,0,차대차 - 측면충돌,안전운전불이행,건조,맑음,교차로 - 교차로안,승용,남,65세,상해없음,승용,여,26세,경상
2018031300100131,2018년 3월 13일 09시,화요일,강원도 강릉시 주문진읍,경상사고,0,0,1,0,차대차 - 측면충돌,안전운전불이행,건조,맑음,교차로 - 교차로안,승용,남,32세,상해없음,이륜,남,54세,경상
2018031300100132,2018년 3월 13일 09시,화요일,강원도 원주시 일산동,경상사고,0,0,1,1,차대차 - 측면충돌,안전운전불이행,건조,맑음,교차로 - 교차로부근,승용,여,38세,상해없음,승합,여,45세,경상
2018031300100152,2018년 3월 13일 10시,화요일,강원도 춘천시 효자동,경상사고,0,0,1,0,차대차 - 측면충돌,기타,건조,맑음,단일로 - 기타,승용,여,55세,상해없음,승용,여,63세,경상
2018031300100153,2018년 3월 13일 10시,화요일,강원도 삼척시 원덕읍,중상사고,0,1,0,0,차대차 - 측면충돌,신호위반,건조,맑음,교차로 - 교차로안,승용,남,57세,상해없음,승용,여,59세,중상
2018031300100154,2018년 3월 13일 10시,화요일,강원도 고성군 간성읍,중상사고,0,1,1,0,차대차 - 측면충돌,안전운전불이행,건조,맑음,교차로 - 교차로안,화물,남,71세,중상,승용,여,30세,경상
2018031300100229,2018년 3월 13일 13시,화요일,강원도 동해시 천곡동,경상사고,0,0,1,0,차대차 - 기타,중앙선침범,건조,맑음,단일로 - 기타,이륜,남,61세,상해없음,승용,남,57세,상해없음
2018031300100330,2018년 3월 13일 16시,화요일,강원도 삼척시 하장면,중상사고,0,1,1,0,차대차 - 정면충돌,중앙선침범,건조,맑음,단일로 - 기타,승용,여,47세,상해없음,승용,여,57세,중상
2018031300100331,2018년 3월 13일 16시,화요일,강원도 평창군 대관령면,경상사고,0,0,2,0,차대차 - 정면충돌,중앙선침범,기타,맑음,단일로 - 고가도로위,승용,남,71세,경상,승용,여,41세,경상
2018031300100409,2018년 3월 13일 18시,화요일,강원도 원주시 학성동,경상사고,0,0,1,0,차대사람 - 횡단중,보행자보호의무위반,건조,맑음,단일로 - 기타,승용,남,20세,상해없음,보행자,남,62세,경상
2018031300100410,2018년 3월 13일 18시,화요일,강원도 동해시 효가동,중상사고,0,1,0,0,차대차 - 측면충돌,신호위반,건조,맑음,교차로 - 교차로안,승용,남,76세,상해없음,승용,남,30세,중상
2018031300100449,2018년 3월 13일 19시,화요일,강원도 원주시 봉산동,경상사고,0,0,1,0,차대사람 - 보도통행중,기타,건조,맑음,교차로 - 교차로부근,승용,여,42세,상해없음,보행자,여,22세,경상
2018031300100494,2018년 3월 13일 20시,화요일,강원도 강릉시 사천면,사망사고,1,3,0,0,차대차 - 기타,안전운전불이행,건조,맑음,교차로 - 교차로안,승용,남,71세,사망,화물,남,47세,중상
2018031300100495,2018년 3월 13일 20시,화요일,강원도 원주시 단구동,경상사고,0,0,1,0,차대차 - 측면충돌,안전운전불이행,건조,맑음,단일로 - 기타,승용,남,48세,상해없음,이륜,남,52세,경상
2018031300100496,2018년 3월 13일 20시,화요일,강원도 삼척시 남양동,경상사고,0,0,1,0,차대차 - 측면충돌,안전운전불이행,건조,맑음,단일로 - 기타,승용,남,26세,상해없음,승용,여,52세,경상
2018031300100518,2018년 3월 13일 21시,화요일,강원도 동해시 천곡동,경상사고,0,0,1,0,차대차 - 측면충돌,직진우회전진행방해,건조,맑음,교차로 - 교차로안,승용,남,52세,상해없음,승용,여,29세,상해없음
2018031300100568,2018년 3월 13일 23시,화요일,강원도 원주시 단계동,경상사고,0,0,1,0,차대차 - 추돌,안전운전불이행,건조,맑음,단일로 - 기타,승용,남,39세,상해없음,승용,남,53세,경상
2018031400100032,2018년 3월 14일 03시,수요일,강원도 평창군 대관령면,부상신고사고,0,0,0,1,차량단독 - 공작물충돌,안전운전불이행,건조,맑음,단일로 - 기타,승용,남,37세,부상신고,,,,
2018031400100145,2018년 3월 14일 09시,수요일,강원도 강릉시 교동,경상사고,0,0,1,0,차대차 - 측면충돌,안전운전불이행,건조,맑음,교차로 - 교차로안,승용,여,25세,상해없음,승용,여,46세,경상
2018031400100146,2018년 3월 14일 09시,수요일,강원도 횡성군 횡성읍,경상사고,0,0,1,0,차대차 - 측면충돌,안전운전불이행,건조,맑음,교차로 - 교차로안,승용,여,51세,상해없음,승용,남,82세,경상
2018031400100175,2018년 3월 14일 10시,수요일,강원도 인제군 북면,사망사고,2,1,0,0,차대차 - 측면충돌,신호위반,건조,맑음,교차로 - 교차로안,화물,남,57세,중상,승용,남,69세,사망
2018031400100231,2018년 3월 14일 12시,수요일,강원도 춘천시 교동,경상사고,0,0,1,1,차대차 - 측면충돌,안전운전불이행,건조,맑음,교차로 - 교차로안,승용,여,64세,부상신고,승용,여,47세,경상
2018031400100232,2018년 3월 14일 12시,수요일,강원도 원주시 중앙동,경상사고,0,0,1,0,차대사람 - 횡단중,교차로운행방법위반,건조,맑음,교차로 - 교차로안,승용,남,48세,상해없음,보행자,여,22세,경상
2018031400100233,2018년 3월 14일 12시,수요일,강원도 원주시 흥업면,중상사고,0,1,0,0,차대차 - 측면충돌,안전운전불이행,건조,맑음,단일로 - 기타,승용,남,77세,상해없음,승용,여,49세,중상
2018031400100261,2018년 3월 14일 13시,수요일,강원도 춘천시 중앙로2가,경상사고,0,0,1,0,차대차 - 기타,교차로운행방법위반,건조,맑음,교차로 - 교차로안,승용,남,31세,상해없음,승용,남,48세,경상
2018031400100262,2018년 3월 14일 13시,수요일,강원도 원주시 단구동,경상사고,0,0,1,0,차대차 - 기타,중앙선침범,건조,맑음,교차로 - 교차로부근,승용,여,48세,상해없음,이륜,남,20세,경상
2018031400100294,2018년 3월 14일 14시,수요일,강원도 강릉시 교동,경상사고,0,0,1,0,차대차 - 측면충돌,안전운전불이행,건조,맑음,단일로 - 기타,승용,남,67세,상해없음,승용,남,50세,경상
2018031400100295,2018년 3월 14일 14시,수요일,강원도 횡성군 안흥면,중상사고,0,1,0,0,차량단독 - 공작물충돌,안전운전불이행,건조,맑음,단일로 - 기타,승합,남,65세,상해없음,,,,
2018031400100336,2018년 3월 14일 15시,수요일,강원도 강릉시 강문동,중상사고,0,1,0,0,차대사람 - 횡단중,안전운전불이행,건조,맑음,교차로 - 교차로안,승용,남,24세,상해없음,보행자,남,50세,중상
2018031400100369,2018년 3월 14일 16시,수요일,강원도 춘천시 석사동,중상사고,0,1,0,0,차대차 - 측면충돌,차로위반,건조,맑음,교차로 - 교차로부근,승용,남,57세,상해없음,이륜,남,56세,중상
2018031400100370,2018년 3월 14일 16시,수요일,강원도 원주시 태장동,경상사고,0,0,3,0,차대차 - 추돌,안전운전불이행,건조,흐림,단일로 - 기타,승용,남,70세,상해없음,화물,남,59세,경상
2018031400100371,2018년 3월 14일 16시,수요일,강원도 동해시 쇄운동,경상사고,0,0,2,0,차대차 - 기타,안전운전불이행,건조,맑음,교차로 - 교차로안,승용,여,30세,상해없음,승용,여,62세,경상
2018031400100406,2018년 3월 14일 17시,수요일,강원도 춘천시 동내면,경상사고,0,0,1,0,차대차 - 측면충돌,안전거리미확보,건조,맑음,단일로 - 기타,승용,남,32세,상해없음,승합,남,36세,경상
2018031400100407,2018년 3월 14일 17시,수요일,강원도 강릉시 죽헌동,중상사고,0,1,0,0,차대차 - 기타,안전운전불이행,건조,맑음,단일로 - 기타,승용,여,58세,상해없음,이륜,남,64세,중상
2018031400100408,2018년 3월 14일 17시,수요일,강원도 홍천군 홍천읍,경상사고,0,0,1,0,차대차 - 측면충돌,교차로운행방법위반,건조,맑음,교차로 - 교차로안,승용,여,36세,상해없음,승용,남,67세,경상
2018031400100458,2018년 3월 14일 18시,수요일,강원도 원주시 무실동,경상사고,0,0,2,0,차대차 - 측면충돌,안전운전불이행,건조,맑음,교차로 - 교차로부근,승용,남,43세,상해없음,승용,여,21세,경상
2018031400100459,2018년 3월 14일 18시,수요일,강원도 인제군 남면,경상사고,0,0,1,0,차대차 - 추돌,안전운전불이행,건조,맑음,단일로 - 기타,승용,남,21세,상해없음,승용,남,36세,경상
2018031400100498,2018년 3월 14일 19시,수요일,강원도 원주시 중앙동,경상사고,0,0,1,0,차대차 - 추돌,교차로운행방법위반,건조,맑음,교차로 - 교차로안,승용,여,56세,상해없음,승용,여,31세,경상
2018031400100499,2018년 3월 14일 19시,수요일,강원도 삼척시 정상동,경상사고,0,0,1,0,차대차 - 측면충돌,직진우회전진행방해,건조,맑음,교차로 - 교차로안,승용,여,61세,상해없음,승용,남,40세,경상
2018031400100562,2018년 3월 14일 21시,수요일,강원도 홍천군 홍천읍,중상사고,0,1,0,0,차대사람 - 횡단중,안전운전불이행,건조,맑음,교차로 - 교차로안,승용,남,55세,상해없음,보행자,여,49세,중상
2018031400100563,2018년 3월 14일 21시,수요일,강원도 인제군 상남면,중상사고,0,1,0,0,차대차 - 추돌,안전거리미확보,건조,맑음,단일로 - 기타,승용,남,57세,상해없음,승용,남,44세,중상
2018031400100604,2018년 3월 14일 22시,수요일,강원도 강릉시 교동,경상사고,0,0,1,0,차대차 - 측면충돌,안전운전불이행,건조,맑음,교차로 - 교차로안,원동기,남,17세,상해없음,승용,남,30세,상해없음
2018031500100007,2018년 3월 15일 00시,목요일,강원도 강릉시 포남동,중상사고,0,1,0,0,차대사람 - 횡단중,보행자보호의무위반,젖음/습기,비,교차로 - 교차로부근,이륜,남,29세,상해없음,보행자,여,58세,중상
2018031500100097,2018년 3월 15일 07시,목요일,강원도 춘천시 동면,경상사고,0,0,1,0,차대차 - 추돌,안전거리미확보,젖음/습기,비,단일로 - 기타,화물,남,55세,상해없음,승용,여,51세,경상
2018031500100170,2018년 3월 15일 09시,목요일,강원도 강릉시 홍제동,경상사고,0,0,1,0,차대사람 - 기타,안전운전불이행,건조,맑음,단일로 - 기타,기타불명,기타불명,미분류,기타불명,보행자,여,20세,경상
2018031500100171,2018년 3월 15일 09시,목요일,강원도 양양군 양양읍,중상사고,0,1,0,0,차대사람 - 횡단중,안전운전불이행,건조,맑음,교차로 - 교차로안,승용,여,41세,상해없음,보행자,남,89세,중상
2018031500100172,2018년 3월 15일 09시,목요일,강원도 영월군 북면,중상사고,0,1,0,0,차대차 - 측면충돌,안전운전불이행,젖음/습기,비,단일로 - 기타,화물,남,26세,상해없음,승용,여,59세,중상
2018031500100202,2018년 3월 15일 10시,목요일,강원도 춘천시 동면,경상사고,0,0,1,0,차대차 - 측면충돌,교차로운행방법위반,건조,맑음,교차로 - 교차로안,승용,여,21세,기타불명,승용,남,53세,경상
2018031500100203,2018년 3월 15일 10시,목요일,강원도 횡성군 횡성읍,경상사고,0,0,1,0,차대차 - 측면충돌,과속,젖음/습기,비,교차로 - 교차로안,승용,남,27세,상해없음,승용,여,40세,경상
2018031500100236,2018년 3월 15일 11시,목요일,강원도 홍천군 내면,경상사고,0,0,3,0,차대차 - 추돌,안전운전불이행,젖음/습기,비,단일로 - 기타,승용,남,71세,상해없음,승용,남,63세,경상
2018031500100237,2018년 3월 15일 11시,목요일,강원도 홍천군 홍천읍,부상신고사고,0,0,0,1,차대차 - 기타,안전운전불이행,건조,맑음,단일로 - 기타,이륜,남,76세,부상신고,승용,여,46세,상해없음
2018031500100238,2018년 3월 15일 11시,목요일,강원도 평창군 대관령면,중상사고,0,1,3,0,차대차 - 측면충돌,안전운전불이행,젖음/습기,흐림,교차로 - 교차로안,승용,여,56세,상해없음,승용,여,25세,중상
2018031500100290,2018년 3월 15일 13시,목요일,강원도 춘천시 후평동,경상사고,0,0,1,0,차대사람 - 보도통행중,기타,건조,맑음,기타 - 기타,승용,남,53세,상해없음,보행자,여,57세,경상
2018031500100351,2018년 3월 15일 15시,목요일,강원도 태백시 황지동,경상사고,0,0,1,0,차대차 - 측면충돌,안전운전불이행,건조,맑음,단일로 - 기타,승용,여,66세,상해없음,승용,여,48세,경상
2018031500100352,2018년 3월 15일 15시,목요일,강원도 양구군 방산면,경상사고,0,0,1,0,차량단독 - 전도전복 - 전도,안전운전불이행,젖음/습기,흐림,단일로 - 기타,사륜오토바이(ATV),남,80세,경상,미분류,미분류,미분류,미분류
2018031500100440,2018년 3월 15일 18시,목요일,강원도 정선군 정선읍,중상사고,0,1,0,0,차대사람 - 횡단중,안전운전불이행,젖음/습기,비,교차로 - 교차로횡단보도내,승용,여,29세,상해없음,보행자,남,17세,중상
2018031500100441,2018년 3월 15일 18시,목요일,강원도 동해시 동회동,경상사고,0,0,1,0,차대차 - 측면충돌,안전거리미확보,건조,흐림,교차로 - 교차로부근,화물,남,60세,상해없음,승용,여,34세,경상
2018031500100529,2018년 3월 15일 20시,목요일,강원도 춘천시 동면,경상사고,0,0,3,0,차대차 - 기타,교차로운행방법위반,건조,맑음,교차로 - 교차로안,승용,남,30세,경상,승용,남,72세,경상
2018031500100562,2018년 3월 15일 21시,목요일,강원도 원주시 단계동,중상사고,0,1,0,0,차대차 - 추돌,안전운전불이행,젖음/습기,비,교차로 - 교차로부근,승용,남,54세,상해없음,승용,남,39세,중상
2018031500100563,2018년 3월 15일 21시,목요일,강원도 동해시 효가동,경상사고,0,0,2,0,차대차 - 추돌,안전운전불이행,젖음/습기,비,교차로 - 교차로부근,승용,남,68세,상해없음,승용,여,58세,경상
2018031500100620,2018년 3월 15일 23시,목요일,강원도 속초시 조양동,경상사고,0,0,1,0,차대차 - 추돌,안전운전불이행,건조,맑음,교차로 - 교차로부근,승용,여,52세,상해없음,승용,남,57세,상해없음
2018031600100029,2018년 3월 16일 01시,금요일,강원도 원주시 단구동,경상사고,0,0,1,0,차대사람 - 길가장자리구역통행중,안전운전불이행,젖음/습기,비,교차로 - 교차로안,승용,남,30세,상해없음,보행자,남,45세,경상
2018031600100142,2018년 3월 16일 09시,금요일,강원도 원주시 단계동,경상사고,0,0,1,0,차대차 - 측면충돌,안전운전불이행,건조,맑음,단일로 - 기타,승용,남,24세,상해없음,화물,남,44세,상해없음
2018031600100183,2018년 3월 16일 10시,금요일,강원도 춘천시 퇴계동,경상사고,0,0,1,0,차대차 - 추돌,안전거리미확보,건조,맑음,기타 - 기타,승용,여,37세,상해없음,승용,남,47세,경상
2018031600100184,2018년 3월 16일 10시,금요일,강원도 강릉시 교동,경상사고,0,0,1,0,차대차 - 측면충돌,안전운전불이행,건조,맑음,교차로 - 교차로안,건설기계,남,69세,상해없음,승용,여,30세,경상