사고번호,사고일시,요일,시군구,사고내용,사망자수,중상자수,경상자수,부상신고자수,사고유형,법규위반,노면상태,기상상태,도로형태,가해운전자 차종,가해운전자 성별,가해운전자 연령,가해운전자 상해정도,피해운전자 차종,피해운전자 성별,피해운전자 연령,피해운전자 상해정도
2018031600100211,2018년 3월 16일 11시,금요일,강원도 삼척시 당저동,경상사고,0,0,1,0,차대사람 - 기타,안전운전불이행,건조,맑음,주차장 - 주차장,승용,남,79세,상해없음,보행자,여,41세,경상
2018031600100257,2018년 3월 16일 13시,금요일,강원도 원주시 개운동,경상사고,0,0,4,1,차대차 - 추돌,안전거리미확보,건조,맑음,단일로 - 기타,승용,여,61세,부상신고,승용,남,35세,경상
2018031600100258,2018년 3월 16일 13시,금요일,강원도 원주시 관설동,경상사고,0,0,2,0,차대차 - 정면충돌,중앙선침범,건조,맑음,단일로 - 기타,승용,남,59세,경상,승용,남,60세,경상
2018031600100315,2018년 3월 16일 15시,금요일,강원도 춘천시 석사동,경상사고,0,0,2,0,차대차 - 측면충돌,안전거리미확보,건조,맑음,단일로 - 기타,승용,남,25세,상해없음,승용,남,63세,경상
2018031600100316,2018년 3월 16일 15시,금요일,강원도 강릉시 교동,경상사고,0,0,1,0,차대차 - 기타,안전운전불이행,건조,맑음,단일로 - 기타,승용,여,31세,상해없음,승용,남,70세,경상
2018031600100426,2018년 3월 16일 18시,금요일,강원도 춘천시 효자동,중상사고,0,1,1,0,차대차 - 측면충돌,안전운전불이행,건조,맑음,교차로 - 교차로부근,이륜,남,25세,중상,이륜,남,24세,경상
2018031600100427,2018년 3월 16일 18시,금요일,강원도 원주시 단계동,경상사고,0,0,1,0,차대차 - 추돌,안전운전불이행,건조,맑음,교차로 - 교차로부근,승용,남,27세,상해없음,화물,남,58세,경상
2018031600100475,2018년 3월 16일 19시,금요일,강원도 원주시 단구동,중상사고,0,1,1,0,차대차 - 추돌,안전거리미확보,건조,맑음,단일로 - 기타,승용,여,26세,상해없음,승용,여,48세,경상
2018031600100476,2018년 3월 16일 19시,금요일,강원도 원주시 단계동,경상사고,0,0,1,0,차대차 - 측면충돌,신호위반,건조,맑음,교차로 - 교차로안,이륜,남,64세,상해없음,승용,남,46세,경상
2018031600100477,2018년 3월 16일 19시,금요일,강원도 원주시 단계동,경상사고,0,0,2,0,차대차 - 측면충돌,신호위반,건조,맑음,교차로 - 교차로안,승용,남,31세,상해없음,승용,남,57세,경상
2018031600100527,2018년 3월 16일 20시,금요일,강원도 철원군 동송읍,경상사고,0,0,1,0,차대차 - 측면충돌,직진우회전진행방해,건조,맑음,교차로 - 교차로안,승용,남,39세,상해없음,원동기,남,53세,경상
2018031600100559,2018년 3월 16일 21시,금요일,강원도 춘천시 중앙로2가,경상사고,0,0,1,0,차대차 - 기타,안전운전불이행,건조,맑음,교차로 - 교차로안,승용,여,26세,상해없음,승합,남,59세,상해없음
2018031600100625,2018년 3월 16일 23시,금요일,강원도 평창군 대관령면,경상사고,0,0,1,0,차대차 - 측면충돌,안전운전불이행,건조,맑음,단일로 - 기타,승용,남,51세,경상,승용,남,46세,상해없음
2018031700100067,2018년 3월 17일 05시,토요일,강원도 원주시 학성동,중상사고,0,1,0,0,차대차 - 추돌,안전거리미확보,건조,맑음,단일로 - 기타,승용,남,62세,상해없음,화물,남,65세,중상
2018031700100105,2018년 3월 17일 08시,토요일,강원도 철원군 동송읍,중상사고,0,2,0,0,차대차 - 추돌,안전운전불이행,건조,맑음,교차로 - 교차로부근,화물,남,61세,상해없음,승용,남,42세,중상
2018031700100131,2018년 3월 17일 09시,토요일,강원도 평창군 대관령면,경상사고,0,0,8,6,차대차 - 측면충돌,안전운전불이행,기타,맑음,교차로 - 교차로안,승합,남,61세,상해없음,승합,남,45세,상해없음
2018031700100162,2018년 3월 17일 10시,토요일,강원도 춘천시 후평동,경상사고,0,0,1,0,차대차 - 정면충돌,안전운전불이행,건조,맑음,교차로 - 교차로안,승용,남,37세,상해없음,화물,남,53세,경상
2018031700100163,2018년 3월 17일 10시,토요일,강원도 춘천시 온의동,경상사고,0,0,2,0,차대차 - 측면충돌,직진우회전진행방해,건조,맑음,교차로 - 교차로안,승용,남,37세,상해없음,화물,남,38세,경상
2018031700100194,2018년 3월 17일 11시,토요일,강원도 원주시 학성동,경상사고,0,0,2,0,차대차 - 측면충돌,안전운전불이행,건조,맑음,교차로 - 교차로부근,건설기계,남,56세,상해없음,승용,남,45세,경상
2018031700100258,2018년 3월 17일 13시,토요일,강원도 양양군 손양면,경상사고,0,0,1,0,차대차 - 추돌,안전운전불이행,건조,맑음,교차로 - 교차로부근,화물,남,51세,상해없음,승용,남,75세,경상
2018031700100259,2018년 3월 17일 13시,토요일,강원도 횡성군 안흥면,중상사고,0,2,3,0,차대차 - 추돌,안전운전불이행,건조,맑음,단일로 - 기타,승용,남,62세,상해없음,승용,남,69세,경상
2018031700100296,2018년 3월 17일 14시,토요일,강원도 삼척시 교동,경상사고,0,0,3,0,차대차 - 측면충돌,중앙선침범,건조,맑음,단일로 - 기타,승용,여,63세,상해없음,승용,여,35세,경상
2018031700100321,2018년 3월 17일 15시,토요일,강원도 강릉시 교동,중상사고,0,1,0,0,차대차 - 측면충돌,안전운전불이행,건조,맑음,교차로 - 교차로안,승용,남,31세,상해없음,자전거,남,20세,중상
2018031700100368,2018년 3월 17일 16시,토요일,강원도 태백시 화전동,부상신고사고,0,0,0,1,차대차 - 추돌,기타,건조,맑음,단일로 - 기타,승용,남,48세,상해없음,승용,남,57세,부상신고
2018031700100487,2018년 3월 17일 19시,토요일,강원도 강릉시 금학동,사망사고,1,0,0,0,차대사람 - 횡단중,안전운전불이행,건조,맑음,단일로 - 기타,승용,남,41세,상해없음,보행자,남,2세,사망
2018031700100532,2018년 3월 17일 20시,토요일,강원도 춘천시 효자동,중상사고,0,1,0,0,차대차 - 측면충돌,교차로운행방법위반,건조,맑음,교차로 - 교차로안,승용,남,57세,상해없음,이륜,남,61세,중상
2018031700100533,2018년 3월 17일 20시,토요일,강원도 원주시 무실동,중상사고,0,1,0,0,차대차 - 측면충돌,안전운전불이행,건조,흐림,교차로 - 교차로안,승용,남,21세,상해없음,이륜,남,16세,중상
2018031700100567,2018년 3월 17일 21시,토요일,강원도 강릉시 성내동,경상사고,0,0,2,0,차대차 - 측면충돌,신호위반,건조,맑음,교차로 - 교차로안,화물,남,51세,상해없음,승용,남,44세,경상
2018031700100592,2018년 3월 17일 22시,토요일,강원도 영월군 북면,부상신고사고,0,0,0,1,차량단독 - 전도전복 - 전도,안전운전불이행,건조,흐림,단일로 - 지하차도(도로)내,승용,남,29세,부상신고,미분류,미분류,미분류,미분류
2018031700100612,2018년 3월 17일 23시,토요일,강원도 원주시 단계동,중상사고,0,1,1,0,차대차 - 측면충돌,신호위반,건조,흐림,교차로 - 교차로부근,승용,여,47세,상해없음,승용,남,64세,경상
2018031800100037,2018년 3월 18일 02시,일요일,강원도 원주시 문막읍,사망사고,2,0,0,0,차대사람 - 횡단중,보행자보호의무위반,건조,맑음,단일로 - 기타,승용,남,46세,사망,보행자,남,55세,사망
2018031800100086,2018년 3월 18일 07시,일요일,강원도 원주시 단계동,경상사고,0,0,1,0,차대사람 - 횡단중,보행자보호의무위반,건조,맑음,교차로 - 교차로횡단보도내,승용,남,38세,상해없음,보행자,여,49세,경상
2018031800100097,2018년 3월 18일 08시,일요일,강원도 속초시 대포동,중상사고,0,1,1,0,차대차 - 측면충돌,신호위반,건조,맑음,교차로 - 교차로안,승용,남,72세,상해없음,승용,남,62세,중상
2018031800100197,2018년 3월 18일 14시,일요일,강원도 춘천시 남면,중상사고,0,1,3,0,차대차 - 추돌,안전거리미확보,건조,맑음,단일로 - 터널,승용,남,27세,상해없음,승용,남,36세,경상
2018031800100231,2018년 3월 18일 15시,일요일,강원도 강릉시 교동,경상사고,0,0,3,0,차대차 - 측면충돌,안전운전불이행,건조,맑음,단일로 - 기타,승용,남,32세,상해없음,화물,남,66세,경상
2018031800100232,2018년 3월 18일 15시,일요일,강원도 원주시 소초면,경상사고,0,0,1,0,차량단독 - 기타,안전운전불이행,건조,맑음,단일로 - 기타,승용,남,82세,상해없음,,,,
2018031800100233,2018년 3월 18일 15시,일요일,강원도 삼척시 정상동,중상사고,0,1,0,0,차대차 - 측면충돌,안전거리미확보,건조,맑음,단일로 - 기타,건설기계,남,62세,상해없음,승용,여,48세,중상
2018031800100259,2018년 3월 18일 16시,일요일,강원도 양양군 강현면,경상사고,0,0,3,0,차대차 - 추돌,안전운전불이행,건조,맑음,교차로 - 교차로부근,화물,남,60세,상해없음,승용,여,40세,경상
2018031800100311,2018년 3월 18일 18시,일요일,강원도 삼척시 도계읍,경상사고,0,0,1,0,차량단독 - 공작물충돌,안전운전불이행,건조,맑음,교차로 - 교차로부근,사륜오토바이(ATV),남,71세,경상,,,,
2018031800100312,2018년 3월 18일 18시,일요일,강원도 동해시 천곡동,경상사고,0,0,1,0,차대차 - 측면충돌,안전운전불이행,건조,맑음,교차로 - 교차로안,승용,남,52세,상해없음,승용,여,50세,경상
2018031800100342,2018년 3월 18일 19시,일요일,강원도 원주시 학성동,경상사고,0,0,2,0,차대차 - 추돌,안전운전불이행,젖음/습기,비,기타 - 기타,승용,남,48세,상해없음,승용,남,53세,경상
2018031800100343,2018년 3월 18일 19시,일요일,강원도 원주시 단계동,경상사고,0,0,3,0,차대차 - 측면충돌,안전운전불이행,젖음/습기,비,교차로 - 교차로부근,승용,여,53세,상해없음,승용,남,37세,경상
2018031800100378,2018년 3월 18일 20시,일요일,강원도 철원군 갈말읍,경상사고,0,0,5,0,차대차 - 추돌,안전운전불이행,젖음/습기,비,단일로 - 기타,승용,여,63세,상해없음,승용,남,53세,경상
2018031800100407,2018년 3월 18일 21시,일요일,강원도 철원군 동송읍,경상사고,0,0,1,0,차대사람 - 기타,안전운전불이행,젖음/습기,비,단일로 - 기타,승용,남,50세,상해없음,보행자,남,27세,경상
2018031800100460,2018년 3월 18일 23시,일요일,강원도 원주시 단계동,부상신고사고,0,0,0,1,차대사람 - 기타,안전운전불이행,젖음/습기,비,교차로 - 교차로안,기타불명,기타불명,미분류,기타불명,보행자,남,40세,부상신고
2018031900100107,2018년 3월 19일 08시,월요일,강원도 원주시 태장동,경상사고,0,0,2,0,차대차 - 추돌,안전거리미확보,젖음/습기,비,단일로 - 기타,승용,남,72세,상해없음,승용,남,33세,경상
2018031900100139,2018년 3월 19일 09시,월요일,강원도 원주시 태장동,부상신고사고,0,0,0,3,차대차 - 측면충돌,안전운전불이행,건조,맑음,교차로 - 교차로안,승용,남,38세,상해없음,승합,남,62세,부상신고
2018031900100140,2018년 3월 19일 09시,월요일,강원도 원주시 무실동,경상사고,0,0,1,0,차대차 - 측면충돌,교차로운행방법위반,젖음/습기,흐림,교차로 - 교차로안,승용,남,55세,상해없음,승용,여,42세,경상
2018031900100168,2018년 3월 19일 10시,월요일,강원도 춘천시 효자동,중상사고,0,1,0,0,차대사람 - 보도통행중,보행자보호의무위반,건조,맑음,단일로 - 기타,승용,남,49세,상해없음,보행자,남,82세,중상
2018031900100169,2018년 3월 19일 10시,월요일,강원도 원주시 관설동,경상사고,0,0,2,0,차대차 - 측면충돌,안전운전불이행,건조,맑음,교차로 - 교차로부근,승용,여,51세,상해없음,승용,여,70세,경상
2018031900100198,2018년 3월 19일 11시,월요일,강원도 강릉시 주문진읍,중상사고,0,1,0,0,차대차 - 측면충돌,안전운전불이행,젖음/습기,비,교차로 - 교차로안,화물,남,41세,상해없음,자전거,남,78세,중상
2018031900100199,2018년 3월 19일 11시,월요일,강원도 홍천군 홍천읍,중상사고,0,1,0,0,차대사람 - 횡단중,안전운전불이행,건조,맑음,교차로 - 교차로부근,승합,남,77세,상해없음,보행자,여,58세,중상
2018031900100264,2018년 3월 19일 14시,월요일,강원도 화천군 사내면,중상사고,0,1,1,0,차대차 - 정면충돌,중앙선침범,건조,맑음,단일로 - 기타,승용,남,35세,중상,승용,남,44세,경상
2018031900100325,2018년 3월 19일 16시,월요일,강원도 춘천시 교동,경상사고,0,0,1,1,차대차 - 측면충돌,안전운전불이행,건조,맑음,교차로 - 교차로안,승용,남,65세,상해없음,승용,남,23세,경상
2018031900100363,2018년 3월 19일 17시,월요일,강원도 강릉시 노암동,경상사고,0,0,1,0,차대차 - 측면충돌,신호위반,건조,맑음,교차로 - 교차로안,승용,여,49세,상해없음,승용,여,51세,경상
2018031900100395,2018년 3월 19일 18시,월요일,강원도 원주시 학성동,중상사고,0,1,1,0,차대차 - 추돌,안전거리미확보,젖음/습기,흐림,단일로 - 기타,승용,남,51세,상해없음,승용,남,52세,중상
2018031900100478,2018년 3월 19일 20시,월요일,강원도 원주시 평원동,경상사고,0,0,2,0,차대차 - 추돌,안전거리미확보,건조,맑음,단일로 - 기타,승용,여,59세,상해없음,화물,남,52세,경상
2018031900100479,2018년 3월 19일 20시,월요일,강원도 원주시 봉산동,중상사고,0,1,1,0,차대사람 - 횡단중,안전운전불이행,건조,맑음,교차로 - 교차로부근,승용,남,46세,상해없음,보행자,여,51세,중상
2018031900100570,2018년 3월 19일 23시,월요일,강원도 원주시 신림면,중상사고,0,1,0,0,차량단독 - 도로외이탈 - 추락,안전운전불이행,건조,맑음,단일로 - 기타,승용,남,27세,상해없음,,,,
2018032000100104,2018년 3월 20일 08시,화요일,강원도 춘천시 퇴계동,경상사고,0,0,1,0,차대차 - 기타,안전거리미확보,건조,맑음,단일로 - 기타,승용,여,60세,상해없음,승용,남,38세,경상
2018032000100105,2018년 3월 20일 08시,화요일,강원도 원주시 관설동,중상사고,0,1,0,0,차대차 - 측면충돌,안전운전불이행,건조,맑음,교차로 - 교차로횡단보도내,승용,남,65세,상해없음,자전거,남,22세,중상
2018032000100139,2018년 3월 20일 09시,화요일,강원도 춘천시 칠전동,경상사고,0,0,4,0,차대차 - 추돌,안전운전불이행,건조,맑음,단일로 - 기타,승합,남,56세,상해없음,승합,여,48세,경상
2018032000100198,2018년 3월 20일 11시,화요일,강원도 춘천시 사북면,경상사고,0,0,1,0,차대차 - 측면충돌,교차로운행방법위반,건조,맑음,교차로 - 교차로안,승용,남,73세,상해없음,화물,남,70세,경상
2018032000100236,2018년 3월 20일 12시,화요일,강원도 원주시 단구동,경상사고,0,0,1,0,차대사람 - 횡단중,안전운전불이행,건조,맑음,단일로 - 기타,승용,남,65세,상해없음,보행자,남,21세,경상
2018032000100237,2018년 3월 20일 12시,화요일,강원도 정선군 고한읍,중상사고,0,1,0,0,차대차 - 측면충돌,안전운전불이행,건조,맑음,교차로 - 교차로안,화물,남,66세,상해없음,이륜,남,77세,중상
2018032000100278,2018년 3월 20일 14시,화요일,강원도 횡성군 우천면,경상사고,0,0,1,0,차대차 - 정면충돌,중앙선침범,건조,맑음,단일로 - 기타,화물,남,70세,상해없음,건설기계,남,58세,경상
2018032000100309,2018년 3월 20일 15시,화요일,강원도 원주시 문막읍,경상사고,0,0,1,0,차대차 - 기타,안전운전불이행,건조,맑음,기타 - 기타,승용,여,57세,상해없음,승용,남,47세,상해없음
2018032000100334,2018년 3월 20일 16시,화요일,강원도 원주시 문막읍,경상사고,0,0,1,0,차대차 - 측면충돌,안전운전불이행,건조,맑음,교차로 - 교차로안,승용,남,27세,상해없음,승용,여,51세,경상
2018032000100409,2018년 3월 20일 18시,화요일,강원도 춘천시 석사동,경상사고,0,0,2,0,차대차 - 기타,안전운전불이행,건조,맑음,단일로 - 기타,이륜,남,16세,경상,승용,남,62세,경상
2018032000100410,2018년 3월 20일 18시,화요일,강원도 양양군 서면,중상사고,0,1,0,0,차량단독 - 도로외이탈 - 추락,안전운전불이행,젖음/습기,흐림,단일로 - 기타,화물,남,67세,상해없음,,,,
2018032000100447,2018년 3월 20일 19시,화요일,강원도 원주시 명륜동,중상사고,0,1,0,0,차대차 - 측면충돌,교차로운행방법위반,건조,맑음,교차로 - 교차로안,승용,남,23세,상해없음,승용,남,33세,중상
2018032000100548,2018년 3월 20일 22시,화요일,강원도 태백시 장성동,경상사고,0,0,2,0,차대차 - 추돌,안전운전불이행,젖음/습기,눈,단일로 - 기타,승용,남,47세,상해없음,승용,남,32세,경상
2018032100100006,2018년 3월 21일 00시,수요일,강원도 원주시 단계동,중상사고,0,3,0,0,차대차 - 추돌,안전운전불이행,건조,맑음,교차로 - 교차로부근,승용,남,67세,상해없음,승용,남,39세,중상
2018032100100084,2018년 3월 21일 07시,수요일,강원도 홍천군 내면,중상사고,0,1,0,0,차대사람 - 기타,안전운전불이행,기타,눈,단일로 - 기타,화물,남,65세,상해없음,보행자,남,56세,중상
2018032100100113,2018년 3월 21일 08시,수요일,강원도 영월군 영월읍,부상신고사고,0,0,0,2,차대차 - 측면충돌,교차로운행방법위반,젖음/습기,흐림,교차로 - 교차로안,승용,여,44세,부상신고,승용,남,69세,부상신고
2018032100100114,2018년 3월 21일 08시,수요일,강원도 태백시 장성동,중상사고,0,1,0,0,차대차 - 측면충돌,안전운전불이행,적설,눈,단일로 - 기타,승용,여,47세,상해없음,승용,여,45세,상해없음
2018032100100147,2018년 3월 21일 09시,수요일,강원도 원주시 태장동,경상사고,0,0,2,0,차대차 - 측면충돌,교차로운행방법위반,건조,맑음,교차로 - 교차로안,승용,여,40세,기타불명,승용,여,51세,경상
2018032100100148,2018년 3월 21일 09시,수요일,강원도 원주시 학성동,경상사고,0,0,1,0,차대차 - 측면충돌,직진우회전진행방해,건조,맑음,교차로 - 교차로안,승용,여,57세,상해없음,승용,남,56세,상해없음
2018032100100198,2018년 3월 21일 11시,수요일,강원도 원주시 지정면,경상사고,0,0,1,0,차대차 - 추돌,신호위반,건조,맑음,교차로 - 교차로안,승용,남,73세,상해없음,승용,남,55세,경상
2018032100100199,2018년 3월 21일 11시,수요일,강원도 삼척시 사직동,경상사고,0,0,1,0,차대사람 - 횡단중,신호위반,젖음/습기,눈,교차로 - 교차로부근,승용,남,61세,상해없음,보행자,여,79세,경상
2018032100100210,2018년 3월 21일 12시,수요일,강원도 강릉시 옥천동,경상사고,0,0,2,0,차대차 - 측면충돌,안전운전불이행,젖음/습기,비,교차로 - 교차로안,승용,남,74세,상해없음,승용,여,40세,경상
2018032100100232,2018년 3월 21일 13시,수요일,강원도 원주시 단구동,경상사고,0,0,1,0,차대차 - 측면충돌,직진우회전진행방해,건조,맑음,교차로 - 교차로안,화물,여,68세,상해없음,승용,여,31세,경상
2018032100100289,2018년 3월 21일 15시,수요일,강원도 춘천시 근화동,경상사고,0,0,1,0,차대차 - 측면충돌,안전운전불이행,건조,맑음,단일로 - 기타,건설기계,남,63세,상해없음,승용,여,49세,경상
2018032100100290,2018년 3월 21일 15시,수요일,강원도 평창군 대관령면,부상신고사고,0,0,0,1,차대사람 - 차도통행중,안전운전불이행,적설,눈,단일로 - 기타,승용,남,38세,상해없음,보행자,남,42세,부상신고
2018032100100327,2018년 3월 21일 16시,수요일,강원도 정선군 신동읍,경상사고,0,0,1,0,차대차 - 정면충돌,중앙선침범,기타,기타,단일로 - 기타,화물,남,42세,기타불명,승용,남,55세,경상
2018032100100358,2018년 3월 21일 17시,수요일,강원도 춘천시 사농동,부상신고사고,0,0,0,1,차대차 - 측면충돌,안전거리미확보,건조,맑음,단일로 - 기타,승용,남,45세,상해없음,승용,남,71세,부상신고
2018032100100359,2018년 3월 21일 17시,수요일,강원도 강릉시 홍제동,경상사고,0,0,1,0,차대차 - 기타,안전운전불이행,젖음/습기,비,단일로 - 기타,승용,남,61세,상해없음,화물,남,57세,경상
2018032100100360,2018년 3월 21일 17시,수요일,강원도 강릉시 왕산면,경상사고,0,0,1,0,차대차 - 추돌,안전운전불이행,적설,눈,단일로 - 기타,승용,남,53세,상해없음,승용,남,66세,경상
2018032100100361,2018년 3월 21일 17시,수요일,강원도 속초시 교동,경상사고,0,0,3,0,차대차 - 측면충돌,안전운전불이행,건조,맑음,교차로 - 교차로부근,승용,여,37세,상해없음,승용,여,30세,경상
2018032100100393,2018년 3월 21일 18시,수요일,강원도 강릉시 성내동,중상사고,0,1,1,0,차대사람 - 횡단중,보행자보호의무위반,젖음/습기,비,교차로 - 교차로횡단보도내,승합,남,67세,상해없음,보행자,여,61세,중상
2018032100100394,2018년 3월 21일 18시,수요일,강원도 횡성군 둔내면,경상사고,0,0,1,0,차대차 - 기타,안전운전불이행,건조,흐림,교차로 - 교차로안,승용,남,65세,상해없음,이륜,남,15세,경상
2018032100100477,2018년 3월 21일 20시,수요일,강원도 강릉시 노암동,중상사고,0,1,0,0,차대차 - 기타,안전운전불이행,건조,맑음,교차로 - 교차로안,승용,남,28세,상해없음,이륜,남,33세,중상
2018032100100530,2018년 3월 21일 22시,수요일,강원도 춘천시 퇴계동,경상사고,0,0,2,0,차대차 - 측면충돌,안전거리미확보,건조,맑음,단일로 - 기타,승용,남,60세,상해없음,승용,남,67세,경상
2018032100100531,2018년 3월 21일 22시,수요일,강원도 횡성군 공근면,경상사고,0,0,2,0,차대차 - 측면충돌,차로위반,건조,맑음,교차로 - 교차로부근,화물,남,52세,상해없음,승용,남,53세,경상
2018032100100567,2018년 3월 21일 23시,수요일,강원도 속초시 교동,중상사고,0,1,0,0,차대차 - 측면충돌,신호위반,건조,맑음,교차로 - 교차로안,승용,남,67세,상해없음,이륜,남,27세,중상
2018032200100142,2018년 3월 22일 08시,목요일,강원도 춘천시 신북읍,경상사고,0,0,1,0,차대차 - 정면충돌,교차로운행방법위반,건조,맑음,교차로 - 교차로안,승용,남,62세,상해없음,승용,남,28세,경상
2018032200100143,2018년 3월 22일 08시,목요일,강원도 춘천시 신동면,경상사고,0,0,2,0,차대차 - 기타,중앙선침범,건조,맑음,단일로 - 기타,승용,남,30세,상해없음,승용,여,29세,경상
2018032200100144,2018년 3월 22일 08시,목요일,강원도 원주시 단계동,경상사고,0,0,2,0,차대차 - 추돌,안전거리미확보,건조,맑음,단일로 - 기타,화물,여,58세,상해없음,승용,여,49세,경상
2018032200100145,2018년 3월 22일 08시,목요일,강원도 삼척시 건지동,경상사고,0,0,1,0,차대차 - 측면충돌,안전운전불이행,건조,맑음,교차로 - 교차로안,승용,여,42세,상해없음,승용,남,57세,경상
2018032200100207,2018년 3월 22일 10시,목요일,강원도 원주시 단계동,부상신고사고,0,0,0,1,차대차 - 측면충돌,안전운전불이행,건조,맑음,교차로 - 교차로안,승용,남,79세,상해없음,화물,남,52세,부상신고
2018032200100239,2018년 3월 22일 11시,목요일,강원도 양양군 양양읍,중상사고,0,1,0,0,차대사람 - 차도통행중,안전운전불이행,건조,맑음,단일로 - 기타,화물,남,67세,상해없음,보행자,여,83세,중상
2018032200100261,2018년 3월 22일 12시,목요일,강원도 원주시 단계동,경상사고,0,0,1,0,차대차 - 추돌,안전운전불이행,건조,맑음,교차로 - 교차로부근,승용,여,36세,상해없음,승용,남,36세,상해없음
2018032200100292,2018년 3월 22일 13시,목요일,강원도 평창군 진부면,중상사고,0,1,2,0,차대차 - 정면충돌,중앙선침범,건조,맑음,단일로 - 기타,승용,여,28세,경상,화물,남,61세,경상
2018032200100319,2018년 3월 22일 14시,목요일,강원도 정선군 신동읍,경상사고,0,0,1,0,차대차 - 기타,안전운전불이행,건조,맑음,단일로 - 기타,건설기계,남,68세,상해없음,이륜,남,52세,경상
2018032200100339,2018년 3월 22일 15시,목요일,강원도 삼척시 근덕면,경상사고,0,0,1,0,차대차 - 후진중충돌,안전운전불이행,건조,맑음,단일로 - 기타,승용,남,73세,상해없음,승용,남,75세,경상
2018032200100449,2018년 3월 22일 18시,목요일,강원도 춘천시 후평동,경상사고,0,0,1,0,차대사람 - 길가장자리구역통행중,보행자보호의무위반,건조,맑음,단일로 - 기타,승용,여,44세,상해없음,보행자,여,34세,경상
2018032200100492,2018년 3월 22일 19시,목요일,강원도 원주시 무실동,경상사고,0,0,1,0,차대차 - 측면충돌,교차로운행방법위반,건조,맑음,교차로 - 교차로안,승용,남,59세,상해없음,승용,여,40세,상해없음
2018032200100493,2018년 3월 22일 19시,목요일,강원도 동해시 평릉동,경상사고,0,0,1,0,차대차 - 측면충돌,교차로운행방법위반,건조,맑음,교차로 - 교차로안,승용,여,52세,상해없음,승용,남,83세,경상
2018032200100524,2018년 3월 22일 20시,목요일,강원도 춘천시 후평동,경상사고,0,0,1,0,차대차 - 추돌,안전운전불이행,건조,맑음,교차로 - 교차로부근,승용,남,37세,상해없음,승용,남,60세,경상
2018032200100564,2018년 3월 22일 22시,목요일,강원도 강릉시 교동,중상사고,0,1,3,0,차대차 - 추돌,안전운전불이행,건조,맑음,단일로 - 기타,승용,남,34세,상해없음,승용,남,49세,중상
2018032200100565,2018년 3월 22일 22시,목요일,강원도 홍천군 남면,경상사고,0,0,1,0,차량단독 - 기타,안전운전불이행,건조,맑음,단일로 - 기타,이륜,남,33세,경상,,,,
2018032200100598,2018년 3월 22일 23시,목요일,강원도 춘천시 남면,부상신고사고,0,0,0,1,차대차 - 측면충돌,안전거리미확보,건조,맑음,단일로 - 기타,화물,남,55세,상해없음,승용,남,22세,부상신고
2018032200100599,2018년 3월 22일 23시,목요일,강원도 원주시 단계동,경상사고,0,0,1,0,차대차 - 추돌,안전운전불이행,건조,맑음,교차로 - 교차로부근,승용,남,37세,상해없음,승용,남,41세,경상
2018032300100009,2018년 3월 23일 00시,금요일,강원도 원주시 단계동,경상사고,0,0,4,0,차대차 - 측면충돌,직진우회전진행방해,건조,맑음,교차로 - 교차로안,승용,남,49세,상해없음,승용,여,48세,경상
2018032300100110,2018년 3월 23일 08시,금요일,강원도 춘천시 우두동,경상사고,0,0,2,0,차대차 - 측면충돌,직진우회전진행방해,건조,맑음,교차로 - 교차로안,승용,여,31세,상해없음,화물,남,55세,경상
2018032300100111,2018년 3월 23일 08시,금요일,강원도 춘천시 퇴계동,경상사고,0,0,1,0,차대차 - 측면충돌,직진우회전진행방해,건조,맑음,교차로 - 교차로안,승용,여,44세,상해없음,승용,여,45세,경상
2018032300100149,2018년 3월 23일 09시,금요일,강원도 삼척시 남양동,중상사고,0,1,0,0,차대차 - 측면충돌,안전운전불이행,건조,맑음,단일로 - 기타,승용,남,84세,상해없음,자전거,여,66세,중상
2018032300100150,2018년 3월 23일 09시,금요일,강원도 정선군 사북읍,경상사고,0,0,1,0,차대사람 - 기타,안전운전불이행,건조,맑음,교차로 - 교차로안,승용,남,45세,상해없음,보행자,남,28세,경상
2018032300100172,2018년 3월 23일 10시,금요일,강원도 영월군 영월읍,중상사고,0,1,0,0,차대차 - 측면충돌,교차로운행방법위반,건조,맑음,교차로 - 교차로안,화물,남,66세,상해없음,자전거,남,82세,중상
2018032300100203,2018년 3월 23일 11시,금요일,강원도 속초시 청학동,경상사고,0,0,1,0,차대차 - 측면충돌,안전운전불이행,건조,맑음,기타 - 기타,승용,남,38세,상해없음,승용,여,59세,경상
2018032300100230,2018년 3월 23일 12시,금요일,강원도 춘천시 효자동,경상사고,0,0,1,0,차대차 - 추돌,안전거리미확보,건조,맑음,단일로 - 기타,이륜,남,73세,상해없음,승용,여,62세,경상
2018032300100251,2018년 3월 23일 13시,금요일,강원도 춘천시 신북읍,경상사고,0,0,1,0,차대차 - 측면충돌,직진우회전진행방해,건조,맑음,교차로 - 교차로안,화물,여,62세,상해없음,승용,남,78세,상해없음
2018032300100252,2018년 3월 23일 13시,금요일,강원도 강릉시 포남동,경상사고,0,0,1,0,차대차 - 측면충돌,신호위반,건조,맑음,교차로 - 교차로안,화물,남,65세,상해없음,승용,남,63세,경상