사고번호,사고일시,요일,시군구,사고내용,사망자수,중상자수,경상자수,부상신고자수,사고유형,법규위반,노면상태,기상상태,도로형태,가해운전자 차종,가해운전자 성별,가해운전자 연령,가해운전자 상해정도,피해운전자 차종,피해운전자 성별,피해운전자 연령,피해운전자 상해정도
2018032300100278,2018년 3월 23일 14시,금요일,강원도 춘천시 효자동,경상사고,0,0,1,0,차대사람 - 횡단중,안전운전불이행,건조,맑음,교차로 - 교차로안,승용,여,49세,상해없음,보행자,여,8세,경상
2018032300100309,2018년 3월 23일 15시,금요일,강원도 삼척시 당저동,중상사고,0,1,0,0,차대사람 - 횡단중,보행자보호의무위반,건조,맑음,단일로 - 기타,승용,남,58세,상해없음,보행자,여,69세,중상
2018032300100310,2018년 3월 23일 15시,금요일,강원도 철원군 근남면,중상사고,0,1,0,0,차대차 - 측면충돌,중앙선침범,건조,맑음,단일로 - 기타,화물,남,46세,상해없음,이륜,남,75세,중상
2018032300100346,2018년 3월 23일 16시,금요일,강원도 춘천시 석사동,경상사고,0,0,1,0,차대차 - 측면충돌,교차로운행방법위반,건조,맑음,교차로 - 교차로안,화물,남,78세,상해없음,승용,여,46세,경상
2018032300100397,2018년 3월 23일 17시,금요일,강원도 강릉시 왕산면,경상사고,0,0,1,0,차대차 - 기타,중앙선침범,건조,맑음,단일로 - 기타,승용,남,48세,상해없음,화물,남,47세,경상
2018032300100398,2018년 3월 23일 17시,금요일,강원도 원주시 흥업면,부상신고사고,0,0,0,1,차대사람 - 기타,기타,건조,맑음,단일로 - 기타,기타불명,기타불명,미분류,기타불명,보행자,여,86세,부상신고
2018032300100399,2018년 3월 23일 17시,금요일,강원도 홍천군 서석면,부상신고사고,0,0,0,1,차량단독 - 전도전복 - 전도,안전운전불이행,건조,맑음,단일로 - 기타,이륜,남,73세,부상신고,미분류,미분류,미분류,미분류
2018032300100400,2018년 3월 23일 17시,금요일,강원도 정선군 신동읍,중상사고,0,1,2,0,차대차 - 추돌,안전운전불이행,건조,맑음,교차로 - 교차로부근,승합,남,56세,상해없음,승용,남,55세,경상
2018032300100439,2018년 3월 23일 18시,금요일,강원도 원주시 명륜동,경상사고,0,0,1,0,차대차 - 추돌,안전운전불이행,건조,맑음,교차로 - 교차로부근,원동기,남,19세,상해없음,승용,여,26세,경상
2018032300100479,2018년 3월 23일 19시,금요일,강원도 춘천시 신북읍,경상사고,0,0,2,0,차대차 - 추돌,안전운전불이행,건조,맑음,단일로 - 기타,승합,남,53세,상해없음,승용,여,56세,경상
2018032300100480,2018년 3월 23일 19시,금요일,강원도 강릉시 노암동,중상사고,0,1,0,0,차대차 - 측면충돌,차로위반,건조,맑음,단일로 - 기타,승합,여,57세,상해없음,승용,여,50세,중상
2018032300100521,2018년 3월 23일 20시,금요일,강원도 원주시 일산동,경상사고,0,0,1,0,차대차 - 측면충돌,안전운전불이행,건조,흐림,단일로 - 기타,승용,여,57세,상해없음,이륜,남,25세,경상
2018032300100551,2018년 3월 23일 21시,금요일,강원도 강릉시 노암동,중상사고,0,1,0,0,차대사람 - 기타,안전운전불이행,건조,맑음,단일로 - 기타,승용,여,53세,상해없음,보행자,여,34세,중상
2018032300100552,2018년 3월 23일 21시,금요일,강원도 속초시 영랑동,경상사고,0,0,1,0,차대사람 - 횡단중,보행자보호의무위반,건조,맑음,교차로 - 교차로안,승용,여,50세,상해없음,보행자,여,60세,경상
2018032400100084,2018년 3월 24일 06시,토요일,강원도 춘천시 동내면,경상사고,0,0,1,0,차대차 - 추돌,안전운전불이행,건조,맑음,교차로 - 교차로부근,승용,남,57세,상해없음,승용,남,54세,경상
2018032400100096,2018년 3월 24일 07시,토요일,강원도 춘천시 신동면,경상사고,0,0,4,0,차대차 - 기타,안전운전불이행,건조,맑음,단일로 - 교량,승용,남,32세,상해없음,승용,남,51세,경상
2018032400100128,2018년 3월 24일 09시,토요일,강원도 원주시 개운동,경상사고,0,0,1,0,차대차 - 측면충돌,안전운전불이행,건조,맑음,교차로 - 교차로부근,승용,여,57세,상해없음,승용,여,39세,경상
2018032400100179,2018년 3월 24일 11시,토요일,강원도 영월군 북면,중상사고,0,1,0,0,차대차 - 측면충돌,기타,건조,맑음,교차로 - 교차로안,승용,남,69세,상해없음,승용,남,71세,중상
2018032400100213,2018년 3월 24일 12시,토요일,강원도 원주시 무실동,경상사고,0,0,2,0,차대차 - 측면충돌,교차로운행방법위반,건조,맑음,교차로 - 교차로안,승용,여,58세,상해없음,승용,여,36세,경상
2018032400100214,2018년 3월 24일 12시,토요일,강원도 삼척시 남양동,경상사고,0,0,2,0,차대차 - 측면충돌,안전운전불이행,건조,맑음,교차로 - 교차로부근,승용,여,43세,경상,승용,남,64세,상해없음
2018032400100280,2018년 3월 24일 14시,토요일,강원도 강릉시 송정동,경상사고,0,0,1,0,차대차 - 추돌,안전운전불이행,건조,맑음,단일로 - 기타,승용,남,28세,상해없음,승용,여,41세,경상
2018032400100337,2018년 3월 24일 16시,토요일,강원도 원주시 관설동,중상사고,0,2,3,0,차대차 - 측면충돌,안전운전불이행,건조,맑음,단일로 - 기타,승용,남,73세,상해없음,승용,남,41세,중상
2018032400100370,2018년 3월 24일 17시,토요일,강원도 춘천시 석사동,경상사고,0,0,1,0,차량단독 - 기타,안전운전불이행,건조,맑음,교차로 - 교차로부근,승합,남,49세,상해없음,,,,
2018032400100479,2018년 3월 24일 20시,토요일,강원도 춘천시 서면,경상사고,0,0,3,0,차대차 - 측면충돌,중앙선침범,건조,맑음,단일로 - 기타,승용,남,28세,상해없음,승용,남,34세,경상
2018032400100540,2018년 3월 24일 23시,토요일,강원도 원주시 무실동,경상사고,0,0,1,0,차대차 - 추돌,안전운전불이행,건조,맑음,교차로 - 교차로안,승용,남,39세,상해없음,이륜,남,46세,경상
2018032500100007,2018년 3월 25일 00시,일요일,강원도 춘천시 석사동,경상사고,0,0,4,0,차대차 - 추돌,안전운전불이행,건조,맑음,교차로 - 교차로부근,승용,여,55세,상해없음,승용,남,25세,경상
2018032500100008,2018년 3월 25일 00시,일요일,강원도 춘천시 퇴계동,경상사고,0,0,1,0,차대차 - 후진중충돌,안전운전불이행,건조,맑음,단일로 - 기타,승용,기타불명,미분류,기타불명,승용,여,42세,경상
2018032500100018,2018년 3월 25일 01시,일요일,강원도 춘천시 온의동,중상사고,0,1,1,0,차대차 - 추돌,안전운전불이행,건조,맑음,교차로 - 교차로부근,승용,남,48세,상해없음,승용,남,37세,중상
2018032500100019,2018년 3월 25일 01시,일요일,강원도 원주시 반곡동,경상사고,0,0,2,0,차대차 - 추돌,안전운전불이행,건조,맑음,단일로 - 기타,승용,남,43세,상해없음,승용,남,25세,경상
2018032500100075,2018년 3월 25일 08시,일요일,강원도 춘천시 근화동,경상사고,0,0,3,0,차대차 - 측면충돌,신호위반,건조,맑음,교차로 - 교차로안,승용,남,73세,상해없음,승용,여,51세,경상
2018032500100103,2018년 3월 25일 10시,일요일,강원도 춘천시 퇴계동,경상사고,0,0,1,0,차대차 - 측면충돌,신호위반,건조,맑음,교차로 - 교차로안,승용,남,39세,상해없음,승용,남,57세,경상
2018032500100148,2018년 3월 25일 12시,일요일,강원도 원주시 명륜동,경상사고,0,0,3,0,차대차 - 측면충돌,중앙선침범,건조,맑음,단일로 - 기타,승용,남,76세,상해없음,이륜,남,38세,경상
2018032500100223,2018년 3월 25일 15시,일요일,강원도 삼척시 정상동,경상사고,0,0,4,0,차대차 - 측면충돌,교차로운행방법위반,건조,맑음,교차로 - 교차로안,승용,남,59세,상해없음,화물,여,56세,경상
2018032500100255,2018년 3월 25일 16시,일요일,강원도 춘천시 효자동,중상사고,0,1,0,0,차대사람 - 횡단중,보행자보호의무위반,건조,맑음,교차로 - 교차로횡단보도내,승용,여,63세,상해없음,보행자,여,61세,중상
2018032500100282,2018년 3월 25일 17시,일요일,강원도 춘천시 근화동,경상사고,0,0,1,0,차대차 - 측면충돌,직진우회전진행방해,건조,맑음,교차로 - 교차로안,승용,남,53세,상해없음,승용,남,24세,경상
2018032500100310,2018년 3월 25일 18시,일요일,강원도 원주시 개운동,경상사고,0,0,1,0,차대차 - 측면충돌,교차로운행방법위반,건조,맑음,교차로 - 교차로부근,승용,남,30세,상해없음,화물,남,64세,경상
2018032500100311,2018년 3월 25일 18시,일요일,강원도 삼척시 정상동,경상사고,0,0,1,0,차대차 - 측면충돌,안전운전불이행,건조,맑음,교차로 - 교차로부근,승용,여,37세,상해없음,자전거,남,73세,경상
2018032500100415,2018년 3월 25일 22시,일요일,강원도 춘천시 석사동,중상사고,0,1,0,0,차대차 - 측면충돌,안전운전불이행,건조,맑음,단일로 - 기타,승용,남,30세,상해없음,이륜,남,16세,중상
2018032600100016,2018년 3월 26일 02시,월요일,강원도 춘천시 효자동,경상사고,0,0,1,0,차대차 - 측면충돌,신호위반,건조,맑음,교차로 - 교차로안,이륜,남,18세,상해없음,승용,남,63세,상해없음
2018032600100042,2018년 3월 26일 06시,월요일,강원도 원주시 흥업면,중상사고,0,2,0,0,차대차 - 정면충돌,중앙선침범,건조,맑음,교차로 - 교차로부근,승용,남,19세,상해없음,승용,여,51세,중상
2018032600100085,2018년 3월 26일 08시,월요일,강원도 춘천시 석사동,경상사고,0,0,2,0,차대사람 - 횡단중,안전운전불이행,건조,맑음,단일로 - 기타,승용,남,48세,상해없음,보행자,남,8세,경상
2018032600100086,2018년 3월 26일 08시,월요일,강원도 속초시 교동,중상사고,0,1,0,0,차대사람 - 차도통행중,안전운전불이행,건조,맑음,단일로 - 기타,승용,여,48세,상해없음,보행자,여,18세,중상
2018032600100126,2018년 3월 26일 09시,월요일,강원도 영월군 영월읍,부상신고사고,0,0,0,1,차대사람 - 횡단중,안전운전불이행,건조,흐림,단일로 - 지하차도(도로)내,화물,남,65세,상해없음,보행자,남,38세,부상신고
2018032600100127,2018년 3월 26일 09시,월요일,강원도 인제군 기린면,중상사고,0,1,0,0,차량단독 - 도로외이탈 - 추락,안전운전불이행,건조,맑음,기타 - 기타,사륜오토바이(ATV),남,79세,상해없음,,,,
2018032600100150,2018년 3월 26일 10시,월요일,강원도 속초시 조양동,중상사고,0,1,0,0,차대차 - 측면충돌,안전운전불이행,건조,맑음,단일로 - 지하차도(도로)내,승용,여,38세,상해없음,자전거,남,67세,중상
2018032600100151,2018년 3월 26일 10시,월요일,강원도 평창군 봉평면,경상사고,0,0,1,0,차량단독 - 전도전복 - 전도,안전운전불이행,건조,맑음,단일로 - 기타,이륜,남,71세,경상,미분류,미분류,미분류,미분류
2018032600100186,2018년 3월 26일 11시,월요일,강원도 원주시 중앙동,경상사고,0,0,1,0,차대차 - 추돌,안전거리미확보,건조,맑음,단일로 - 기타,승용,남,74세,기타불명,승용,남,33세,경상
2018032600100187,2018년 3월 26일 11시,월요일,강원도 속초시 교동,경상사고,0,0,2,0,차대차 - 측면충돌,안전운전불이행,건조,맑음,교차로 - 교차로안,승용,여,47세,상해없음,승용,남,53세,경상
2018032600100188,2018년 3월 26일 11시,월요일,강원도 삼척시 정상동,경상사고,0,0,1,0,차량단독 - 전도전복 - 전도,안전운전불이행,건조,맑음,기타 - 기타,원동기,남,56세,경상,미분류,미분류,미분류,미분류
2018032600100216,2018년 3월 26일 12시,월요일,강원도 삼척시 읍중동,경상사고,0,0,1,0,차대차 - 측면충돌,기타,건조,맑음,단일로 - 기타,승용,남,62세,상해없음,이륜,남,45세,경상
2018032600100217,2018년 3월 26일 12시,월요일,강원도 홍천군 서면,경상사고,0,0,1,0,차량단독 - 공작물충돌,안전운전불이행,건조,맑음,단일로 - 기타,승용,여,67세,경상,,,,
2018032600100244,2018년 3월 26일 13시,월요일,강원도 춘천시 후평동,경상사고,0,0,2,0,차대차 - 기타,차로위반,건조,맑음,단일로 - 기타,화물,남,45세,상해없음,화물,남,46세,경상
2018032600100245,2018년 3월 26일 13시,월요일,강원도 강릉시 연곡면,중상사고,0,1,0,0,차대사람 - 횡단중,안전운전불이행,건조,맑음,단일로 - 기타,승용,남,75세,상해없음,보행자,여,7세,중상
2018032600100271,2018년 3월 26일 14시,월요일,강원도 화천군 화천읍,경상사고,0,0,3,0,차대차 - 측면충돌,안전운전불이행,건조,맑음,교차로 - 교차로부근,승용,여,33세,경상,승용,여,32세,경상
2018032600100302,2018년 3월 26일 15시,월요일,강원도 태백시 장성동,경상사고,0,0,3,0,차대차 - 측면충돌,중앙선침범,건조,맑음,단일로 - 터널,승용,여,40세,상해없음,승용,여,50세,경상
2018032600100341,2018년 3월 26일 16시,월요일,강원도 춘천시 소양로3가,경상사고,0,0,2,0,차대차 - 기타,안전거리미확보,건조,맑음,단일로 - 기타,승합,남,61세,상해없음,승용,여,45세,경상
2018032600100342,2018년 3월 26일 16시,월요일,강원도 춘천시 후평동,경상사고,0,0,1,0,차대차 - 추돌,안전거리미확보,건조,맑음,단일로 - 기타,승용,여,62세,상해없음,승용,여,30세,경상
2018032600100343,2018년 3월 26일 16시,월요일,강원도 강릉시 입암동,경상사고,0,0,1,0,차대차 - 추돌,안전운전불이행,건조,맑음,교차로 - 교차로부근,승용,남,55세,상해없음,승용,여,58세,경상
2018032600100344,2018년 3월 26일 16시,월요일,강원도 원주시 호저면,경상사고,0,0,1,0,차대차 - 측면충돌,안전운전불이행,건조,맑음,단일로 - 기타,승용,여,50세,상해없음,승용,남,58세,경상
2018032600100345,2018년 3월 26일 16시,월요일,강원도 평창군 대화면,중상사고,0,1,0,0,차대차 - 추돌,안전운전불이행,기타,맑음,단일로 - 기타,승용,남,30세,상해없음,승용,여,54세,중상
2018032600100433,2018년 3월 26일 18시,월요일,강원도 춘천시 사북면,경상사고,0,0,2,0,차대차 - 측면충돌,안전운전불이행,건조,맑음,단일로 - 기타,화물,남,49세,상해없음,승합,남,54세,경상
2018032600100434,2018년 3월 26일 18시,월요일,강원도 원주시 태장동,경상사고,0,0,1,0,차대사람 - 횡단중,보행자보호의무위반,건조,맑음,단일로 - 기타,승용,남,26세,상해없음,보행자,남,14세,경상
2018032600100435,2018년 3월 26일 18시,월요일,강원도 태백시 황지동,부상신고사고,0,0,0,1,차대차 - 측면충돌,신호위반,건조,맑음,교차로 - 교차로안,이륜,남,69세,상해없음,승용,여,40세,부상신고
2018032600100436,2018년 3월 26일 18시,월요일,강원도 동해시 묵호진동,부상신고사고,0,0,0,1,차대사람 - 횡단중,안전운전불이행,건조,맑음,단일로 - 기타,기타불명,기타불명,미분류,기타불명,보행자,남,81세,부상신고
2018032600100472,2018년 3월 26일 19시,월요일,강원도 속초시 조양동,중상사고,0,1,0,0,차대차 - 측면충돌,안전운전불이행,건조,맑음,교차로 - 교차로안,승용,남,56세,상해없음,자전거,남,65세,중상
2018032600100584,2018년 3월 26일 23시,월요일,강원도 태백시 황지동,중상사고,0,1,0,0,차량단독 - 전도전복 - 전도,안전운전불이행,건조,맑음,교차로 - 교차로부근,이륜,여,61세,중상,미분류,미분류,미분류,미분류
2018032700100006,2018년 3월 27일 00시,화요일,강원도 춘천시 석사동,경상사고,0,0,1,0,차대사람 - 기타,안전운전불이행,건조,맑음,단일로 - 기타,승용,남,62세,상해없음,보행자,남,23세,경상
2018032700100036,2018년 3월 27일 05시,화요일,강원도 춘천시 동내면,경상사고,0,0,1,0,차대차 - 측면충돌,신호위반,건조,맑음,교차로 - 교차로안,화물,남,60세,상해없음,승용,남,27세,경상
2018032700100084,2018년 3월 27일 08시,화요일,강원도 춘천시 석사동,경상사고,0,0,2,0,차대차 - 기타,차로위반,건조,흐림,단일로 - 기타,승용,여,47세,상해없음,승용,남,44세,경상
2018032700100085,2018년 3월 27일 08시,화요일,강원도 춘천시 석사동,경상사고,0,0,1,0,차대차 - 기타,안전운전불이행,건조,맑음,교차로 - 교차로부근,화물,남,45세,상해없음,승용,여,51세,경상
2018032700100086,2018년 3월 27일 08시,화요일,강원도 춘천시 서면,경상사고,0,0,1,0,차대차 - 기타,중앙선침범,건조,맑음,단일로 - 기타,승용,남,46세,상해없음,승용,여,29세,경상
2018032700100087,2018년 3월 27일 08시,화요일,강원도 원주시 무실동,중상사고,0,1,1,0,차대차 - 측면충돌,신호위반,건조,맑음,교차로 - 교차로안,승용,여,48세,상해없음,승용,남,42세,중상
2018032700100088,2018년 3월 27일 08시,화요일,강원도 평창군 대관령면,경상사고,0,0,3,0,차대차 - 측면충돌,안전운전불이행,건조,맑음,교차로 - 교차로안,승용,남,33세,경상,승용,남,60세,경상
2018032700100128,2018년 3월 27일 09시,화요일,강원도 원주시 단계동,경상사고,0,0,2,0,차대차 - 측면충돌,안전거리미확보,건조,맑음,교차로 - 교차로안,화물,남,60세,상해없음,승용,남,70세,경상
2018032700100129,2018년 3월 27일 09시,화요일,강원도 원주시 단계동,경상사고,0,0,5,0,차대차 - 측면충돌,신호위반,건조,맑음,교차로 - 교차로안,승용,남,45세,상해없음,승합,여,50세,경상
2018032700100130,2018년 3월 27일 09시,화요일,강원도 속초시 교동,경상사고,0,0,1,0,차대차 - 측면충돌,안전운전불이행,건조,맑음,기타 - 기타,승용,여,51세,상해없음,이륜,남,38세,경상
2018032700100131,2018년 3월 27일 09시,화요일,강원도 삼척시 교동,중상사고,0,1,1,0,차대차 - 측면충돌,안전운전불이행,건조,맑음,단일로 - 기타,건설기계,남,58세,상해없음,승용,여,58세,중상
2018032700100159,2018년 3월 27일 10시,화요일,강원도 강릉시 포남동,경상사고,0,0,1,0,차대차 - 측면충돌,안전운전불이행,건조,맑음,단일로 - 기타,승용,여,47세,상해없음,자전거,여,66세,경상
2018032700100160,2018년 3월 27일 10시,화요일,강원도 철원군 갈말읍,경상사고,0,0,4,0,차대차 - 측면충돌,직진우회전진행방해,건조,맑음,교차로 - 교차로안,화물,남,43세,경상,화물,남,50세,경상
2018032700100212,2018년 3월 27일 12시,화요일,강원도 춘천시 남산면,중상사고,0,1,3,0,차대차 - 추돌,안전거리미확보,건조,맑음,단일로 - 기타,화물,여,38세,상해없음,승용,남,70세,중상
2018032700100235,2018년 3월 27일 13시,화요일,강원도 원주시 소초면,경상사고,0,0,1,0,차대차 - 측면충돌,안전운전불이행,건조,맑음,기타 - 기타,화물,남,25세,상해없음,승용,남,26세,경상
2018032700100259,2018년 3월 27일 14시,화요일,강원도 원주시 단계동,경상사고,0,0,1,0,차대차 - 추돌,교차로운행방법위반,건조,맑음,교차로 - 교차로안,승용,여,39세,상해없음,승용,여,36세,경상
2018032700100260,2018년 3월 27일 14시,화요일,강원도 양양군 양양읍,경상사고,0,0,1,0,차대차 - 측면충돌,교차로운행방법위반,건조,맑음,교차로 - 교차로안,승용,여,57세,상해없음,승용,여,49세,상해없음
2018032700100290,2018년 3월 27일 15시,화요일,강원도 춘천시 효자동,경상사고,0,0,2,0,차대차 - 추돌,안전운전불이행,건조,맑음,교차로 - 교차로부근,승합,남,50세,상해없음,특수,남,55세,경상
2018032700100291,2018년 3월 27일 15시,화요일,강원도 춘천시 동면,사망사고,1,0,0,0,차량단독 - 도로외이탈 - 추락,안전운전불이행,건조,맑음,단일로 - 기타,이륜,남,80세,사망,,,,
2018032700100292,2018년 3월 27일 15시,화요일,강원도 정선군 임계면,경상사고,0,0,2,0,차대차 - 측면충돌,안전운전불이행,건조,맑음,교차로 - 교차로안,승용,남,78세,기타불명,승용,남,40세,경상
2018032700100324,2018년 3월 27일 16시,화요일,강원도 강릉시 죽헌동,경상사고,0,0,1,0,차대차 - 추돌,안전운전불이행,건조,맑음,교차로 - 교차로부근,화물,여,48세,상해없음,화물,남,66세,경상
2018032700100325,2018년 3월 27일 16시,화요일,강원도 원주시 우산동,경상사고,0,0,1,0,차대차 - 측면충돌,교차로운행방법위반,건조,맑음,교차로 - 교차로안,건설기계,남,62세,상해없음,승용,여,51세,경상
2018032700100390,2018년 3월 27일 18시,화요일,강원도 원주시 단계동,경상사고,0,0,1,0,차대차 - 측면충돌,안전운전불이행,건조,맑음,기타 - 기타,승용,남,26세,상해없음,승합,남,51세,경상
2018032700100415,2018년 3월 27일 19시,화요일,강원도 원주시 태장동,중상사고,0,2,0,0,차대차 - 측면충돌,안전운전불이행,건조,맑음,단일로 - 기타,승용,여,54세,상해없음,승용,여,36세,중상
2018032700100452,2018년 3월 27일 20시,화요일,강원도 태백시 동점동,경상사고,0,0,3,0,차대차 - 측면충돌,교차로운행방법위반,건조,맑음,교차로 - 교차로안,승용,남,61세,상해없음,승용,남,60세,경상
2018032700100478,2018년 3월 27일 21시,화요일,강원도 강릉시 교동,경상사고,0,0,1,0,차대사람 - 보도통행중,안전운전불이행,건조,맑음,교차로 - 교차로안,승용,여,56세,상해없음,보행자,남,34세,경상
2018032700100525,2018년 3월 27일 23시,화요일,강원도 원주시 단계동,경상사고,0,0,2,0,차대차 - 측면충돌,안전운전불이행,건조,맑음,단일로 - 기타,승용,여,36세,상해없음,승용,남,28세,경상
2018032800100070,2018년 3월 28일 07시,수요일,강원도 춘천시 사북면,중상사고,0,2,0,0,차대차 - 정면충돌,중앙선침범,건조,흐림,단일로 - 기타,화물,남,60세,상해없음,화물,남,34세,중상
2018032800100103,2018년 3월 28일 08시,수요일,강원도 강릉시 주문진읍,경상사고,0,0,1,0,차대차 - 정면충돌,안전운전불이행,건조,맑음,단일로 - 기타,화물,남,58세,상해없음,이륜,남,80세,경상
2018032800100104,2018년 3월 28일 08시,수요일,강원도 원주시 문막읍,경상사고,0,0,1,0,차대차 - 측면충돌,안전운전불이행,건조,맑음,단일로 - 기타,승용,여,44세,상해없음,건설기계,남,34세,상해없음
2018032800100131,2018년 3월 28일 09시,수요일,강원도 원주시 봉산동,경상사고,0,0,3,0,차대차 - 추돌,안전거리미확보,건조,맑음,단일로 - 기타,승용,남,73세,상해없음,승용,남,52세,경상
2018032800100132,2018년 3월 28일 09시,수요일,강원도 영월군 영월읍,경상사고,0,0,1,0,차대차 - 측면충돌,교차로운행방법위반,건조,맑음,교차로 - 교차로안,화물,남,66세,상해없음,자전거,남,20세,경상
2018032800100214,2018년 3월 28일 12시,수요일,강원도 삼척시 사직동,경상사고,0,0,1,0,차대차 - 측면충돌,안전운전불이행,건조,맑음,단일로 - 기타,승용,여,62세,상해없음,자전거,남,71세,경상
2018032800100250,2018년 3월 28일 13시,수요일,강원도 영월군 북면,사망사고,1,1,0,0,차대차 - 측면충돌,기타,건조,맑음,교차로 - 교차로안,화물,남,65세,중상,이륜,남,80세,사망
2018032800100251,2018년 3월 28일 13시,수요일,강원도 정선군 남면,경상사고,0,0,3,0,차대차 - 측면충돌,중앙선침범,건조,맑음,단일로 - 기타,승용,남,62세,기타불명,건설기계,남,31세,경상
2018032800100290,2018년 3월 28일 14시,수요일,강원도 삼척시 마달동,경상사고,0,0,4,0,차대차 - 추돌,안전거리미확보,건조,맑음,교차로 - 교차로부근,승용,남,45세,상해없음,승용,남,75세,경상
2018032800100367,2018년 3월 28일 16시,수요일,강원도 강릉시 노암동,경상사고,0,0,1,0,차대차 - 기타,안전운전불이행,건조,맑음,교차로 - 교차로안,승용,여,43세,상해없음,승용,남,38세,경상
2018032800100411,2018년 3월 28일 17시,수요일,강원도 삼척시 교동,중상사고,0,1,0,0,차대사람 - 보도통행중,안전운전불이행,건조,맑음,주차장 - 주차장,승용,남,46세,상해없음,보행자,남,5세,중상
2018032800100412,2018년 3월 28일 17시,수요일,강원도 홍천군 북방면,경상사고,0,0,1,0,차대차 - 기타,교차로운행방법위반,건조,맑음,교차로 - 교차로안,승용,남,38세,상해없음,승용,여,55세,경상
2018032800100451,2018년 3월 28일 18시,수요일,강원도 강릉시 노암동,경상사고,0,0,1,0,차대차 - 기타,중앙선침범,건조,맑음,단일로 - 기타,승용,여,43세,상해없음,승용,여,48세,경상
2018032800100481,2018년 3월 28일 19시,수요일,강원도 춘천시 석사동,중상사고,0,1,3,0,차대차 - 측면충돌,신호위반,건조,맑음,교차로 - 교차로안,승용,여,41세,경상,승용,남,50세,중상
2018032900100111,2018년 3월 29일 08시,목요일,강원도 원주시 문막읍,경상사고,0,0,1,0,차대차 - 측면충돌,직진우회전진행방해,건조,맑음,교차로 - 교차로안,승용,여,51세,상해없음,승용,여,32세,경상
2018032900100206,2018년 3월 29일 11시,목요일,강원도 강릉시 교동,중상사고,0,2,0,0,차대차 - 측면충돌,안전운전불이행,건조,맑음,교차로 - 교차로안,승용,남,50세,상해없음,승용,남,64세,중상
2018032900100207,2018년 3월 29일 11시,목요일,강원도 원주시 문막읍,경상사고,0,0,2,0,차대차 - 추돌,안전운전불이행,건조,맑음,교차로 - 교차로부근,승용,여,25세,상해없음,승용,여,53세,경상
2018032900100265,2018년 3월 29일 13시,목요일,강원도 춘천시 석사동,경상사고,0,0,3,0,차대차 - 추돌,안전운전불이행,건조,맑음,단일로 - 기타,승용,남,24세,상해없음,승용,남,39세,경상
2018032900100266,2018년 3월 29일 13시,목요일,강원도 춘천시 옥천동,경상사고,0,0,1,0,차대차 - 측면충돌,안전운전불이행,건조,맑음,단일로 - 기타,승용,남,61세,상해없음,승용,남,57세,경상
2018032900100298,2018년 3월 29일 14시,목요일,강원도 춘천시 소양로4가,경상사고,0,0,2,0,차대차 - 측면충돌,직진우회전진행방해,건조,맑음,교차로 - 교차로안,승합,남,50세,상해없음,승용,여,49세,경상
2018032900100327,2018년 3월 29일 15시,목요일,강원도 삼척시 원덕읍,경상사고,0,0,1,0,차량단독 - 전도전복 - 전도,안전운전불이행,건조,맑음,단일로 - 기타,농기계,남,69세,경상,미분류,미분류,미분류,미분류
2018032900100363,2018년 3월 29일 16시,목요일,강원도 동해시 송정동,경상사고,0,0,1,0,차대차 - 측면충돌,안전운전불이행,건조,맑음,교차로 - 교차로부근,승용,여,56세,상해없음,승용,남,54세,상해없음
2018032900100400,2018년 3월 29일 17시,목요일,강원도 철원군 갈말읍,경상사고,0,0,1,0,차대차 - 측면충돌,안전운전불이행,건조,맑음,교차로 - 교차로안,승용,남,25세,상해없음,승용,여,38세,경상
2018032900100440,2018년 3월 29일 18시,목요일,강원도 고성군 간성읍,경상사고,0,0,1,0,차대사람 - 횡단중,안전운전불이행,건조,맑음,단일로 - 기타,승용,남,34세,상해없음,보행자,여,11세,경상
2018032900100471,2018년 3월 29일 19시,목요일,강원도 양구군 남면,사망사고,1,0,0,0,차대차 - 추돌,안전운전불이행,건조,맑음,단일로 - 기타,이륜,남,67세,사망,화물,남,53세,기타불명
2018032900100516,2018년 3월 29일 20시,목요일,강원도 원주시 단계동,중상사고,0,1,1,0,차대차 - 측면충돌,안전운전불이행,건조,맑음,단일로 - 기타,화물,남,48세,상해없음,승용,남,61세,경상
2018032900100517,2018년 3월 29일 20시,목요일,강원도 홍천군 홍천읍,경상사고,0,0,1,0,차대차 - 후진중충돌,안전운전불이행,건조,맑음,단일로 - 기타,승용,여,66세,상해없음,승용,여,44세,상해없음
2018032900100552,2018년 3월 29일 21시,목요일,강원도 춘천시 퇴계동,중상사고,0,1,0,0,차대차 - 측면충돌,안전운전불이행,건조,맑음,교차로 - 교차로안,승용,남,37세,상해없음,이륜,남,18세,중상
2018032900100553,2018년 3월 29일 21시,목요일,강원도 원주시 개운동,중상사고,0,1,1,0,차대차 - 추돌,안전운전불이행,건조,맑음,단일로 - 기타,승용,남,45세,상해없음,승용,남,49세,중상
2018032900100615,2018년 3월 29일 23시,목요일,강원도 춘천시 퇴계동,중상사고,0,1,0,0,차대차 - 측면충돌,신호위반,건조,맑음,교차로 - 교차로안,승용,남,57세,상해없음,이륜,남,35세,중상