사고번호,사고일시,요일,시군구,사고내용,사망자수,중상자수,경상자수,부상신고자수,사고유형,법규위반,노면상태,기상상태,도로형태,가해운전자 차종,가해운전자 성별,가해운전자 연령,가해운전자 상해정도,피해운전자 차종,피해운전자 성별,피해운전자 연령,피해운전자 상해정도
2018033000100073,2018년 3월 30일 06시,금요일,강원도 춘천시 효자동,경상사고,0,0,1,0,차대차 - 측면충돌,교차로운행방법위반,건조,맑음,교차로 - 교차로안,승용,남,72세,상해없음,화물,남,48세,경상
2018033000100121,2018년 3월 30일 08시,금요일,강원도 강릉시 송정동,경상사고,0,0,1,0,차대차 - 측면충돌,중앙선침범,건조,맑음,단일로 - 기타,승용,여,65세,상해없음,승용,여,36세,경상
2018033000100122,2018년 3월 30일 08시,금요일,강원도 원주시 태장동,경상사고,0,0,1,0,차대사람 - 길가장자리구역통행중,안전운전불이행,건조,맑음,기타 - 기타,화물,남,60세,상해없음,보행자,남,12세,경상
2018033000100150,2018년 3월 30일 09시,금요일,강원도 춘천시 사농동,경상사고,0,0,2,0,차대차 - 측면충돌,차로위반,건조,맑음,교차로 - 교차로부근,이륜,남,16세,경상,승용,남,37세,경상
2018033000100151,2018년 3월 30일 09시,금요일,강원도 원주시 단구동,경상사고,0,0,4,0,차대차 - 측면충돌,신호위반,건조,맑음,교차로 - 교차로안,승합,남,62세,상해없음,승용,남,19세,경상
2018033000100152,2018년 3월 30일 09시,금요일,강원도 속초시 교동,중상사고,0,1,0,0,차대사람 - 횡단중,보행자보호의무위반,건조,맑음,교차로 - 교차로부근,승용,여,68세,상해없음,보행자,여,60세,중상
2018033000100176,2018년 3월 30일 10시,금요일,강원도 속초시 교동,경상사고,0,0,2,0,차대차 - 측면충돌,안전운전불이행,건조,맑음,단일로 - 고가도로위,화물,여,65세,상해없음,화물,남,72세,경상
2018033000100215,2018년 3월 30일 11시,금요일,강원도 원주시 명륜동,중상사고,0,1,0,0,차대차 - 측면충돌,교차로운행방법위반,건조,맑음,교차로 - 교차로부근,승용,여,58세,상해없음,이륜,남,35세,중상
2018033000100239,2018년 3월 30일 12시,금요일,강원도 원주시 평원동,중상사고,0,1,0,0,차대차 - 측면충돌,안전운전불이행,건조,맑음,교차로 - 교차로안,승용,여,28세,상해없음,이륜,남,42세,중상
2018033000100266,2018년 3월 30일 13시,금요일,강원도 강릉시 강문동,경상사고,0,0,2,0,차대사람 - 기타,안전운전불이행,건조,맑음,단일로 - 기타,화물,남,50세,상해없음,보행자,여,28세,경상
2018033000100307,2018년 3월 30일 14시,금요일,강원도 홍천군 홍천읍,경상사고,0,0,1,0,차대차 - 기타,교차로운행방법위반,건조,맑음,교차로 - 교차로안,승용,남,69세,상해없음,이륜,남,75세,경상
2018033000100308,2018년 3월 30일 14시,금요일,강원도 횡성군 우천면,중상사고,0,1,1,0,차대차 - 기타,안전운전불이행,건조,맑음,교차로 - 교차로안,건설기계,남,69세,상해없음,화물,남,76세,경상
2018033000100337,2018년 3월 30일 15시,금요일,강원도 홍천군 내촌면,중상사고,0,1,1,0,차대차 - 정면충돌,중앙선침범,건조,맑음,단일로 - 기타,승합,남,61세,상해없음,승용,남,68세,중상
2018033000100374,2018년 3월 30일 16시,금요일,강원도 원주시 무실동,중상사고,0,1,1,0,차대차 - 추돌,안전운전불이행,건조,맑음,교차로 - 교차로부근,승용,여,25세,상해없음,승용,남,27세,상해없음
2018033000100375,2018년 3월 30일 16시,금요일,강원도 원주시 흥업면,경상사고,0,0,1,0,차대차 - 측면충돌,안전운전불이행,건조,맑음,주차장 - 주차장,승용,남,70세,상해없음,승용,여,62세,경상
2018033000100376,2018년 3월 30일 16시,금요일,강원도 삼척시 남양동,중상사고,0,2,0,0,차대사람 - 횡단중,보행자보호의무위반,건조,맑음,교차로 - 교차로횡단보도내,승용,여,61세,상해없음,보행자,여,17세,중상
2018033000100473,2018년 3월 30일 18시,금요일,강원도 원주시 문막읍,경상사고,0,0,1,0,차대차 - 측면충돌,신호위반,건조,맑음,교차로 - 교차로안,승용,남,42세,상해없음,승용,남,44세,경상
2018033000100557,2018년 3월 30일 20시,금요일,강원도 삼척시 하장면,중상사고,0,2,0,0,차대차 - 측면충돌,중앙선침범,건조,맑음,단일로 - 기타,승용,남,72세,상해없음,승용,남,61세,중상
2018033000100591,2018년 3월 30일 21시,금요일,강원도 춘천시 석사동,중상사고,0,2,0,0,차대차 - 후진중충돌,안전운전불이행,건조,맑음,단일로 - 기타,승용,남,48세,상해없음,이륜,남,47세,상해없음
2018033000100618,2018년 3월 30일 22시,금요일,강원도 정선군 고한읍,경상사고,0,0,2,0,차대차 - 기타,안전운전불이행,건조,맑음,교차로 - 교차로안,승용,여,53세,상해없음,승용,남,47세,경상
2018033100100115,2018년 3월 31일 08시,토요일,강원도 홍천군 북방면,경상사고,0,0,1,0,차대차 - 측면충돌,중앙선침범,건조,맑음,단일로 - 기타,승용,남,33세,상해없음,승용,여,61세,경상
2018033100100139,2018년 3월 31일 09시,토요일,강원도 강릉시 입암동,경상사고,0,0,4,0,차대차 - 추돌,안전운전불이행,건조,맑음,교차로 - 교차로부근,승용,남,49세,상해없음,승용,남,51세,경상
2018033100100186,2018년 3월 31일 11시,토요일,강원도 원주시 무실동,경상사고,0,0,2,0,차대차 - 추돌,안전운전불이행,건조,맑음,단일로 - 기타,승용,남,50세,상해없음,화물,남,34세,경상
2018033100100187,2018년 3월 31일 11시,토요일,강원도 홍천군 서석면,사망사고,2,0,0,0,차량단독 - 공작물충돌,안전운전불이행,건조,맑음,단일로 - 기타,승용,남,77세,사망,,,,
2018033100100188,2018년 3월 31일 11시,토요일,강원도 횡성군 둔내면,경상사고,0,0,2,0,차대차 - 정면충돌,중앙선침범,건조,맑음,단일로 - 기타,승용,남,44세,상해없음,화물,남,65세,경상
2018033100100256,2018년 3월 31일 13시,토요일,강원도 춘천시 후평동,경상사고,0,0,4,0,차대차 - 측면충돌,교차로운행방법위반,건조,맑음,교차로 - 교차로안,승용,남,59세,상해없음,화물,남,38세,경상
2018033100100257,2018년 3월 31일 13시,토요일,강원도 춘천시 교동,경상사고,0,0,1,0,차대차 - 측면충돌,안전운전불이행,건조,맑음,단일로 - 기타,이륜,남,24세,경상,승용,여,45세,상해없음
2018033100100258,2018년 3월 31일 13시,토요일,강원도 원주시 단계동,경상사고,0,0,1,0,차대차 - 기타,차로위반,건조,맑음,단일로 - 기타,승용,남,46세,상해없음,승합,남,60세,상해없음
2018033100100334,2018년 3월 31일 15시,토요일,강원도 춘천시 퇴계동,경상사고,0,0,1,0,차대차 - 기타,안전운전불이행,건조,맑음,교차로 - 교차로부근,승용,남,51세,상해없음,승합,남,54세,상해없음
2018033100100335,2018년 3월 31일 15시,토요일,강원도 원주시 단구동,경상사고,0,0,3,0,차대차 - 측면충돌,안전운전불이행,건조,맑음,단일로 - 기타,승용,남,55세,상해없음,승용,남,32세,경상
2018033100100336,2018년 3월 31일 15시,토요일,강원도 삼척시 하장면,중상사고,0,1,1,0,차대차 - 측면충돌,중앙선침범,건조,맑음,단일로 - 기타,승용,남,35세,상해없음,승용,남,48세,경상
2018033100100411,2018년 3월 31일 17시,토요일,강원도 삼척시 남양동,경상사고,0,0,1,0,차대차 - 측면충돌,중앙선침범,건조,맑음,단일로 - 기타,승용,여,45세,상해없음,승용,남,52세,경상
2018033100100484,2018년 3월 31일 19시,토요일,강원도 양양군 양양읍,중상사고,0,1,0,0,차대차 - 추돌,안전운전불이행,건조,맑음,단일로 - 기타,승용,남,36세,상해없음,승용,여,43세,중상
2018033100100510,2018년 3월 31일 20시,토요일,강원도 원주시 단계동,경상사고,0,0,2,0,차대차 - 추돌,안전운전불이행,건조,맑음,교차로 - 교차로부근,승용,남,22세,상해없음,승용,남,55세,경상
2018033100100596,2018년 3월 31일 23시,토요일,강원도 강릉시 옥천동,중상사고,0,1,0,0,차대사람 - 차도통행중,안전운전불이행,건조,맑음,단일로 - 기타,이륜,남,30세,상해없음,보행자,여,15세,중상
2018040100100140,2018년 4월 1일 10시,일요일,강원도 원주시 태장동,경상사고,0,0,1,0,차대차 - 측면충돌,안전운전불이행,건조,맑음,교차로 - 교차로부근,승용,남,62세,상해없음,자전거,남,72세,경상
2018040100100141,2018년 4월 1일 10시,일요일,강원도 양구군 양구읍,경상사고,0,0,3,0,차대차 - 추돌,직진우회전진행방해,건조,맑음,교차로 - 교차로안,승용,남,63세,상해없음,승용,남,44세,경상
2018040100100208,2018년 4월 1일 13시,일요일,강원도 춘천시 후평동,경상사고,0,0,3,0,차대차 - 추돌,안전거리미확보,건조,맑음,단일로 - 기타,승용,여,40세,상해없음,승용,남,46세,경상
2018040100100209,2018년 4월 1일 13시,일요일,강원도 춘천시 신동면,중상사고,0,1,4,0,차대차 - 측면충돌,안전운전불이행,건조,흐림,단일로 - 기타,승용,남,71세,상해없음,승용,남,70세,중상
2018040100100265,2018년 4월 1일 15시,일요일,강원도 강릉시 성남동,경상사고,0,0,1,0,차대사람 - 횡단중,안전운전불이행,건조,맑음,교차로 - 교차로안,승용,여,59세,상해없음,보행자,여,56세,경상
2018040100100291,2018년 4월 1일 16시,일요일,강원도 원주시 단계동,경상사고,0,0,3,0,차대차 - 측면충돌,직진우회전진행방해,건조,맑음,교차로 - 교차로안,화물,남,53세,기타불명,승용,남,35세,경상
2018040100100318,2018년 4월 1일 17시,일요일,강원도 춘천시 석사동,중상사고,0,1,0,0,차대차 - 추돌,안전거리미확보,건조,맑음,단일로 - 기타,화물,남,52세,상해없음,이륜,남,32세,중상
2018040100100319,2018년 4월 1일 17시,일요일,강원도 원주시 지정면,경상사고,0,0,2,0,차대차 - 측면충돌,교차로운행방법위반,건조,맑음,교차로 - 교차로안,화물,남,65세,상해없음,화물,남,57세,경상
2018040100100320,2018년 4월 1일 17시,일요일,강원도 홍천군 북방면,중상사고,0,1,1,0,차대차 - 정면충돌,직진우회전진행방해,건조,맑음,교차로 - 교차로안,승용,남,76세,상해없음,승용,남,39세,중상
2018040100100402,2018년 4월 1일 20시,일요일,강원도 원주시 단구동,부상신고사고,0,0,0,1,차대차 - 후진중충돌,안전운전불이행,건조,맑음,교차로 - 교차로안,승용,남,60세,상해없음,승용,남,40세,부상신고
2018040200100056,2018년 4월 2일 06시,월요일,강원도 원주시 우산동,중상사고,0,1,0,0,차대차 - 측면충돌,안전거리미확보,건조,맑음,단일로 - 기타,승용,남,27세,상해없음,승용,남,53세,중상
2018040200100057,2018년 4월 2일 06시,월요일,강원도 횡성군 횡성읍,중상사고,0,1,0,0,차대차 - 측면충돌,안전운전불이행,건조,맑음,단일로 - 기타,농기계,남,71세,상해없음,승용,남,48세,중상
2018040200100076,2018년 4월 2일 07시,월요일,강원도 춘천시 퇴계동,경상사고,0,0,1,0,차대차 - 추돌,안전거리미확보,건조,맑음,교차로 - 교차로안,화물,남,48세,상해없음,승용,여,40세,경상
2018040200100077,2018년 4월 2일 07시,월요일,강원도 삼척시 근덕면,중상사고,0,1,1,0,차대차 - 추돌,안전거리미확보,건조,맑음,단일로 - 기타,승용,남,47세,상해없음,승용,남,69세,중상
2018040200100078,2018년 4월 2일 07시,월요일,강원도 화천군 간동면,경상사고,0,0,1,0,차대차 - 측면충돌,기타,건조,맑음,단일로 - 터널,승용,남,57세,상해없음,승용,남,25세,상해없음
2018040200100079,2018년 4월 2일 07시,월요일,강원도 태백시 황지동,경상사고,0,0,2,0,차대차 - 정면충돌,중앙선침범,건조,맑음,단일로 - 기타,승용,남,69세,상해없음,승용,여,40세,경상
2018040200100113,2018년 4월 2일 08시,월요일,강원도 춘천시 운교동,경상사고,0,0,1,0,차대사람 - 횡단중,보행자보호의무위반,건조,맑음,단일로 - 기타,승용,여,50세,상해없음,보행자,여,28세,경상
2018040200100114,2018년 4월 2일 08시,월요일,강원도 춘천시 중앙로3가,중상사고,0,1,0,0,차량단독 - 기타,안전운전불이행,건조,맑음,교차로 - 교차로부근,승합,남,42세,상해없음,,,,
2018040200100115,2018년 4월 2일 08시,월요일,강원도 원주시 학성동,경상사고,0,0,1,0,차대사람 - 기타,기타,건조,맑음,단일로 - 기타,승합,남,65세,상해없음,보행자,여,76세,경상
2018040200100152,2018년 4월 2일 09시,월요일,강원도 원주시 단계동,경상사고,0,0,1,0,차대차 - 측면충돌,직진우회전진행방해,건조,맑음,교차로 - 교차로안,승용,여,71세,기타불명,화물,남,41세,경상
2018040200100182,2018년 4월 2일 10시,월요일,강원도 강릉시 성남동,경상사고,0,0,1,0,차대차 - 측면충돌,안전운전불이행,건조,맑음,교차로 - 교차로안,승용,여,51세,상해없음,승용,남,63세,경상
2018040200100183,2018년 4월 2일 10시,월요일,강원도 강릉시 홍제동,중상사고,0,1,0,0,차대사람 - 횡단중,보행자보호의무위반,건조,맑음,교차로 - 교차로안,승용,남,60세,상해없음,보행자,여,77세,중상
2018040200100211,2018년 4월 2일 11시,월요일,강원도 춘천시 후평동,경상사고,0,0,1,0,차대차 - 측면충돌,기타,건조,맑음,단일로 - 기타,승용,여,48세,상해없음,화물,남,42세,경상
2018040200100212,2018년 4월 2일 11시,월요일,강원도 홍천군 홍천읍,중상사고,0,1,0,0,차대사람 - 횡단중,안전운전불이행,건조,맑음,교차로 - 교차로안,승용,여,39세,상해없음,보행자,여,78세,중상
2018040200100239,2018년 4월 2일 12시,월요일,강원도 태백시 혈동,중상사고,0,1,0,0,차량단독 - 전도전복 - 전도,안전운전불이행,건조,맑음,단일로 - 기타,사륜오토바이(ATV),남,81세,상해없음,미분류,미분류,미분류,미분류
2018040200100264,2018년 4월 2일 13시,월요일,강원도 속초시 금호동,경상사고,0,0,1,0,차대사람 - 횡단중,안전운전불이행,건조,맑음,교차로 - 교차로안,승용,여,25세,상해없음,보행자,남,75세,경상
2018040200100265,2018년 4월 2일 13시,월요일,강원도 삼척시 하장면,경상사고,0,0,1,0,차대차 - 기타,과속,건조,맑음,교차로 - 교차로부근,화물,남,51세,기타불명,원동기,남,79세,상해없음
2018040200100300,2018년 4월 2일 14시,월요일,강원도 춘천시 퇴계동,중상사고,0,1,1,0,차대차 - 측면충돌,신호위반,건조,맑음,교차로 - 교차로안,승합,남,45세,상해없음,승용,남,45세,경상
2018040200100301,2018년 4월 2일 14시,월요일,강원도 원주시 명륜동,경상사고,0,0,2,0,차대차 - 측면충돌,교차로운행방법위반,건조,맑음,교차로 - 교차로부근,승용,여,45세,기타불명,승용,남,51세,경상
2018040200100337,2018년 4월 2일 15시,월요일,강원도 춘천시 효자동,중상사고,0,1,0,0,차대사람 - 기타,안전운전불이행,건조,맑음,단일로 - 기타,승용,남,62세,상해없음,보행자,남,26세,중상
2018040200100373,2018년 4월 2일 16시,월요일,강원도 원주시 태장동,중상사고,0,1,0,0,차대차 - 측면충돌,교차로운행방법위반,건조,맑음,교차로 - 교차로안,승용,여,38세,상해없음,승용,여,45세,중상
2018040200100408,2018년 4월 2일 17시,월요일,강원도 속초시 노학동,중상사고,0,1,0,0,차대차 - 측면충돌,안전운전불이행,건조,맑음,교차로 - 교차로부근,승용,남,57세,상해없음,승용,여,44세,중상
2018040200100445,2018년 4월 2일 18시,월요일,강원도 양양군 양양읍,중상사고,0,1,0,0,차대사람 - 길가장자리구역통행중,안전운전불이행,건조,맑음,단일로 - 지하차도(도로)내,승용,남,71세,상해없음,보행자,남,10세,중상
2018040200100488,2018년 4월 2일 19시,월요일,강원도 원주시 단계동,경상사고,0,0,2,0,차대차 - 측면충돌,신호위반,건조,맑음,교차로 - 교차로안,승용,남,38세,상해없음,승용,남,49세,경상
2018040200100526,2018년 4월 2일 20시,월요일,강원도 강릉시 안현동,경상사고,0,0,2,0,차대차 - 기타,안전운전불이행,건조,맑음,단일로 - 기타,승용,남,29세,상해없음,이륜,남,17세,경상
2018040200100527,2018년 4월 2일 20시,월요일,강원도 속초시 동명동,경상사고,0,0,1,0,차대차 - 측면충돌,안전운전불이행,건조,맑음,교차로 - 교차로안,승용,여,27세,상해없음,승용,여,50세,경상
2018040200100607,2018년 4월 2일 23시,월요일,강원도 인제군 인제읍,사망사고,1,0,0,0,차대사람 - 차도통행중,안전운전불이행,건조,맑음,단일로 - 기타,승합,여,40세,상해없음,보행자,남,52세,사망
2018040300100010,2018년 4월 3일 00시,화요일,강원도 원주시 개운동,경상사고,0,0,1,0,차대차 - 측면충돌,교차로운행방법위반,건조,맑음,교차로 - 교차로안,승용,여,58세,상해없음,승용,남,35세,경상
2018040300100076,2018년 4월 3일 07시,화요일,강원도 원주시 문막읍,경상사고,0,0,1,0,차량단독 - 기타,기타,건조,맑음,단일로 - 기타,승합,남,51세,상해없음,,,,
2018040300100077,2018년 4월 3일 07시,화요일,강원도 삼척시 교동,경상사고,0,0,1,0,차대차 - 측면충돌,직진우회전진행방해,건조,맑음,교차로 - 교차로안,승용,여,33세,기타불명,화물,남,61세,상해없음
2018040300100105,2018년 4월 3일 08시,화요일,강원도 강릉시 옥천동,중상사고,0,1,0,0,차대사람 - 횡단중,안전운전불이행,건조,맑음,교차로 - 교차로안,승용,남,51세,상해없음,보행자,여,76세,중상
2018040300100106,2018년 4월 3일 08시,화요일,강원도 원주시 소초면,경상사고,0,0,2,0,차대차 - 측면충돌,신호위반,건조,흐림,교차로 - 교차로안,승용,여,55세,경상,승용,남,67세,경상
2018040300100151,2018년 4월 3일 09시,화요일,강원도 삼척시 교동,경상사고,0,0,1,0,차대차 - 정면충돌,안전운전불이행,젖음/습기,흐림,주차장 - 주차장,승용,여,44세,상해없음,사륜오토바이(ATV),남,82세,경상
2018040300100201,2018년 4월 3일 11시,화요일,강원도 인제군 인제읍,중상사고,0,1,2,0,차대차 - 정면충돌,중앙선침범,건조,맑음,단일로 - 기타,승용,여,56세,상해없음,승용,남,56세,경상
2018040300100239,2018년 4월 3일 12시,화요일,강원도 횡성군 우천면,중상사고,0,1,0,0,차대사람 - 기타,안전운전불이행,건조,맑음,단일로 - 기타,화물,남,53세,상해없음,보행자,여,66세,중상
2018040300100318,2018년 4월 3일 14시,화요일,강원도 강릉시 옥천동,경상사고,0,0,2,0,차대차 - 측면충돌,안전운전불이행,건조,맑음,교차로 - 교차로안,승용,남,59세,상해없음,승용,남,27세,경상
2018040300100319,2018년 4월 3일 14시,화요일,강원도 강릉시 노암동,중상사고,0,1,0,0,차대차 - 측면충돌,안전운전불이행,젖음/습기,비,교차로 - 교차로안,승용,여,35세,상해없음,자전거,남,85세,중상
2018040300100355,2018년 4월 3일 15시,화요일,강원도 춘천시 효자동,경상사고,0,0,2,0,차대차 - 기타,교차로운행방법위반,건조,맑음,단일로 - 기타,승용,남,66세,상해없음,승용,남,78세,경상
2018040300100388,2018년 4월 3일 16시,화요일,강원도 동해시 천곡동,경상사고,0,0,1,0,차대차 - 측면충돌,안전운전불이행,건조,맑음,교차로 - 교차로부근,승용,여,72세,상해없음,승합,여,50세,경상
2018040300100424,2018년 4월 3일 17시,화요일,강원도 춘천시 우두동,경상사고,0,0,1,0,차대차 - 측면충돌,중앙선침범,건조,맑음,교차로 - 교차로부근,승용,남,60세,상해없음,승용,남,71세,상해없음
2018040300100425,2018년 4월 3일 17시,화요일,강원도 강릉시 교동,경상사고,0,0,1,0,차대차 - 측면충돌,안전운전불이행,건조,맑음,교차로 - 교차로안,승용,남,24세,상해없음,화물,남,37세,경상
2018040300100426,2018년 4월 3일 17시,화요일,강원도 양양군 양양읍,경상사고,0,0,1,0,차대차 - 추돌,안전운전불이행,건조,맑음,단일로 - 기타,승용,여,44세,상해없음,승용,남,53세,경상
2018040300100427,2018년 4월 3일 17시,화요일,강원도 속초시 동명동,경상사고,0,0,1,0,차대사람 - 길가장자리구역통행중,안전운전불이행,건조,맑음,교차로 - 교차로부근,승용,남,28세,상해없음,보행자,여,55세,경상
2018040300100461,2018년 4월 3일 18시,화요일,강원도 강릉시 성남동,경상사고,0,0,1,0,차대사람 - 횡단중,안전운전불이행,건조,맑음,교차로 - 교차로안,승용,여,35세,상해없음,보행자,여,50세,경상
2018040300100462,2018년 4월 3일 18시,화요일,강원도 원주시 관설동,중상사고,0,1,0,0,차대차 - 기타,중앙선침범,건조,맑음,단일로 - 기타,승용,남,50세,상해없음,승합,남,62세,상해없음
2018040300100463,2018년 4월 3일 18시,화요일,강원도 평창군 방림면,경상사고,0,0,2,0,차대차 - 측면충돌,안전운전불이행,건조,맑음,교차로 - 교차로안,화물,남,40세,상해없음,승용,남,29세,경상
2018040300100464,2018년 4월 3일 18시,화요일,강원도 태백시 통동,경상사고,0,0,1,0,차대차 - 측면충돌,기타,건조,맑음,단일로 - 기타,승용,여,58세,기타불명,승용,남,34세,경상
2018040300100502,2018년 4월 3일 19시,화요일,강원도 강릉시 홍제동,경상사고,0,0,4,0,차대차 - 측면충돌,안전운전불이행,건조,맑음,단일로 - 기타,건설기계,남,54세,상해없음,승용,남,64세,경상
2018040300100503,2018년 4월 3일 19시,화요일,강원도 삼척시 정상동,경상사고,0,0,1,0,차대차 - 정면충돌,직진우회전진행방해,건조,맑음,교차로 - 교차로안,승용,남,57세,상해없음,승용,남,37세,상해없음
2018040300100504,2018년 4월 3일 19시,화요일,강원도 영월군 북면,경상사고,0,0,1,0,차대차 - 측면충돌,안전운전불이행,건조,맑음,단일로 - 기타,승용,남,37세,상해없음,승용,남,84세,경상
2018040300100505,2018년 4월 3일 19시,화요일,강원도 영월군 중동면,부상신고사고,0,0,0,1,차량단독 - 전도전복 - 전도,안전운전불이행,건조,맑음,단일로 - 기타,이륜,남,58세,부상신고,미분류,미분류,미분류,미분류
2018040300100544,2018년 4월 3일 20시,화요일,강원도 원주시 단구동,중상사고,0,1,1,0,차대차 - 측면충돌,신호위반,건조,맑음,교차로 - 교차로안,이륜,남,34세,중상,승용,여,52세,경상
2018040300100545,2018년 4월 3일 20시,화요일,강원도 원주시 태장동,경상사고,0,0,1,0,차대차 - 측면충돌,중앙선침범,건조,맑음,단일로 - 기타,화물,남,46세,상해없음,화물,남,51세,경상
2018040300100634,2018년 4월 3일 23시,화요일,강원도 원주시 단계동,경상사고,0,0,1,0,차대사람 - 차도통행중,교차로운행방법위반,건조,맑음,교차로 - 교차로안,승용,남,46세,상해없음,보행자,남,81세,경상
2018040400100141,2018년 4월 4일 08시,수요일,강원도 강릉시 노암동,경상사고,0,0,1,0,차대차 - 측면충돌,안전운전불이행,젖음/습기,비,단일로 - 기타,승합,남,46세,상해없음,화물,남,37세,경상
2018040400100142,2018년 4월 4일 08시,수요일,강원도 강릉시 홍제동,경상사고,0,0,1,0,차대차 - 추돌,안전운전불이행,젖음/습기,비,단일로 - 기타,승용,여,39세,상해없음,승용,남,34세,경상
2018040400100143,2018년 4월 4일 08시,수요일,강원도 원주시 흥업면,경상사고,0,0,1,0,차대사람 - 횡단중,보행자보호의무위반,건조,맑음,교차로 - 교차로부근,승용,여,37세,상해없음,보행자,여,28세,경상
2018040400100144,2018년 4월 4일 08시,수요일,강원도 원주시 개운동,경상사고,0,0,1,0,차대사람 - 횡단중,보행자보호의무위반,건조,맑음,단일로 - 기타,승용,남,54세,상해없음,보행자,남,6세,경상
2018040400100168,2018년 4월 4일 09시,수요일,강원도 춘천시 우두동,경상사고,0,0,1,0,차대차 - 추돌,안전거리미확보,건조,맑음,단일로 - 기타,승용,남,20세,상해없음,승용,여,43세,경상
2018040400100169,2018년 4월 4일 09시,수요일,강원도 원주시 단구동,중상사고,0,1,0,0,차대사람 - 길가장자리구역통행중,안전운전불이행,젖음/습기,비,주차장 - 주차장,승용,남,82세,상해없음,보행자,남,81세,중상
2018040400100170,2018년 4월 4일 09시,수요일,강원도 원주시 일산동,경상사고,0,0,2,0,차대차 - 정면충돌,중앙선침범,건조,맑음,교차로 - 교차로안,승용,남,75세,기타불명,승용,남,66세,경상
2018040400100216,2018년 4월 4일 10시,수요일,강원도 원주시 지정면,경상사고,0,0,1,0,차대차 - 측면충돌,신호위반,건조,맑음,교차로 - 교차로안,화물,남,73세,상해없음,승용,남,52세,경상
2018040400100232,2018년 4월 4일 11시,수요일,강원도 강릉시 홍제동,경상사고,0,0,2,0,차대차 - 측면충돌,신호위반,젖음/습기,비,교차로 - 교차로안,승용,여,62세,상해없음,승용,남,52세,경상
2018040400100310,2018년 4월 4일 14시,수요일,강원도 삼척시 근덕면,경상사고,0,0,1,0,차대차 - 추돌,안전거리미확보,젖음/습기,비,교차로 - 교차로부근,화물,남,40세,상해없음,승용,여,54세,경상
2018040400100340,2018년 4월 4일 15시,수요일,강원도 속초시 교동,경상사고,0,0,1,0,차대차 - 추돌,안전거리미확보,건조,맑음,교차로 - 교차로부근,승용,여,42세,상해없음,화물,남,52세,경상
2018040400100341,2018년 4월 4일 15시,수요일,강원도 영월군 영월읍,중상사고,0,1,0,0,차대사람 - 횡단중,보행자보호의무위반,건조,맑음,교차로 - 교차로횡단보도내,승용,여,57세,상해없음,보행자,여,64세,중상
2018040400100342,2018년 4월 4일 15시,수요일,강원도 태백시 황지동,경상사고,0,0,1,0,차대사람 - 차도통행중,안전운전불이행,건조,흐림,단일로 - 기타,승용,여,48세,기타불명,보행자,여,16세,경상
2018040400100382,2018년 4월 4일 16시,수요일,강원도 원주시 명륜동,중상사고,0,1,13,0,차대차 - 측면충돌,신호위반,건조,맑음,교차로 - 교차로안,승용,여,41세,상해없음,승합,남,33세,경상
2018040400100407,2018년 4월 4일 17시,수요일,강원도 춘천시 동내면,경상사고,0,0,1,0,차대차 - 후진중충돌,안전운전불이행,건조,맑음,단일로 - 기타,화물,남,63세,상해없음,화물,남,42세,경상
2018040400100408,2018년 4월 4일 17시,수요일,강원도 원주시 학성동,중상사고,0,2,0,0,차대차 - 측면충돌,교차로운행방법위반,건조,맑음,교차로 - 교차로안,승용,남,30세,상해없음,승합,남,61세,상해없음
2018040400100409,2018년 4월 4일 17시,수요일,강원도 원주시 행구동,중상사고,0,1,1,0,차대차 - 측면충돌,안전거리미확보,건조,맑음,단일로 - 기타,승용,여,46세,상해없음,화물,남,61세,중상
2018040400100450,2018년 4월 4일 18시,수요일,강원도 원주시 단계동,부상신고사고,0,0,0,1,차대사람 - 길가장자리구역통행중,안전운전불이행,건조,맑음,기타 - 기타,승용,남,39세,상해없음,보행자,남,21세,부상신고
2018040400100451,2018년 4월 4일 18시,수요일,강원도 원주시 일산동,경상사고,0,0,1,0,차대사람 - 기타,안전운전불이행,건조,기타,단일로 - 기타,기타불명,기타불명,미분류,기타불명,보행자,남,57세,경상
2018040400100492,2018년 4월 4일 19시,수요일,강원도 원주시 단구동,경상사고,0,0,2,0,차대차 - 측면충돌,안전거리미확보,건조,맑음,교차로 - 교차로부근,승합,남,53세,상해없음,승용,남,38세,경상
2018040400100493,2018년 4월 4일 19시,수요일,강원도 원주시 개운동,경상사고,0,0,1,0,차대차 - 측면충돌,안전운전불이행,건조,맑음,교차로 - 교차로안,승용,남,43세,상해없음,승용,여,58세,경상
2018040400100561,2018년 4월 4일 21시,수요일,강원도 원주시 명륜동,경상사고,0,0,1,0,차대차 - 측면충돌,안전운전불이행,건조,맑음,교차로 - 교차로부근,승용,남,31세,상해없음,승용,남,47세,경상
2018040400100581,2018년 4월 4일 22시,수요일,강원도 춘천시 후평동,경상사고,0,0,1,0,차대사람 - 차도통행중,안전운전불이행,건조,맑음,교차로 - 교차로부근,승용,남,27세,상해없음,보행자,남,46세,경상
2018040400100582,2018년 4월 4일 22시,수요일,강원도 춘천시 동내면,경상사고,0,0,2,0,차대차 - 기타,안전거리미확보,건조,맑음,단일로 - 기타,승용,여,62세,상해없음,승용,남,37세,경상