사고번호,사고일시,요일,시군구,사고내용,사망자수,중상자수,경상자수,부상신고자수,사고유형,법규위반,노면상태,기상상태,도로형태,가해운전자 차종,가해운전자 성별,가해운전자 연령,가해운전자 상해정도,피해운전자 차종,피해운전자 성별,피해운전자 연령,피해운전자 상해정도
2018040400100583,2018년 4월 4일 22시,수요일,강원도 횡성군 횡성읍,사망사고,1,2,0,0,차대사람 - 횡단중,안전운전불이행,건조,맑음,단일로 - 기타,승합,남,56세,상해없음,보행자,남,40세,사망
2018040500100053,2018년 4월 5일 05시,목요일,강원도 고성군 죽왕면,사망사고,1,0,0,0,차대사람 - 횡단중,안전운전불이행,건조,흐림,기타 - 기타,승용,남,44세,상해없음,보행자,여,70세,사망
2018040500100105,2018년 4월 5일 08시,목요일,강원도 원주시 반곡동,경상사고,0,0,1,0,차대차 - 측면충돌,신호위반,젖음/습기,비,교차로 - 교차로안,화물,남,39세,상해없음,승합,남,68세,상해없음
2018040500100106,2018년 4월 5일 08시,목요일,강원도 동해시 효가동,경상사고,0,0,3,0,차대차 - 추돌,안전운전불이행,건조,맑음,교차로 - 교차로부근,승용,남,66세,상해없음,승용,여,39세,경상
2018040500100206,2018년 4월 5일 11시,목요일,강원도 인제군 인제읍,중상사고,0,2,2,0,차대차 - 측면충돌,안전운전불이행,젖음/습기,비,교차로 - 교차로안,화물,남,50세,상해없음,승합,남,43세,경상
2018040500100408,2018년 4월 5일 18시,목요일,강원도 춘천시 석사동,경상사고,0,0,1,0,차대차 - 후진중충돌,안전운전불이행,젖음/습기,비,기타 - 기타,승용,남,40세,상해없음,승용,여,49세,경상
2018040500100409,2018년 4월 5일 18시,목요일,강원도 삼척시 도계읍,중상사고,0,2,2,0,차대차 - 측면충돌,중앙선침범,젖음/습기,비,단일로 - 기타,승용,남,19세,상해없음,승용,남,71세,중상
2018040500100462,2018년 4월 5일 19시,목요일,강원도 동해시 부곡동,중상사고,0,1,0,0,차대사람 - 횡단중,보행자보호의무위반,젖음/습기,비,교차로 - 교차로횡단보도내,승용,남,27세,상해없음,보행자,남,36세,중상
2018040500100516,2018년 4월 5일 20시,목요일,강원도 춘천시 효자동,경상사고,0,0,3,0,차대차 - 측면충돌,신호위반,젖음/습기,비,교차로 - 교차로안,승용,남,39세,상해없음,승용,남,59세,경상
2018040500100517,2018년 4월 5일 20시,목요일,강원도 춘천시 퇴계동,중상사고,0,1,1,0,차대차 - 측면충돌,교차로운행방법위반,젖음/습기,비,교차로 - 교차로안,승용,남,56세,상해없음,승용,여,35세,중상
2018040500100518,2018년 4월 5일 20시,목요일,강원도 강릉시 노암동,중상사고,0,1,0,0,차대사람 - 횡단중,안전운전불이행,젖음/습기,비,단일로 - 기타,승용,남,58세,상해없음,보행자,여,85세,중상
2018040500100519,2018년 4월 5일 20시,목요일,강원도 강릉시 포남동,경상사고,0,0,1,0,차대차 - 측면충돌,안전운전불이행,젖음/습기,비,교차로 - 교차로안,승용,여,42세,상해없음,승용,여,27세,경상
2018040500100520,2018년 4월 5일 20시,목요일,강원도 원주시 문막읍,경상사고,0,0,1,0,차대차 - 정면충돌,안전운전불이행,젖음/습기,비,단일로 - 기타,승합,남,39세,상해없음,화물,남,59세,경상
2018040500100521,2018년 4월 5일 20시,목요일,강원도 동해시 동회동,경상사고,0,0,2,0,차대사람 - 길가장자리구역통행중,안전운전불이행,젖음/습기,비,단일로 - 기타,이륜,남,19세,상해없음,보행자,남,24세,경상
2018040500100564,2018년 4월 5일 21시,목요일,강원도 춘천시 석사동,경상사고,0,0,1,0,차대차 - 기타,안전거리미확보,젖음/습기,비,단일로 - 기타,승용,남,35세,상해없음,원동기,남,24세,경상
2018040500100565,2018년 4월 5일 21시,목요일,강원도 속초시 조양동,경상사고,0,0,2,0,차대차 - 후진중충돌,안전운전불이행,건조,맑음,주차장 - 주차장,승합,남,51세,상해없음,승용,남,47세,경상
2018040500100566,2018년 4월 5일 21시,목요일,강원도 화천군 간동면,중상사고,0,1,0,0,차량단독 - 기타,안전운전불이행,젖음/습기,비,단일로 - 기타,승용,남,59세,중상,,,,
2018040600100156,2018년 4월 6일 08시,금요일,강원도 강릉시 교동,경상사고,0,0,1,0,차대차 - 측면충돌,안전운전불이행,젖음/습기,흐림,단일로 - 기타,승용,남,40세,상해없음,승용,여,44세,경상
2018040600100157,2018년 4월 6일 08시,금요일,강원도 원주시 우산동,경상사고,0,0,1,0,차대차 - 추돌,안전운전불이행,건조,맑음,단일로 - 기타,승용,여,46세,상해없음,승용,여,49세,경상
2018040600100210,2018년 4월 6일 10시,금요일,강원도 강릉시 포남동,경상사고,0,0,1,0,차대차 - 추돌,안전운전불이행,건조,맑음,단일로 - 기타,승용,여,43세,상해없음,승용,남,66세,경상
2018040600100211,2018년 4월 6일 10시,금요일,강원도 횡성군 횡성읍,사망사고,1,0,0,0,차량단독 - 공작물충돌,안전운전불이행,젖음/습기,맑음,단일로 - 기타,이륜,남,55세,사망,,,,
2018040600100212,2018년 4월 6일 10시,금요일,강원도 철원군 김화읍,경상사고,0,0,1,0,차대차 - 측면충돌,중앙선침범,건조,맑음,단일로 - 기타,승용,남,46세,상해없음,승용,여,55세,경상
2018040600100243,2018년 4월 6일 11시,금요일,강원도 춘천시 소양로1가,경상사고,0,0,1,0,차대차 - 추돌,안전운전불이행,건조,맑음,단일로 - 기타,승용,남,67세,상해없음,승용,여,36세,경상
2018040600100278,2018년 4월 6일 12시,금요일,강원도 태백시 화전동,경상사고,0,0,1,0,차대차 - 측면충돌,안전운전불이행,건조,맑음,교차로 - 교차로안,승용,남,64세,상해없음,승용,여,47세,경상
2018040600100321,2018년 4월 6일 14시,금요일,강원도 강릉시 포남동,경상사고,0,0,3,0,차대차 - 측면충돌,안전운전불이행,건조,맑음,교차로 - 교차로안,승용,남,26세,상해없음,승용,남,72세,경상
2018040600100352,2018년 4월 6일 15시,금요일,강원도 춘천시 효자동,경상사고,0,0,1,0,차대사람 - 횡단중,보행자보호의무위반,건조,맑음,교차로 - 교차로횡단보도내,승용,남,26세,상해없음,보행자,여,68세,경상
2018040600100353,2018년 4월 6일 15시,금요일,강원도 원주시 흥업면,경상사고,0,0,1,0,차대차 - 측면충돌,차로위반,건조,맑음,교차로 - 교차로부근,승용,여,69세,기타불명,화물,남,43세,경상
2018040600100388,2018년 4월 6일 16시,금요일,강원도 강릉시 운정동,경상사고,0,0,1,0,차대차 - 추돌,안전운전불이행,건조,맑음,단일로 - 기타,승용,여,24세,상해없음,승용,남,49세,상해없음
2018040600100389,2018년 4월 6일 16시,금요일,강원도 고성군 간성읍,경상사고,0,0,1,0,차대차 - 측면충돌,과속,젖음/습기,맑음,교차로 - 교차로안,화물,남,66세,상해없음,승용,여,35세,경상
2018040600100427,2018년 4월 6일 17시,금요일,강원도 춘천시 후평동,중상사고,0,1,1,1,차대차 - 측면충돌,직진우회전진행방해,건조,맑음,교차로 - 교차로안,승용,남,45세,상해없음,승용,남,31세,중상
2018040600100428,2018년 4월 6일 17시,금요일,강원도 원주시 학성동,경상사고,0,0,1,1,차대차 - 측면충돌,차로위반,건조,맑음,단일로 - 기타,승용,여,56세,부상신고,화물,남,40세,경상
2018040600100463,2018년 4월 6일 18시,금요일,강원도 춘천시 석사동,중상사고,0,1,0,0,차대사람 - 길가장자리구역통행중,안전운전불이행,건조,맑음,단일로 - 기타,승용,여,47세,상해없음,보행자,여,89세,중상
2018040600100537,2018년 4월 6일 20시,금요일,강원도 춘천시 서면,경상사고,0,0,2,0,차대차 - 추돌,안전거리미확보,건조,맑음,단일로 - 기타,승용,남,35세,상해없음,승용,남,22세,경상
2018040600100538,2018년 4월 6일 20시,금요일,강원도 원주시 단계동,중상사고,0,1,0,0,차대사람 - 횡단중,안전운전불이행,건조,맑음,교차로 - 교차로안,승용,남,33세,상해없음,보행자,남,61세,중상
2018040600100539,2018년 4월 6일 20시,금요일,강원도 양양군 양양읍,중상사고,0,1,1,0,차대차 - 측면충돌,기타,건조,맑음,교차로 - 교차로부근,승용,남,62세,상해없음,승용,여,43세,중상
2018040600100572,2018년 4월 6일 21시,금요일,강원도 원주시 개운동,경상사고,0,0,1,0,차대차 - 측면충돌,안전운전불이행,건조,맑음,교차로 - 교차로안,승용,남,32세,상해없음,승용,남,49세,경상
2018040600100606,2018년 4월 6일 22시,금요일,강원도 영월군 영월읍,부상신고사고,0,0,0,1,차대차 - 기타,직진우회전진행방해,건조,맑음,교차로 - 교차로안,승용,남,29세,부상신고,승용,남,20세,상해없음
2018040600100607,2018년 4월 6일 22시,금요일,강원도 양구군 양구읍,경상사고,0,0,1,0,차대차 - 추돌,교차로운행방법위반,젖음/습기,비,교차로 - 교차로안,승용,여,47세,상해없음,승용,여,57세,경상
2018040600100635,2018년 4월 6일 23시,금요일,강원도 강릉시 포남동,경상사고,0,0,1,0,차대차 - 측면충돌,안전운전불이행,건조,맑음,단일로 - 기타,승용,남,50세,상해없음,이륜,남,27세,경상
2018040700100010,2018년 4월 7일 00시,토요일,강원도 속초시 조양동,경상사고,0,0,2,0,차대차 - 측면충돌,교차로운행방법위반,건조,맑음,교차로 - 교차로안,승용,남,23세,상해없음,승용,남,22세,경상
2018040700100011,2018년 4월 7일 00시,토요일,강원도 양양군 현남면,중상사고,0,2,0,0,차대사람 - 차도통행중,안전운전불이행,건조,맑음,교차로 - 교차로부근,승용,남,26세,상해없음,보행자,남,25세,중상
2018040700100057,2018년 4월 7일 02시,토요일,강원도 원주시 명륜동,중상사고,0,1,0,0,차대차 - 측면충돌,교차로운행방법위반,젖음/습기,비,교차로 - 교차로안,승용,남,48세,상해없음,승용,남,43세,중상
2018040700100104,2018년 4월 7일 06시,토요일,강원도 원주시 단구동,중상사고,0,1,2,0,차대차 - 정면충돌,안전운전불이행,젖음/습기,비,교차로 - 교차로안,승용,남,27세,상해없음,승용,남,31세,경상
2018040700100127,2018년 4월 7일 08시,토요일,강원도 춘천시 근화동,경상사고,0,0,1,0,차대차 - 측면충돌,안전거리미확보,건조,맑음,단일로 - 기타,승용,남,78세,상해없음,승용,여,58세,경상
2018040700100128,2018년 4월 7일 08시,토요일,강원도 원주시 명륜동,경상사고,0,0,4,0,차대차 - 추돌,안전거리미확보,젖음/습기,흐림,교차로 - 교차로부근,승용,남,78세,상해없음,승용,남,30세,경상
2018040700100129,2018년 4월 7일 08시,토요일,강원도 양양군 양양읍,경상사고,0,0,1,0,차대차 - 측면충돌,안전운전불이행,건조,맑음,교차로 - 교차로안,승용,남,67세,상해없음,승용,여,49세,경상
2018040700100155,2018년 4월 7일 09시,토요일,강원도 인제군 인제읍,중상사고,0,1,2,0,차대차 - 정면충돌,중앙선침범,젖음/습기,맑음,단일로 - 기타,승용,남,28세,상해없음,승합,여,43세,경상
2018040700100181,2018년 4월 7일 10시,토요일,강원도 원주시 단계동,경상사고,0,0,1,0,차대차 - 추돌,안전거리미확보,건조,맑음,교차로 - 교차로부근,승용,남,67세,상해없음,승용,남,67세,경상
2018040700100217,2018년 4월 7일 11시,토요일,강원도 춘천시 신북읍,중상사고,0,1,0,0,차대사람 - 기타,안전운전불이행,건조,맑음,단일로 - 기타,승용,남,58세,상해없음,보행자,남,46세,중상
2018040700100218,2018년 4월 7일 11시,토요일,강원도 춘천시 온의동,경상사고,0,0,1,0,차대차 - 추돌,교차로운행방법위반,건조,맑음,교차로 - 교차로부근,승용,여,29세,상해없음,승용,남,37세,경상
2018040700100254,2018년 4월 7일 12시,토요일,강원도 원주시 단구동,중상사고,0,1,0,0,차대차 - 측면충돌,안전운전불이행,건조,맑음,교차로 - 교차로부근,승용,남,58세,상해없음,화물,남,63세,중상
2018040700100255,2018년 4월 7일 12시,토요일,강원도 원주시 단계동,경상사고,0,0,2,0,차대차 - 측면충돌,교차로운행방법위반,건조,맑음,교차로 - 교차로안,승용,여,45세,기타불명,승합,남,50세,경상
2018040700100256,2018년 4월 7일 12시,토요일,강원도 삼척시 근덕면,중상사고,0,1,1,0,차량단독 - 공작물충돌,안전운전불이행,건조,맑음,단일로 - 기타,승용,여,48세,상해없음,,,,
2018040700100278,2018년 4월 7일 13시,토요일,강원도 원주시 단구동,경상사고,0,0,3,0,차대차 - 측면충돌,신호위반,건조,맑음,교차로 - 교차로안,화물,남,54세,상해없음,승용,여,48세,경상
2018040700100317,2018년 4월 7일 14시,토요일,강원도 삼척시 남양동,경상사고,0,0,1,0,차대사람 - 차도통행중,안전운전불이행,건조,맑음,교차로 - 교차로안,승용,남,63세,상해없음,보행자,여,46세,경상
2018040700100372,2018년 4월 7일 15시,토요일,강원도 태백시 황지동,중상사고,0,1,0,0,차대사람 - 차도통행중,안전운전불이행,건조,맑음,교차로 - 교차로부근,승용,남,72세,상해없음,보행자,여,74세,중상
2018040700100405,2018년 4월 7일 16시,토요일,강원도 춘천시 운교동,경상사고,0,0,1,0,차대사람 - 차도통행중,신호위반,건조,맑음,교차로 - 교차로부근,승용,남,28세,상해없음,보행자,남,17세,경상
2018040700100447,2018년 4월 7일 17시,토요일,강원도 춘천시 우두동,경상사고,0,0,1,0,차대차 - 측면충돌,신호위반,건조,맑음,교차로 - 교차로안,승용,남,71세,기타불명,승용,남,56세,경상
2018040700100536,2018년 4월 7일 19시,토요일,강원도 원주시 단구동,중상사고,0,1,1,0,차대차 - 측면충돌,신호위반,건조,맑음,교차로 - 교차로안,승용,남,28세,상해없음,이륜,남,18세,중상
2018040700100632,2018년 4월 7일 22시,토요일,강원도 춘천시 후평동,중상사고,0,1,0,0,차대차 - 측면충돌,직진우회전진행방해,건조,맑음,교차로 - 교차로안,승용,남,45세,상해없음,이륜,남,21세,중상
2018040700100633,2018년 4월 7일 22시,토요일,강원도 인제군 서화면,중상사고,0,1,0,0,차대차 - 추돌,중앙선침범,건조,맑음,단일로 - 기타,승용,남,33세,상해없음,승용,여,48세,중상
2018040800100075,2018년 4월 8일 05시,일요일,강원도 원주시 학성동,부상신고사고,0,0,0,1,차대차 - 측면충돌,중앙선침범,건조,맑음,교차로 - 교차로부근,승용,남,43세,기타불명,승용,남,65세,부상신고
2018040800100105,2018년 4월 8일 08시,일요일,강원도 춘천시 동면,중상사고,0,1,1,0,차대차 - 측면충돌,신호위반,건조,맑음,교차로 - 교차로안,승용,남,75세,상해없음,승용,여,42세,중상
2018040800100139,2018년 4월 8일 10시,일요일,강원도 강릉시 성남동,경상사고,0,0,1,0,차대차 - 기타,안전운전불이행,건조,맑음,교차로 - 교차로안,승용,남,62세,상해없음,승용,남,30세,경상
2018040800100140,2018년 4월 8일 10시,일요일,강원도 강릉시 초당동,경상사고,0,0,1,0,차대사람 - 횡단중,안전운전불이행,건조,맑음,교차로 - 교차로안,승용,남,63세,상해없음,보행자,남,7세,경상
2018040800100164,2018년 4월 8일 11시,일요일,강원도 양양군 강현면,경상사고,0,0,2,0,차대차 - 추돌,안전운전불이행,건조,맑음,단일로 - 기타,승용,남,56세,상해없음,승용,여,56세,경상
2018040800100181,2018년 4월 8일 12시,일요일,강원도 원주시 단구동,경상사고,0,0,1,0,차대차 - 측면충돌,안전운전불이행,건조,맑음,교차로 - 교차로안,승용,남,54세,상해없음,화물,남,51세,경상
2018040800100206,2018년 4월 8일 13시,일요일,강원도 강릉시 안현동,경상사고,0,0,2,0,차대차 - 기타,안전운전불이행,건조,맑음,교차로 - 교차로안,승용,남,31세,상해없음,원동기,여,26세,경상
2018040800100235,2018년 4월 8일 14시,일요일,강원도 강릉시 포남동,경상사고,0,0,1,0,차대차 - 후진중충돌,안전운전불이행,건조,맑음,단일로 - 기타,승용,남,54세,상해없음,승용,남,51세,경상
2018040800100306,2018년 4월 8일 16시,일요일,강원도 강릉시 내곡동,경상사고,0,0,1,0,차대차 - 측면충돌,안전운전불이행,건조,맑음,교차로 - 교차로안,승용,여,60세,상해없음,승용,여,63세,경상
2018040800100307,2018년 4월 8일 16시,일요일,강원도 강릉시 홍제동,경상사고,0,0,1,0,차대차 - 추돌,과속,건조,맑음,단일로 - 기타,특수,남,37세,상해없음,승용,남,53세,경상
2018040800100339,2018년 4월 8일 17시,일요일,강원도 평창군 대화면,중상사고,0,1,1,0,차대차 - 측면충돌,안전운전불이행,건조,맑음,교차로 - 교차로안,화물,남,61세,상해없음,승용,남,52세,중상
2018040800100413,2018년 4월 8일 19시,일요일,강원도 춘천시 운교동,경상사고,0,0,1,0,차대사람 - 기타,보행자보호의무위반,젖음/습기,비,교차로 - 교차로부근,이륜,남,23세,상해없음,보행자,남,52세,경상
2018040800100414,2018년 4월 8일 19시,일요일,강원도 속초시 동명동,중상사고,0,1,0,0,차대차 - 측면충돌,안전운전불이행,건조,맑음,단일로 - 기타,승용,여,41세,상해없음,이륜,남,53세,중상
2018040800100442,2018년 4월 8일 20시,일요일,강원도 정선군 사북읍,사망사고,1,0,0,0,차량단독 - 공작물충돌,안전운전불이행,젖음/습기,비,단일로 - 기타,화물,남,73세,사망,,,,
2018040800100476,2018년 4월 8일 22시,일요일,강원도 춘천시 동내면,경상사고,0,0,1,0,차대차 - 측면충돌,신호위반,젖음/습기,비,교차로 - 교차로안,승용,남,45세,상해없음,승용,남,25세,경상
2018040800100497,2018년 4월 8일 23시,일요일,강원도 춘천시 석사동,경상사고,0,0,2,0,차대차 - 측면충돌,신호위반,젖음/습기,흐림,교차로 - 교차로안,승용,여,61세,기타불명,화물,여,65세,경상
2018040900100072,2018년 4월 9일 07시,월요일,강원도 춘천시 퇴계동,경상사고,0,0,1,0,차대차 - 측면충돌,차로위반,건조,맑음,단일로 - 기타,승용,여,62세,상해없음,승용,여,49세,경상
2018040900100102,2018년 4월 9일 08시,월요일,강원도 삼척시 사직동,중상사고,0,1,3,0,차대차 - 추돌,안전거리미확보,건조,맑음,교차로 - 교차로부근,승합,남,65세,상해없음,승용,남,62세,경상
2018040900100145,2018년 4월 9일 09시,월요일,강원도 춘천시 온의동,경상사고,0,0,1,0,차대차 - 측면충돌,안전운전불이행,건조,맑음,교차로 - 교차로안,승용,남,61세,상해없음,승용,여,49세,경상
2018040900100146,2018년 4월 9일 09시,월요일,강원도 동해시 쇄운동,경상사고,0,0,2,0,차대사람 - 횡단중,안전운전불이행,건조,맑음,교차로 - 교차로안,승용,남,61세,상해없음,보행자,남,36세,경상
2018040900100179,2018년 4월 9일 10시,월요일,강원도 강릉시 옥천동,경상사고,0,0,1,0,차대차 - 후진중충돌,안전운전불이행,건조,맑음,교차로 - 교차로부근,승용,여,40세,기타불명,승용,여,39세,경상
2018040900100180,2018년 4월 9일 10시,월요일,강원도 삼척시 정상동,경상사고,0,0,1,0,차대사람 - 차도통행중,안전운전불이행,건조,맑음,단일로 - 기타,승용,여,54세,상해없음,보행자,남,41세,경상
2018040900100214,2018년 4월 9일 11시,월요일,강원도 삼척시 남양동,경상사고,0,0,1,0,차대사람 - 차도통행중,안전운전불이행,건조,맑음,교차로 - 교차로안,승용,여,48세,상해없음,보행자,여,65세,경상
2018040900100260,2018년 4월 9일 12시,월요일,강원도 삼척시 미로면,경상사고,0,0,1,0,차량단독 - 공작물충돌,안전운전불이행,건조,맑음,단일로 - 기타,승용,남,72세,경상,,,,
2018040900100325,2018년 4월 9일 14시,월요일,강원도 춘천시 조양동,경상사고,0,0,1,0,차대사람 - 횡단중,안전운전불이행,건조,맑음,단일로 - 기타,승용,남,26세,상해없음,보행자,여,64세,경상
2018040900100363,2018년 4월 9일 15시,월요일,강원도 강릉시 강동면,중상사고,0,1,0,0,차대차 - 측면충돌,안전운전불이행,건조,맑음,교차로 - 교차로안,화물,남,57세,상해없음,승용,여,61세,중상
2018040900100364,2018년 4월 9일 15시,월요일,강원도 원주시 무실동,중상사고,0,1,0,0,차대사람 - 횡단중,안전운전불이행,건조,맑음,단일로 - 기타,승용,남,37세,상해없음,보행자,남,7세,중상
2018040900100400,2018년 4월 9일 16시,월요일,강원도 속초시 조양동,경상사고,0,0,1,0,차대차 - 측면충돌,신호위반,건조,맑음,교차로 - 교차로안,화물,남,71세,상해없음,승용,여,52세,경상
2018040900100401,2018년 4월 9일 16시,월요일,강원도 고성군 토성면,경상사고,0,0,1,0,차대차 - 측면충돌,안전운전불이행,건조,맑음,기타 - 기타,화물,남,63세,상해없음,화물,남,73세,경상
2018040900100444,2018년 4월 9일 17시,월요일,강원도 속초시 교동,중상사고,0,1,0,0,차대사람 - 횡단중,안전운전불이행,건조,맑음,단일로 - 기타,승용,여,50세,상해없음,보행자,여,60세,중상
2018040900100489,2018년 4월 9일 18시,월요일,강원도 영월군 주천면,부상신고사고,0,0,0,2,차대차 - 측면충돌,안전운전불이행,건조,맑음,교차로 - 교차로부근,승용,여,65세,상해없음,승용,남,46세,부상신고
2018040900100533,2018년 4월 9일 19시,월요일,강원도 춘천시 온의동,경상사고,0,0,1,0,차대사람 - 횡단중,보행자보호의무위반,건조,맑음,단일로 - 기타,승용,남,62세,상해없음,보행자,여,58세,경상
2018040900100534,2018년 4월 9일 19시,월요일,강원도 속초시 조양동,경상사고,0,0,1,0,차대사람 - 길가장자리구역통행중,안전운전불이행,건조,맑음,교차로 - 교차로안,화물,남,65세,상해없음,보행자,여,70세,경상
2018040900100572,2018년 4월 9일 20시,월요일,강원도 동해시 발한동,부상신고사고,0,0,0,1,차대차 - 추돌,안전운전불이행,건조,맑음,교차로 - 교차로부근,승용,남,56세,상해없음,승용,남,52세,부상신고
2018041000100025,2018년 4월 10일 02시,화요일,강원도 춘천시 동면,경상사고,0,0,1,0,차대차 - 후진중충돌,안전운전불이행,건조,맑음,단일로 - 기타,승용,남,30세,상해없음,승용,남,49세,경상
2018041000100188,2018년 4월 10일 10시,화요일,강원도 원주시 중앙동,중상사고,0,1,0,0,차대사람 - 횡단중,안전운전불이행,건조,맑음,교차로 - 교차로횡단보도내,승용,남,51세,기타불명,보행자,여,79세,중상
2018041000100189,2018년 4월 10일 10시,화요일,강원도 고성군 토성면,중상사고,0,2,1,0,차량단독 - 기타,안전운전불이행,건조,맑음,단일로 - 기타,승용,여,67세,경상,,,,
2018041000100223,2018년 4월 10일 11시,화요일,강원도 속초시 동명동,중상사고,0,1,0,0,차대사람 - 길가장자리구역통행중,안전운전불이행,건조,맑음,단일로 - 기타,승용,여,69세,상해없음,보행자,여,71세,중상
2018041000100337,2018년 4월 10일 15시,화요일,강원도 춘천시 후평동,경상사고,0,0,1,0,차대차 - 측면충돌,직진우회전진행방해,건조,맑음,교차로 - 교차로안,승용,남,59세,상해없음,이륜,남,38세,경상
2018041000100461,2018년 4월 10일 18시,화요일,강원도 강릉시 노암동,경상사고,0,0,1,0,차대차 - 기타,신호위반,건조,맑음,교차로 - 교차로횡단보도내,승용,여,57세,상해없음,자전거,남,14세,경상
2018041000100645,2018년 4월 10일 23시,화요일,강원도 원주시 단계동,경상사고,0,0,2,0,차대차 - 추돌,안전거리미확보,젖음/습기,비,교차로 - 교차로부근,승용,남,32세,상해없음,승용,남,27세,경상
2018041100100010,2018년 4월 11일 00시,수요일,강원도 원주시 흥업면,경상사고,0,0,1,0,차량단독 - 공작물충돌,안전운전불이행,젖음/습기,비,단일로 - 기타,승용,남,54세,상해없음,,,,
2018041100100011,2018년 4월 11일 00시,수요일,강원도 원주시 신림면,경상사고,0,0,1,0,차대차 - 추돌,안전운전불이행,젖음/습기,비,단일로 - 기타,화물,남,66세,상해없음,화물,남,36세,경상
2018041100100105,2018년 4월 11일 08시,수요일,강원도 횡성군 갑천면,사망사고,1,0,0,0,차대차 - 측면충돌,교차로운행방법위반,건조,맑음,교차로 - 교차로안,농기계,남,72세,상해없음,원동기,남,66세,사망
2018041100100180,2018년 4월 11일 10시,수요일,강원도 원주시 호저면,중상사고,0,1,1,0,차대차 - 측면충돌,신호위반,건조,맑음,교차로 - 교차로안,승용,여,55세,중상,승용,여,59세,경상
2018041100100201,2018년 4월 11일 11시,수요일,강원도 춘천시 퇴계동,중상사고,0,1,0,0,차대사람 - 기타,안전운전불이행,건조,맑음,단일로 - 기타,승용,여,49세,상해없음,보행자,여,28세,중상
2018041100100202,2018년 4월 11일 11시,수요일,강원도 횡성군 공근면,경상사고,0,0,1,0,차대차 - 측면충돌,안전운전불이행,건조,맑음,단일로 - 기타,화물,남,53세,상해없음,승용,남,25세,경상
2018041100100203,2018년 4월 11일 11시,수요일,강원도 횡성군 횡성읍,중상사고,0,1,0,0,차대사람 - 횡단중,보행자보호의무위반,건조,맑음,단일로 - 기타,화물,남,55세,상해없음,보행자,여,77세,중상
2018041100100288,2018년 4월 11일 14시,수요일,강원도 원주시 문막읍,경상사고,0,0,1,0,차대차 - 측면충돌,교차로운행방법위반,건조,맑음,교차로 - 교차로안,화물,남,62세,상해없음,승용,남,53세,경상
2018041100100289,2018년 4월 11일 14시,수요일,강원도 속초시 청호동,경상사고,0,0,1,0,차대사람 - 횡단중,안전운전불이행,건조,맑음,기타 - 기타,승용,남,32세,상해없음,보행자,남,68세,경상
2018041100100331,2018년 4월 11일 15시,수요일,강원도 영월군 남면,사망사고,1,0,0,0,차량단독 - 전도전복 - 전도,안전운전불이행,건조,맑음,단일로 - 기타,사륜오토바이(ATV),남,77세,사망,미분류,미분류,미분류,미분류
2018041100100412,2018년 4월 11일 17시,수요일,강원도 태백시 황지동,경상사고,0,0,1,0,차대사람 - 횡단중,보행자보호의무위반,건조,맑음,단일로 - 기타,승용,남,65세,상해없음,보행자,남,8세,경상
2018041100100465,2018년 4월 11일 18시,수요일,강원도 춘천시 석사동,경상사고,0,0,1,0,차대차 - 측면충돌,기타,건조,맑음,기타 - 기타,승용,여,45세,상해없음,자전거,남,9세,경상
2018041100100467,2018년 4월 11일 18시,수요일,강원도 원주시 학성동,경상사고,0,0,1,0,차대차 - 측면충돌,교차로운행방법위반,건조,맑음,교차로 - 교차로안,승용,남,28세,상해없음,승용,남,44세,경상
2018041100100538,2018년 4월 11일 20시,수요일,강원도 원주시 무실동,경상사고,0,0,1,0,차대차 - 측면충돌,직진우회전진행방해,건조,맑음,교차로 - 교차로안,승용,여,25세,상해없음,승용,여,55세,경상
2018041100100539,2018년 4월 11일 20시,수요일,강원도 원주시 단계동,경상사고,0,0,1,0,차대사람 - 기타,안전운전불이행,건조,맑음,단일로 - 기타,이륜,남,34세,기타불명,보행자,여,55세,경상
2018041100100585,2018년 4월 11일 22시,수요일,강원도 동해시 천곡동,경상사고,0,0,1,0,차대차 - 측면충돌,안전운전불이행,건조,맑음,교차로 - 교차로부근,승용,남,65세,상해없음,승용,남,33세,경상
2018041200100036,2018년 4월 12일 03시,목요일,강원도 영월군 중동면,사망사고,1,0,0,0,차량단독 - 도로외이탈 - 추락,안전운전불이행,건조,맑음,단일로 - 지하차도(도로)내,승용,남,53세,사망,,,,
2018041200100117,2018년 4월 12일 08시,목요일,강원도 춘천시 온의동,경상사고,0,0,3,0,차대차 - 추돌,안전거리미확보,건조,맑음,단일로 - 교량,화물,남,61세,상해없음,승용,남,67세,경상
2018041200100150,2018년 4월 12일 09시,목요일,강원도 원주시 인동,경상사고,0,0,1,0,차대차 - 측면충돌,교차로운행방법위반,건조,맑음,교차로 - 교차로안,화물,남,46세,상해없음,승용,여,28세,경상
2018041200100244,2018년 4월 12일 12시,목요일,강원도 춘천시 신북읍,중상사고,0,2,2,0,차대차 - 측면충돌,안전운전불이행,건조,맑음,교차로 - 교차로안,승용,여,63세,상해없음,승용,남,67세,경상
2018041200100245,2018년 4월 12일 12시,목요일,강원도 춘천시 서면,경상사고,0,0,2,0,차대차 - 측면충돌,안전운전불이행,건조,맑음,단일로 - 기타,승용,여,57세,경상,승용,남,57세,경상