사고번호,사고일시,요일,시군구,사고내용,사망자수,중상자수,경상자수,부상신고자수,사고유형,법규위반,노면상태,기상상태,도로형태,가해운전자 차종,가해운전자 성별,가해운전자 연령,가해운전자 상해정도,피해운전자 차종,피해운전자 성별,피해운전자 연령,피해운전자 상해정도
2018050500100112,2018년 5월 5일 06시,토요일,강원도 양양군 손양면,경상사고,0,0,1,0,차대차 - 측면충돌,불법유턴,건조,맑음,교차로 - 교차로부근,화물,남,56세,상해없음,승용,남,48세,경상
2018050500100113,2018년 5월 5일 06시,토요일,강원도 고성군 현내면,중상사고,0,3,0,0,차량단독 - 기타,안전운전불이행,건조,맑음,기타 - 기타,승용,남,24세,중상,,,,
2018050500100127,2018년 5월 5일 07시,토요일,강원도 정선군 남면,경상사고,0,0,1,0,차대차 - 측면충돌,기타,건조,맑음,단일로 - 기타,승용,여,49세,상해없음,화물,남,50세,경상
2018050500100146,2018년 5월 5일 08시,토요일,강원도 강릉시 노암동,중상사고,0,1,0,0,차대사람 - 횡단중,안전운전불이행,건조,맑음,교차로 - 교차로부근,승용,남,37세,상해없음,보행자,남,84세,중상
2018050500100147,2018년 5월 5일 08시,토요일,강원도 원주시 우산동,경상사고,0,0,2,0,차대차 - 측면충돌,교차로운행방법위반,건조,맑음,단일로 - 기타,승용,남,25세,기타불명,승용,남,40세,경상
2018050500100148,2018년 5월 5일 08시,토요일,강원도 정선군 남면,경상사고,0,0,4,0,차대차 - 측면충돌,중앙선침범,건조,맑음,단일로 - 기타,화물,남,61세,상해없음,승용,남,30세,경상
2018050500100182,2018년 5월 5일 09시,토요일,강원도 태백시 화전동,경상사고,0,0,1,0,차대차 - 측면충돌,안전운전불이행,건조,맑음,단일로 - 기타,건설기계,남,61세,상해없음,승용,여,53세,경상
2018050500100207,2018년 5월 5일 10시,토요일,강원도 원주시 태장동,경상사고,0,0,1,0,차대차 - 추돌,안전거리미확보,건조,맑음,단일로 - 기타,승용,남,57세,상해없음,승용,남,46세,경상
2018050500100226,2018년 5월 5일 11시,토요일,강원도 동해시 천곡동,경상사고,0,0,1,0,차대차 - 측면충돌,직진우회전진행방해,건조,맑음,교차로 - 교차로안,승용,남,53세,상해없음,승용,남,51세,경상
2018050500100261,2018년 5월 5일 12시,토요일,강원도 원주시 호저면,경상사고,0,0,1,0,차량단독 - 기타,안전운전불이행,건조,맑음,단일로 - 기타,자전거,남,72세,경상,,,,
2018050500100288,2018년 5월 5일 13시,토요일,강원도 춘천시 동내면,경상사고,0,0,1,0,차대차 - 기타,중앙선침범,건조,맑음,단일로 - 기타,승용,여,58세,상해없음,승합,남,61세,상해없음
2018050500100290,2018년 5월 5일 13시,토요일,강원도 태백시 문곡동,중상사고,0,1,0,0,차대차 - 추돌,안전운전불이행,건조,맑음,단일로 - 기타,승용,여,45세,상해없음,승용,남,60세,상해없음
2018050500100291,2018년 5월 5일 13시,토요일,강원도 인제군 인제읍,경상사고,0,0,4,0,차대차 - 추돌,안전운전불이행,건조,맑음,단일로 - 기타,기타불명,기타불명,미분류,기타불명,승용,남,44세,경상
2018050500100292,2018년 5월 5일 13시,토요일,강원도 동해시 지흥동,사망사고,1,0,0,0,차대차 - 기타,안전운전불이행,건조,맑음,단일로 - 기타,이륜,남,32세,사망,승용,남,50세,상해없음
2018050500100403,2018년 5월 5일 16시,토요일,강원도 원주시 중앙동,경상사고,0,0,1,0,차대차 - 측면충돌,직진우회전진행방해,건조,맑음,교차로 - 교차로안,승용,남,49세,상해없음,화물,남,59세,상해없음
2018050500100404,2018년 5월 5일 16시,토요일,강원도 속초시 조양동,중상사고,0,1,0,0,차대사람 - 횡단중,안전운전불이행,건조,맑음,교차로 - 교차로부근,화물,남,78세,상해없음,보행자,남,66세,중상
2018050500100449,2018년 5월 5일 17시,토요일,강원도 삼척시 도계읍,중상사고,0,3,0,0,차량단독 - 공작물충돌,안전운전불이행,건조,맑음,단일로 - 기타,승용,여,58세,중상,,,,
2018050500100520,2018년 5월 5일 19시,토요일,강원도 강릉시 옥천동,경상사고,0,0,1,0,차대사람 - 기타,안전운전불이행,건조,맑음,주차장 - 주차장,승용,남,61세,상해없음,보행자,남,62세,경상
2018050500100521,2018년 5월 5일 19시,토요일,강원도 원주시 귀래면,중상사고,0,1,1,0,차대차 - 측면충돌,안전운전불이행,건조,맑음,단일로 - 기타,승용,남,45세,중상,자전거,남,58세,경상
2018050500100551,2018년 5월 5일 20시,토요일,강원도 강릉시 교동,중상사고,0,1,0,0,차대차 - 기타,안전운전불이행,건조,맑음,교차로 - 교차로안,승용,여,45세,상해없음,이륜,남,21세,중상
2018050500100552,2018년 5월 5일 20시,토요일,강원도 강릉시 홍제동,경상사고,0,0,3,0,차대차 - 기타,신호위반,건조,맑음,교차로 - 교차로안,승용,여,59세,상해없음,승용,남,68세,경상
2018050500100584,2018년 5월 5일 21시,토요일,강원도 속초시 교동,중상사고,0,2,1,0,차대차 - 측면충돌,안전운전불이행,건조,맑음,교차로 - 교차로안,승용,남,30세,상해없음,승용,여,56세,경상
2018050500100609,2018년 5월 5일 22시,토요일,강원도 태백시 황지동,경상사고,0,0,1,0,차대차 - 추돌,안전운전불이행,건조,맑음,단일로 - 기타,승용,남,53세,상해없음,승용,여,65세,경상
2018050500100637,2018년 5월 5일 23시,토요일,강원도 정선군 북평면,중상사고,0,1,0,0,차대사람 - 횡단중,안전운전불이행,건조,맑음,단일로 - 기타,승용,남,28세,상해없음,보행자,남,55세,중상
2018050600100121,2018년 5월 6일 08시,일요일,강원도 춘천시 효자동,경상사고,0,0,2,0,차대차 - 측면충돌,안전운전불이행,젖음/습기,비,교차로 - 교차로안,승용,남,24세,상해없음,화물,남,60세,상해없음
2018050600100132,2018년 5월 6일 09시,일요일,강원도 춘천시 후평동,경상사고,0,0,1,0,차대차 - 측면충돌,신호위반,건조,맑음,교차로 - 교차로안,승용,남,30세,상해없음,승용,여,52세,경상
2018050600100146,2018년 5월 6일 10시,일요일,강원도 인제군 기린면,중상사고,0,2,0,0,차량단독 - 도로외이탈 - 추락,과속,젖음/습기,비,단일로 - 기타,승합,남,51세,상해없음,,,,
2018050600100213,2018년 5월 6일 13시,일요일,강원도 춘천시 효자동,경상사고,0,0,1,0,차대사람 - 차도통행중,안전운전불이행,건조,맑음,단일로 - 기타,승용,남,33세,상해없음,보행자,남,13세,경상
2018050600100214,2018년 5월 6일 13시,일요일,강원도 춘천시 동면,중상사고,0,2,2,0,차대차 - 측면충돌,안전거리미확보,건조,맑음,단일로 - 기타,승용,남,58세,경상,승용,남,68세,중상
2018050600100215,2018년 5월 6일 13시,일요일,강원도 동해시 부곡동,중상사고,0,1,0,0,차대차 - 추돌,안전운전불이행,젖음/습기,흐림,교차로 - 교차로안,승용,남,34세,상해없음,승용,남,61세,중상
2018050600100245,2018년 5월 6일 14시,일요일,강원도 태백시 화전동,중상사고,0,3,6,2,차대차 - 측면충돌,안전운전불이행,젖음/습기,비,교차로 - 교차로안,승용,남,37세,중상,승합,남,44세,경상
2018050600100246,2018년 5월 6일 14시,일요일,강원도 동해시 천곡동,경상사고,0,0,1,0,차대차 - 측면충돌,안전운전불이행,건조,맑음,교차로 - 교차로안,승용,여,44세,상해없음,승용,남,65세,경상
2018050600100347,2018년 5월 6일 19시,일요일,강원도 강릉시 포남동,경상사고,0,0,2,0,차대사람 - 횡단중,보행자보호의무위반,젖음/습기,맑음,단일로 - 기타,승용,남,47세,상해없음,보행자,남,26세,경상
2018050600100436,2018년 5월 6일 23시,일요일,강원도 원주시 태장동,경상사고,0,0,3,0,차대차 - 측면충돌,신호위반,건조,맑음,교차로 - 교차로안,승용,남,25세,상해없음,승용,남,40세,경상
2018050700100027,2018년 5월 7일 01시,월요일,강원도 철원군 김화읍,경상사고,0,0,2,0,차량단독 - 공작물충돌,안전운전불이행,건조,맑음,단일로 - 기타,승용,남,26세,상해없음,,,,
2018050700100077,2018년 5월 7일 06시,월요일,강원도 인제군 기린면,경상사고,0,0,1,0,차량단독 - 공작물충돌,안전운전불이행,건조,맑음,단일로 - 기타,화물,남,47세,경상,,,,
2018050700100092,2018년 5월 7일 07시,월요일,강원도 강릉시 내곡동,경상사고,0,0,1,0,차대차 - 측면충돌,신호위반,건조,맑음,교차로 - 교차로안,승용,남,69세,상해없음,승용,남,49세,경상
2018050700100167,2018년 5월 7일 11시,월요일,강원도 원주시 소초면,경상사고,0,0,3,0,차대차 - 추돌,안전거리미확보,건조,맑음,단일로 - 기타,승용,남,48세,상해없음,승용,여,44세,경상
2018050700100168,2018년 5월 7일 11시,월요일,강원도 화천군 사내면,중상사고,0,1,0,0,차대차 - 측면충돌,안전운전불이행,건조,맑음,교차로 - 교차로안,승용,남,58세,상해없음,자전거,남,52세,중상
2018050700100169,2018년 5월 7일 11시,월요일,강원도 횡성군 우천면,중상사고,0,1,1,0,차대차 - 기타,직진우회전진행방해,건조,흐림,교차로 - 교차로안,승용,여,64세,경상,승용,여,62세,중상
2018050700100192,2018년 5월 7일 12시,월요일,강원도 춘천시 석사동,중상사고,0,1,1,0,차대차 - 기타,안전거리미확보,젖음/습기,비,단일로 - 기타,승합,남,72세,상해없음,승용,여,30세,경상
2018050700100227,2018년 5월 7일 13시,월요일,강원도 원주시 우산동,부상신고사고,0,0,0,1,차대사람 - 길가장자리구역통행중,안전운전불이행,건조,맑음,단일로 - 기타,원동기,남,74세,상해없음,보행자,남,58세,부상신고
2018050700100284,2018년 5월 7일 15시,월요일,강원도 춘천시 효자동,경상사고,0,0,1,0,차대차 - 기타,신호위반,건조,맑음,교차로 - 교차로안,승용,여,60세,상해없음,이륜,남,16세,경상
2018050700100285,2018년 5월 7일 15시,월요일,강원도 춘천시 퇴계동,경상사고,0,0,1,0,차대차 - 측면충돌,안전운전불이행,건조,맑음,교차로 - 교차로횡단보도내,승용,남,25세,상해없음,승용,여,45세,경상
2018050700100286,2018년 5월 7일 15시,월요일,강원도 춘천시 남산면,중상사고,0,1,0,0,차대차 - 기타,중앙선침범,건조,맑음,단일로 - 기타,기타불명,기타불명,미분류,기타불명,승용,여,49세,중상
2018050700100397,2018년 5월 7일 18시,월요일,강원도 원주시 문막읍,경상사고,0,0,2,0,차대차 - 측면충돌,교차로운행방법위반,건조,맑음,교차로 - 교차로안,승용,여,32세,경상,승용,여,44세,경상
2018050700100423,2018년 5월 7일 19시,월요일,강원도 고성군 토성면,경상사고,0,0,2,0,차대차 - 추돌,안전운전불이행,건조,맑음,교차로 - 교차로부근,승용,남,61세,상해없음,승용,남,70세,경상
2018050700100424,2018년 5월 7일 19시,월요일,강원도 고성군 토성면,경상사고,0,0,1,0,차량단독 - 공작물충돌,안전운전불이행,젖음/습기,흐림,교차로 - 교차로부근,승용,남,49세,상해없음,,,,
2018050700100462,2018년 5월 7일 20시,월요일,강원도 동해시 천곡동,경상사고,0,0,1,0,차대사람 - 차도통행중,안전운전불이행,젖음/습기,비,교차로 - 교차로안,승용,남,29세,상해없음,보행자,여,26세,경상
2018050700100492,2018년 5월 7일 21시,월요일,강원도 춘천시 소양로1가,경상사고,0,0,2,0,차대차 - 추돌,안전운전불이행,건조,맑음,단일로 - 교량,화물,남,50세,상해없음,화물,남,68세,경상
2018050700100493,2018년 5월 7일 21시,월요일,강원도 속초시 조양동,경상사고,0,0,1,0,차대사람 - 차도통행중,안전운전불이행,젖음/습기,비,교차로 - 교차로안,승용,남,27세,상해없음,보행자,여,56세,경상
2018050700100542,2018년 5월 7일 23시,월요일,강원도 원주시 문막읍,경상사고,0,0,1,0,차대차 - 추돌,안전운전불이행,건조,맑음,교차로 - 교차로안,승용,남,44세,상해없음,승용,여,60세,경상
2018050800100009,2018년 5월 8일 00시,화요일,강원도 속초시 교동,경상사고,0,0,1,0,차대사람 - 차도통행중,안전운전불이행,젖음/습기,비,단일로 - 기타,승용,남,49세,상해없음,보행자,남,58세,경상
2018050800100038,2018년 5월 8일 03시,화요일,강원도 춘천시 신북읍,경상사고,0,0,2,0,차대차 - 측면충돌,중앙선침범,건조,맑음,단일로 - 기타,승용,남,60세,상해없음,화물,남,39세,경상
2018050800100039,2018년 5월 8일 03시,화요일,강원도 춘천시 신북읍,중상사고,0,1,0,0,차대사람 - 차도통행중,안전운전불이행,건조,맑음,단일로 - 기타,화물,남,54세,상해없음,보행자,남,41세,중상
2018050800100043,2018년 5월 8일 04시,화요일,강원도 인제군 상남면,중상사고,0,1,0,0,차량단독 - 공작물충돌,안전운전불이행,건조,맑음,단일로 - 기타,승용,남,45세,중상,,,,
2018050800100057,2018년 5월 8일 06시,화요일,강원도 춘천시 효자동,경상사고,0,0,1,0,차대차 - 정면충돌,안전운전불이행,건조,맑음,교차로 - 교차로안,승용,남,32세,상해없음,승용,남,33세,경상
2018050800100141,2018년 5월 8일 09시,화요일,강원도 춘천시 후평동,중상사고,0,1,0,0,차대차 - 기타,교차로운행방법위반,건조,맑음,교차로 - 교차로안,화물,남,69세,상해없음,화물,남,65세,중상
2018050800100177,2018년 5월 8일 10시,화요일,강원도 원주시 태장동,경상사고,0,0,1,0,차대사람 - 길가장자리구역통행중,안전운전불이행,건조,흐림,단일로 - 기타,화물,남,47세,상해없음,보행자,여,66세,경상
2018050800100204,2018년 5월 8일 11시,화요일,강원도 강릉시 남문동,중상사고,0,1,2,0,차대차 - 측면충돌,안전운전불이행,건조,맑음,교차로 - 교차로안,승용,여,46세,상해없음,승용,남,65세,경상
2018050800100205,2018년 5월 8일 11시,화요일,강원도 양양군 손양면,경상사고,0,0,1,0,차대차 - 추돌,안전운전불이행,젖음/습기,비,교차로 - 교차로부근,화물,남,28세,상해없음,승용,여,36세,경상
2018050800100231,2018년 5월 8일 12시,화요일,강원도 원주시 무실동,경상사고,0,0,3,0,차대사람 - 기타,안전운전불이행,건조,맑음,주차장 - 주차장,승용,여,52세,상해없음,보행자,여,59세,경상
2018050800100258,2018년 5월 8일 13시,화요일,강원도 원주시 지정면,중상사고,0,1,0,0,차대차 - 측면충돌,신호위반,건조,맑음,교차로 - 교차로안,승용,남,46세,상해없음,승용,남,39세,중상
2018050800100366,2018년 5월 8일 16시,화요일,강원도 춘천시 효자동,중상사고,0,1,0,0,차대차 - 측면충돌,직진우회전진행방해,건조,맑음,교차로 - 교차로안,승용,남,37세,상해없음,이륜,여,86세,중상
2018050800100415,2018년 5월 8일 17시,화요일,강원도 속초시 청학동,경상사고,0,0,1,0,차대차 - 추돌,안전운전불이행,젖음/습기,비,단일로 - 지하차도(도로)내,승용,여,42세,상해없음,승용,여,35세,경상
2018050800100538,2018년 5월 8일 20시,화요일,강원도 삼척시 당저동,경상사고,0,0,1,0,차대차 - 정면충돌,안전운전불이행,젖음/습기,비,교차로 - 교차로안,승용,남,27세,상해없음,원동기,남,44세,경상
2018050800100590,2018년 5월 8일 22시,화요일,강원도 인제군 북면,중상사고,0,4,2,0,차대차 - 측면충돌,신호위반,건조,맑음,교차로 - 교차로안,승용,여,71세,경상,승용,여,58세,경상
2018050900100046,2018년 5월 9일 06시,수요일,강원도 원주시 우산동,중상사고,0,1,0,0,차대차 - 측면충돌,안전운전불이행,건조,맑음,교차로 - 교차로안,화물,남,58세,상해없음,자전거,남,66세,중상
2018050900100067,2018년 5월 9일 07시,수요일,강원도 원주시 관설동,경상사고,0,0,1,0,차대사람 - 길가장자리구역통행중,안전운전불이행,건조,맑음,단일로 - 기타,승용,여,46세,상해없음,보행자,남,45세,경상
2018050900100107,2018년 5월 9일 08시,수요일,강원도 춘천시 퇴계동,경상사고,0,0,1,0,차대사람 - 횡단중,신호위반,건조,맑음,교차로 - 교차로횡단보도내,승용,남,79세,상해없음,보행자,남,5세,경상
2018050900100108,2018년 5월 9일 08시,수요일,강원도 강릉시 포남동,경상사고,0,0,1,0,차대차 - 측면충돌,안전운전불이행,건조,맑음,단일로 - 기타,승용,남,62세,상해없음,승용,여,54세,경상
2018050900100109,2018년 5월 9일 08시,수요일,강원도 원주시 명륜동,중상사고,0,1,0,1,차대차 - 측면충돌,교차로운행방법위반,건조,맑음,교차로 - 교차로안,승용,여,38세,부상신고,승용,여,37세,중상
2018050900100154,2018년 5월 9일 09시,수요일,강원도 춘천시 효자동,경상사고,0,0,1,0,차대차 - 기타,안전운전불이행,건조,맑음,단일로 - 기타,승용,여,22세,상해없음,승용,여,24세,경상
2018050900100155,2018년 5월 9일 09시,수요일,강원도 원주시 단계동,경상사고,0,0,1,0,차대차 - 기타,안전운전불이행,건조,맑음,교차로 - 교차로부근,승용,남,63세,상해없음,승용,남,58세,상해없음
2018050900100156,2018년 5월 9일 09시,수요일,강원도 태백시 문곡동,경상사고,0,0,1,0,차대차 - 측면충돌,안전운전불이행,젖음/습기,흐림,단일로 - 기타,승용,남,53세,상해없음,승용,여,43세,경상
2018050900100206,2018년 5월 9일 11시,수요일,강원도 춘천시 효자동,경상사고,0,0,1,0,차대사람 - 기타,안전운전불이행,건조,맑음,기타 - 기타,승용,남,63세,기타불명,보행자,여,59세,경상
2018050900100238,2018년 5월 9일 12시,수요일,강원도 춘천시 우두동,중상사고,0,1,1,0,차대차 - 측면충돌,교차로운행방법위반,건조,맑음,교차로 - 교차로안,승용,여,64세,중상,승합,남,35세,상해없음
2018050900100239,2018년 5월 9일 12시,수요일,강원도 춘천시 운교동,중상사고,0,1,0,0,차대사람 - 기타,안전거리미확보,건조,맑음,단일로 - 기타,승용,여,71세,상해없음,보행자,남,32세,중상
2018050900100240,2018년 5월 9일 12시,수요일,강원도 원주시 단계동,중상사고,0,1,0,0,차대사람 - 횡단중,보행자보호의무위반,건조,맑음,교차로 - 교차로횡단보도내,화물,남,33세,상해없음,보행자,여,27세,중상
2018050900100273,2018년 5월 9일 13시,수요일,강원도 춘천시 효자동,경상사고,0,0,1,0,차대차 - 추돌,교차로운행방법위반,건조,맑음,교차로 - 교차로안,승용,남,56세,상해없음,승용,남,45세,경상
2018050900100274,2018년 5월 9일 13시,수요일,강원도 삼척시 근덕면,중상사고,0,1,0,0,차대차 - 추돌,안전운전불이행,건조,맑음,단일로 - 기타,화물,남,41세,상해없음,화물,남,47세,중상
2018050900100309,2018년 5월 9일 14시,수요일,강원도 춘천시 효자동,부상신고사고,0,0,0,1,차대사람 - 기타,안전거리미확보,건조,맑음,단일로 - 기타,승용,남,49세,상해없음,보행자,남,29세,부상신고
2018050900100348,2018년 5월 9일 15시,수요일,강원도 강릉시 회산동,경상사고,0,0,1,0,차대사람 - 기타,신호위반,건조,맑음,교차로 - 교차로안,승용,남,48세,상해없음,보행자,여,8세,경상
2018050900100349,2018년 5월 9일 15시,수요일,강원도 홍천군 두촌면,경상사고,0,0,2,0,차대차 - 추돌,안전운전불이행,건조,맑음,단일로 - 교량,승용,남,46세,상해없음,화물,남,61세,경상
2018050900100431,2018년 5월 9일 17시,수요일,강원도 춘천시 동내면,중상사고,0,1,0,0,차대차 - 기타,안전거리미확보,건조,맑음,단일로 - 기타,승용,여,26세,상해없음,승용,여,36세,중상
2018050900100432,2018년 5월 9일 17시,수요일,강원도 삼척시 남양동,중상사고,0,1,0,0,차대차 - 측면충돌,안전운전불이행,건조,맑음,교차로 - 교차로횡단보도내,승용,여,56세,상해없음,자전거,여,59세,중상
2018050900100433,2018년 5월 9일 17시,수요일,강원도 정선군 남면,경상사고,0,0,2,0,차대차 - 기타,중앙선침범,건조,맑음,단일로 - 기타,이륜,남,31세,기타불명,승용,남,67세,경상
2018050900100481,2018년 5월 9일 18시,수요일,강원도 춘천시 석사동,경상사고,0,0,6,0,차대차 - 기타,안전운전불이행,건조,맑음,교차로 - 교차로부근,이륜,남,24세,상해없음,승합,남,48세,상해없음
2018050900100482,2018년 5월 9일 18시,수요일,강원도 원주시 반곡동,경상사고,0,0,1,0,차대차 - 측면충돌,안전운전불이행,건조,맑음,단일로 - 기타,이륜,남,19세,기타불명,승용,여,32세,경상
2018050900100483,2018년 5월 9일 18시,수요일,강원도 속초시 교동,경상사고,0,0,1,0,차대사람 - 길가장자리구역통행중,안전운전불이행,건조,맑음,단일로 - 기타,승용,여,57세,상해없음,보행자,남,37세,경상
2018050900100512,2018년 5월 9일 19시,수요일,강원도 춘천시 후평동,중상사고,0,1,3,0,차대차 - 측면충돌,기타,건조,맑음,교차로 - 교차로안,승용,남,55세,상해없음,승용,여,27세,경상
2018050900100543,2018년 5월 9일 20시,수요일,강원도 강릉시 포남동,부상신고사고,0,0,0,1,차량단독 - 기타,안전운전불이행,건조,맑음,단일로 - 기타,기타불명,기타불명,미분류,기타불명,,,,
2018050900100544,2018년 5월 9일 20시,수요일,강원도 강릉시 구정면,경상사고,0,0,2,0,차대차 - 측면충돌,안전운전불이행,건조,맑음,교차로 - 교차로부근,화물,남,60세,상해없음,승용,남,56세,경상
2018050900100572,2018년 5월 9일 21시,수요일,강원도 춘천시 효자동,경상사고,0,0,10,0,차대차 - 추돌,안전운전불이행,건조,맑음,단일로 - 기타,승용,남,46세,상해없음,승용,남,58세,경상
2018050900100573,2018년 5월 9일 21시,수요일,강원도 원주시 우산동,부상신고사고,0,0,0,1,차대사람 - 기타,안전운전불이행,건조,맑음,단일로 - 기타,기타불명,기타불명,미분류,기타불명,보행자,여,31세,부상신고
2018050900100574,2018년 5월 9일 21시,수요일,강원도 원주시 문막읍,중상사고,0,1,0,0,차대차 - 측면충돌,신호위반,건조,맑음,교차로 - 교차로안,승용,남,18세,상해없음,승용,남,30세,중상
2018051000100083,2018년 5월 10일 07시,목요일,강원도 동해시 나안동,경상사고,0,0,1,0,차대차 - 측면충돌,신호위반,건조,맑음,교차로 - 교차로안,화물,남,59세,상해없음,승용,남,45세,경상
2018051000100123,2018년 5월 10일 08시,목요일,강원도 강릉시 사천면,경상사고,0,0,3,0,차대차 - 추돌,안전운전불이행,건조,맑음,단일로 - 고가도로위,승용,여,56세,상해없음,승용,여,49세,경상
2018051000100124,2018년 5월 10일 08시,목요일,강원도 원주시 개운동,경상사고,0,0,1,0,차대차 - 기타,안전운전불이행,건조,맑음,교차로 - 교차로부근,승용,여,42세,상해없음,자전거,여,22세,경상
2018051000100125,2018년 5월 10일 08시,목요일,강원도 원주시 단구동,경상사고,0,0,2,1,차대차 - 측면충돌,직진우회전진행방해,건조,맑음,교차로 - 교차로안,승용,남,67세,부상신고,승용,여,46세,경상
2018051000100126,2018년 5월 10일 08시,목요일,강원도 동해시 발한동,경상사고,0,0,1,0,차대사람 - 횡단중,안전운전불이행,건조,맑음,교차로 - 교차로부근,승용,여,50세,상해없음,보행자,여,17세,경상
2018051000100191,2018년 5월 10일 10시,목요일,강원도 원주시 우산동,경상사고,0,0,3,0,차대차 - 추돌,안전거리미확보,건조,맑음,교차로 - 교차로안,승합,남,63세,상해없음,승용,남,70세,경상
2018051000100294,2018년 5월 10일 13시,목요일,강원도 원주시 흥업면,경상사고,0,0,4,0,차대차 - 기타,안전운전불이행,건조,맑음,단일로 - 기타,승용,남,23세,상해없음,승용,남,33세,경상
2018051000100295,2018년 5월 10일 13시,목요일,강원도 삼척시 교동,경상사고,0,0,3,0,차대차 - 측면충돌,안전운전불이행,건조,맑음,교차로 - 교차로안,승용,남,54세,경상,승용,남,65세,경상
2018051000100296,2018년 5월 10일 13시,목요일,강원도 횡성군 횡성읍,중상사고,0,1,0,0,차대사람 - 횡단중,안전운전불이행,건조,맑음,단일로 - 기타,승용,여,63세,상해없음,보행자,여,81세,중상
2018051000100329,2018년 5월 10일 14시,목요일,강원도 속초시 교동,중상사고,0,1,0,0,차대차 - 측면충돌,교차로운행방법위반,건조,맑음,교차로 - 교차로안,이륜,남,24세,상해없음,승용,남,71세,상해없음
2018051000100445,2018년 5월 10일 17시,목요일,강원도 강릉시 포남동,경상사고,0,0,2,0,차대차 - 기타,안전운전불이행,건조,맑음,교차로 - 교차로부근,승용,여,53세,상해없음,승용,여,57세,경상
2018051000100446,2018년 5월 10일 17시,목요일,강원도 속초시 동명동,경상사고,0,0,1,0,차대사람 - 횡단중,보행자보호의무위반,건조,맑음,교차로 - 교차로횡단보도내,승용,남,51세,상해없음,보행자,여,8세,경상
2018051000100492,2018년 5월 10일 18시,목요일,강원도 태백시 황지동,경상사고,0,0,3,0,차대차 - 측면충돌,교차로운행방법위반,건조,맑음,교차로 - 교차로부근,승용,남,63세,상해없음,승용,여,38세,경상
2018051000100537,2018년 5월 10일 19시,목요일,강원도 춘천시 후평동,경상사고,0,0,1,0,차대사람 - 차도통행중,교차로운행방법위반,건조,맑음,단일로 - 기타,승용,여,49세,상해없음,보행자,남,3세,경상
2018051000100571,2018년 5월 10일 20시,목요일,강원도 춘천시 동면,중상사고,0,1,1,0,차대차 - 측면충돌,신호위반,건조,맑음,교차로 - 교차로안,승용,여,30세,기타불명,승용,남,45세,상해없음
2018051000100572,2018년 5월 10일 20시,목요일,강원도 춘천시 후평동,경상사고,0,0,1,0,차대사람 - 횡단중,안전운전불이행,건조,맑음,교차로 - 교차로부근,화물,남,72세,상해없음,보행자,여,76세,경상
2018051000100596,2018년 5월 10일 21시,목요일,강원도 춘천시 석사동,경상사고,0,0,1,0,차대차 - 추돌,교차로운행방법위반,건조,맑음,교차로 - 교차로부근,승용,남,29세,상해없음,승용,남,33세,경상
2018051000100630,2018년 5월 10일 22시,목요일,강원도 원주시 우산동,경상사고,0,0,1,0,차대차 - 추돌,안전운전불이행,건조,맑음,단일로 - 기타,승용,남,45세,상해없음,승용,남,28세,경상
2018051000100631,2018년 5월 10일 22시,목요일,강원도 횡성군 안흥면,중상사고,0,1,0,0,차대차 - 기타,안전운전불이행,건조,맑음,단일로 - 기타,화물,남,62세,상해없음,승용,남,27세,중상
2018051000100632,2018년 5월 10일 22시,목요일,강원도 동해시 천곡동,경상사고,0,0,1,0,차대차 - 측면충돌,신호위반,건조,맑음,교차로 - 교차로안,승용,여,66세,상해없음,승용,남,31세,경상
2018051100100008,2018년 5월 11일 00시,금요일,강원도 원주시 단계동,경상사고,0,0,2,0,차대차 - 측면충돌,안전운전불이행,건조,맑음,단일로 - 기타,승용,남,29세,상해없음,승용,남,51세,경상
2018051100100026,2018년 5월 11일 02시,금요일,강원도 강릉시 사천면,중상사고,0,1,0,0,차량단독 - 공작물충돌,안전운전불이행,건조,맑음,단일로 - 기타,승용,남,18세,상해없음,,,,
2018051100100047,2018년 5월 11일 05시,금요일,강원도 춘천시 효자동,경상사고,0,0,1,0,차대차 - 측면충돌,안전운전불이행,건조,맑음,교차로 - 교차로부근,승용,남,30세,상해없음,승용,남,41세,경상
2018051100100071,2018년 5월 11일 07시,금요일,강원도 춘천시 중앙로2가,경상사고,0,0,1,0,차대차 - 측면충돌,교차로운행방법위반,건조,맑음,교차로 - 교차로안,승용,남,65세,상해없음,이륜,남,71세,경상
2018051100100100,2018년 5월 11일 08시,금요일,강원도 원주시 단계동,중상사고,0,1,1,0,차대사람 - 횡단중,보행자보호의무위반,건조,맑음,단일로 - 기타,화물,남,44세,상해없음,보행자,남,6세,중상
2018051100100101,2018년 5월 11일 08시,금요일,강원도 원주시 관설동,경상사고,0,0,1,0,차대차 - 추돌,안전거리미확보,건조,맑음,단일로 - 기타,승용,여,37세,상해없음,승합,남,59세,경상
2018051100100102,2018년 5월 11일 08시,금요일,강원도 속초시 교동,중상사고,0,1,0,0,차대차 - 측면충돌,안전운전불이행,건조,맑음,단일로 - 기타,승용,여,44세,상해없음,자전거,남,21세,중상
2018051100100136,2018년 5월 11일 09시,금요일,강원도 춘천시 온의동,경상사고,0,0,1,0,차대차 - 기타,중앙선침범,건조,맑음,단일로 - 기타,승용,여,28세,상해없음,승용,남,63세,상해없음