사고번호,사고일시,요일,시군구,사고내용,사망자수,중상자수,경상자수,부상신고자수,사고유형,법규위반,노면상태,기상상태,도로형태,가해운전자 차종,가해운전자 성별,가해운전자 연령,가해운전자 상해정도,피해운전자 차종,피해운전자 성별,피해운전자 연령,피해운전자 상해정도
2018051100100137,2018년 5월 11일 09시,금요일,강원도 춘천시 중앙로1가,경상사고,0,0,1,0,차대사람 - 횡단중,안전운전불이행,건조,맑음,단일로 - 기타,승용,남,66세,상해없음,보행자,여,37세,경상
2018051100100138,2018년 5월 11일 09시,금요일,강원도 춘천시 효자동,경상사고,0,0,1,0,차대차 - 측면충돌,차로위반,건조,맑음,단일로 - 기타,승용,여,71세,상해없음,승용,여,51세,경상
2018051100100220,2018년 5월 11일 11시,금요일,강원도 강릉시 금학동,경상사고,0,0,2,0,차대사람 - 횡단중,신호위반,건조,맑음,단일로 - 기타,승용,남,68세,상해없음,보행자,여,55세,경상
2018051100100347,2018년 5월 11일 15시,금요일,강원도 강릉시 성내동,중상사고,0,1,0,0,차대사람 - 횡단중,보행자보호의무위반,건조,맑음,교차로 - 교차로횡단보도내,승용,여,52세,상해없음,보행자,여,57세,중상
2018051100100348,2018년 5월 11일 15시,금요일,강원도 강릉시 교동,경상사고,0,0,2,0,차대차 - 추돌,안전운전불이행,건조,맑음,교차로 - 교차로부근,승용,남,50세,상해없음,승용,남,32세,경상
2018051100100395,2018년 5월 11일 16시,금요일,강원도 영월군 영월읍,중상사고,0,1,0,0,차대차 - 기타,교차로운행방법위반,건조,맑음,교차로 - 교차로안,승용,여,45세,상해없음,이륜,남,75세,중상
2018051100100443,2018년 5월 11일 17시,금요일,강원도 강릉시 성남동,경상사고,0,0,1,0,차대차 - 측면충돌,안전운전불이행,건조,맑음,단일로 - 기타,승용,남,76세,상해없음,승용,여,25세,경상
2018051100100444,2018년 5월 11일 17시,금요일,강원도 정선군 사북읍,중상사고,0,1,0,0,차대사람 - 길가장자리구역통행중,안전운전불이행,건조,맑음,단일로 - 기타,승용,여,35세,상해없음,보행자,여,61세,중상
2018051100100481,2018년 5월 11일 18시,금요일,강원도 원주시 가현동,경상사고,0,0,1,0,차대사람 - 기타,안전운전불이행,건조,맑음,단일로 - 기타,승합,남,61세,상해없음,보행자,여,71세,경상
2018051100100517,2018년 5월 11일 19시,금요일,강원도 속초시 조양동,경상사고,0,0,1,0,차대차 - 측면충돌,불법유턴,건조,맑음,교차로 - 교차로부근,승용,남,39세,상해없음,승용,남,33세,경상
2018051100100564,2018년 5월 11일 20시,금요일,강원도 원주시 명륜동,경상사고,0,0,2,0,차대차 - 정면충돌,안전운전불이행,건조,맑음,단일로 - 기타,승용,여,55세,상해없음,승용,남,42세,경상
2018051100100600,2018년 5월 11일 21시,금요일,강원도 춘천시 효자동,경상사고,0,0,1,0,차대차 - 측면충돌,교차로운행방법위반,건조,맑음,교차로 - 교차로안,승용,남,33세,상해없음,이륜,남,23세,경상
2018051100100601,2018년 5월 11일 21시,금요일,강원도 춘천시 효자동,경상사고,0,0,1,0,차대차 - 추돌,안전운전불이행,건조,맑음,단일로 - 기타,승용,남,27세,상해없음,승용,여,46세,경상
2018051100100602,2018년 5월 11일 21시,금요일,강원도 강릉시 내곡동,경상사고,0,0,1,0,차대차 - 추돌,안전운전불이행,건조,맑음,교차로 - 교차로부근,승용,남,53세,상해없음,승용,여,56세,경상
2018051100100655,2018년 5월 11일 23시,금요일,강원도 홍천군 홍천읍,경상사고,0,0,1,0,차대사람 - 횡단중,안전운전불이행,건조,맑음,교차로 - 교차로안,승용,남,42세,상해없음,보행자,남,21세,경상
2018051200100153,2018년 5월 12일 09시,토요일,강원도 화천군 간동면,경상사고,0,0,2,0,차대차 - 추돌,안전거리미확보,젖음/습기,비,단일로 - 터널,승용,여,28세,상해없음,승용,여,43세,경상
2018051200100154,2018년 5월 12일 09시,토요일,강원도 철원군 동송읍,경상사고,0,0,1,0,차대차 - 추돌,안전운전불이행,젖음/습기,비,단일로 - 기타,승용,여,31세,상해없음,화물,남,63세,경상
2018051200100180,2018년 5월 12일 10시,토요일,강원도 양양군 양양읍,경상사고,0,0,4,0,차대차 - 측면충돌,안전운전불이행,젖음/습기,비,교차로 - 교차로안,승용,여,51세,상해없음,승용,남,71세,경상
2018051200100181,2018년 5월 12일 10시,토요일,강원도 양양군 서면,경상사고,0,0,1,0,차대차 - 측면충돌,안전운전불이행,건조,맑음,단일로 - 터널,자전거,남,43세,상해없음,자전거,남,55세,경상
2018051200100213,2018년 5월 12일 11시,토요일,강원도 원주시 무실동,경상사고,0,0,1,0,차대차 - 측면충돌,안전운전불이행,젖음/습기,비,교차로 - 교차로부근,승용,남,57세,상해없음,이륜,남,26세,경상
2018051200100214,2018년 5월 12일 11시,토요일,강원도 양양군 양양읍,경상사고,0,0,3,0,차대차 - 측면충돌,안전운전불이행,젖음/습기,비,교차로 - 교차로안,승용,남,33세,상해없음,승용,여,59세,경상
2018051200100215,2018년 5월 12일 11시,토요일,강원도 철원군 동송읍,경상사고,0,0,3,0,차대차 - 측면충돌,직진우회전진행방해,젖음/습기,비,교차로 - 교차로안,승용,남,66세,상해없음,승용,남,24세,경상
2018051200100244,2018년 5월 12일 12시,토요일,강원도 홍천군 서면,경상사고,0,0,1,0,차대차 - 기타,중앙선침범,젖음/습기,비,단일로 - 기타,승용,여,28세,상해없음,화물,남,44세,상해없음
2018051200100245,2018년 5월 12일 12시,토요일,강원도 화천군 사내면,경상사고,0,0,1,0,차대사람 - 차도통행중,안전운전불이행,젖음/습기,맑음,단일로 - 기타,화물,남,60세,상해없음,보행자,남,64세,경상
2018051200100275,2018년 5월 12일 13시,토요일,강원도 평창군 평창읍,경상사고,0,0,1,0,차대차 - 기타,안전운전불이행,기타,맑음,교차로 - 교차로부근,화물,남,61세,상해없음,승용,남,63세,경상
2018051200100352,2018년 5월 12일 15시,토요일,강원도 춘천시 효자동,중상사고,0,1,0,0,차대사람 - 길가장자리구역통행중,안전운전불이행,젖음/습기,비,단일로 - 기타,승용,남,23세,상해없음,보행자,여,22세,중상
2018051200100353,2018년 5월 12일 15시,토요일,강원도 원주시 개운동,경상사고,0,0,1,0,차대차 - 측면충돌,안전운전불이행,젖음/습기,맑음,교차로 - 교차로부근,승용,남,49세,상해없음,승용,남,43세,경상
2018051200100381,2018년 5월 12일 16시,토요일,강원도 춘천시 퇴계동,경상사고,0,0,1,0,차대차 - 측면충돌,안전운전불이행,젖음/습기,비,단일로 - 기타,승용,남,61세,상해없음,승용,남,60세,경상
2018051200100382,2018년 5월 12일 16시,토요일,강원도 원주시 문막읍,경상사고,0,0,1,0,차대차 - 측면충돌,신호위반,젖음/습기,비,교차로 - 교차로안,승용,남,57세,상해없음,승용,남,34세,경상
2018051200100425,2018년 5월 12일 17시,토요일,강원도 삼척시 남양동,중상사고,0,1,0,0,차대사람 - 횡단중,보행자보호의무위반,건조,흐림,교차로 - 교차로횡단보도내,승용,여,49세,상해없음,보행자,여,52세,중상
2018051200100426,2018년 5월 12일 17시,토요일,강원도 홍천군 홍천읍,경상사고,0,0,2,0,차대차 - 추돌,안전운전불이행,젖음/습기,맑음,교차로 - 교차로부근,승용,남,37세,상해없음,승용,여,47세,경상
2018051200100427,2018년 5월 12일 17시,토요일,강원도 동해시 천곡동,경상사고,0,0,1,0,차대차 - 측면충돌,신호위반,건조,맑음,교차로 - 교차로안,승용,남,69세,상해없음,화물,남,66세,경상
2018051200100469,2018년 5월 12일 18시,토요일,강원도 춘천시 동면,경상사고,0,0,1,0,차대차 - 기타,안전운전불이행,젖음/습기,비,교차로 - 교차로안,승용,여,31세,상해없음,승용,남,28세,경상
2018051200100470,2018년 5월 12일 18시,토요일,강원도 원주시 우산동,경상사고,0,0,2,0,차대차 - 추돌,안전운전불이행,젖음/습기,비,단일로 - 기타,승합,남,40세,상해없음,승용,남,60세,경상
2018051200100471,2018년 5월 12일 18시,토요일,강원도 홍천군 홍천읍,경상사고,0,0,1,0,차대차 - 측면충돌,기타,젖음/습기,비,교차로 - 교차로안,이륜,남,16세,경상,승용,남,59세,상해없음
2018051200100518,2018년 5월 12일 19시,토요일,강원도 춘천시 퇴계동,경상사고,0,0,1,0,차대차 - 기타,교차로운행방법위반,젖음/습기,비,교차로 - 교차로안,승용,여,29세,상해없음,이륜,남,64세,경상
2018051200100519,2018년 5월 12일 19시,토요일,강원도 평창군 평창읍,경상사고,0,0,2,1,차대차 - 추돌,신호위반,기타,흐림,교차로 - 교차로안,화물,남,53세,상해없음,승용,남,60세,부상신고
2018051200100561,2018년 5월 12일 20시,토요일,강원도 태백시 황지동,중상사고,0,1,1,0,차대차 - 측면충돌,신호위반,젖음/습기,비,교차로 - 교차로안,승용,남,29세,상해없음,승용,여,52세,경상
2018051200100610,2018년 5월 12일 21시,토요일,강원도 원주시 단계동,부상신고사고,0,0,0,1,차대차 - 측면충돌,교차로운행방법위반,젖음/습기,비,교차로 - 교차로안,이륜,남,37세,상해없음,승용,여,22세,부상신고
2018051200100611,2018년 5월 12일 21시,토요일,강원도 속초시 조양동,경상사고,0,0,1,0,차대차 - 기타,안전운전불이행,건조,맑음,교차로 - 교차로안,승용,여,30세,상해없음,승용,남,58세,상해없음
2018051300100012,2018년 5월 13일 00시,일요일,강원도 춘천시 후평동,경상사고,0,0,1,0,차대차 - 기타,안전운전불이행,건조,맑음,단일로 - 기타,승용,남,35세,상해없음,승용,남,29세,기타불명
2018051300100051,2018년 5월 13일 02시,일요일,강원도 원주시 단계동,중상사고,0,1,0,0,차대사람 - 길가장자리구역통행중,안전운전불이행,건조,맑음,교차로 - 교차로안,승용,남,43세,상해없음,보행자,남,32세,중상
2018051300100076,2018년 5월 13일 04시,일요일,강원도 동해시 나안동,경상사고,0,0,1,0,차량단독 - 공작물충돌,안전운전불이행,건조,맑음,단일로 - 기타,승용,남,33세,경상,,,,
2018051300100110,2018년 5월 13일 08시,일요일,강원도 속초시 조양동,경상사고,0,0,1,0,차대차 - 측면충돌,안전운전불이행,건조,맑음,단일로 - 지하차도(도로)내,승용,여,35세,상해없음,화물,남,65세,경상
2018051300100127,2018년 5월 13일 09시,일요일,강원도 삼척시 정상동,경상사고,0,0,2,0,차대차 - 측면충돌,안전운전불이행,건조,맑음,단일로 - 기타,건설기계,남,52세,상해없음,승용,남,68세,경상
2018051300100142,2018년 5월 13일 10시,일요일,강원도 강릉시 옥천동,경상사고,0,0,1,0,차대차 - 기타,중앙선침범,건조,맑음,단일로 - 기타,화물,남,41세,상해없음,승용,남,35세,경상
2018051300100143,2018년 5월 13일 10시,일요일,강원도 원주시 태장동,중상사고,0,1,1,0,차량단독 - 공작물충돌,안전운전불이행,건조,맑음,기타 - 기타,이륜,남,17세,경상,,,,
2018051300100163,2018년 5월 13일 11시,일요일,강원도 강릉시 강동면,경상사고,0,0,1,0,차대사람 - 기타,안전운전불이행,건조,맑음,단일로 - 기타,승합,남,71세,상해없음,보행자,여,71세,경상
2018051300100164,2018년 5월 13일 11시,일요일,강원도 원주시 반곡동,경상사고,0,0,1,0,차량단독 - 기타,기타,건조,맑음,교차로 - 교차로안,승용,남,63세,상해없음,,,,
2018051300100183,2018년 5월 13일 12시,일요일,강원도 춘천시 서면,부상신고사고,0,0,0,2,차대차 - 추돌,안전거리미확보,건조,맑음,단일로 - 기타,승합,여,53세,상해없음,승용,여,46세,부상신고
2018051300100184,2018년 5월 13일 12시,일요일,강원도 삼척시 근덕면,중상사고,0,1,0,0,차대차 - 측면충돌,직진우회전진행방해,건조,맑음,교차로 - 교차로안,승용,남,73세,상해없음,승용,남,61세,중상
2018051300100185,2018년 5월 13일 12시,일요일,강원도 동해시 부곡동,경상사고,0,0,1,0,차대차 - 측면충돌,안전운전불이행,건조,맑음,단일로 - 기타,승용,여,32세,상해없음,승용,여,59세,경상
2018051300100208,2018년 5월 13일 13시,일요일,강원도 삼척시 정상동,경상사고,0,0,2,0,차대차 - 추돌,안전거리미확보,건조,맑음,교차로 - 교차로부근,화물,남,56세,상해없음,승용,여,30세,경상
2018051300100239,2018년 5월 13일 14시,일요일,강원도 춘천시 삼천동,중상사고,0,1,0,0,차대차 - 측면충돌,안전운전불이행,건조,맑음,단일로 - 기타,자전거,남,44세,상해없음,자전거,남,51세,중상
2018051300100240,2018년 5월 13일 14시,일요일,강원도 춘천시 우두동,경상사고,0,0,1,0,차대차 - 측면충돌,안전운전불이행,건조,맑음,교차로 - 교차로부근,이륜,남,16세,경상,승합,남,53세,상해없음
2018051300100312,2018년 5월 13일 16시,일요일,강원도 강릉시 금학동,경상사고,0,0,2,0,차대차 - 추돌,안전운전불이행,건조,맑음,단일로 - 기타,승용,남,64세,상해없음,승용,여,48세,경상
2018051300100313,2018년 5월 13일 16시,일요일,강원도 원주시 명륜동,중상사고,0,1,0,0,차대차 - 측면충돌,기타,건조,맑음,교차로 - 교차로안,승용,여,49세,상해없음,이륜,남,55세,중상
2018051300100352,2018년 5월 13일 17시,일요일,강원도 원주시 명륜동,경상사고,0,0,1,0,차대차 - 정면충돌,안전운전불이행,건조,맑음,단일로 - 기타,승용,여,27세,상해없음,자전거,남,61세,경상
2018051300100445,2018년 5월 13일 20시,일요일,강원도 춘천시 석사동,경상사고,0,0,1,0,차대차 - 측면충돌,기타,건조,맑음,단일로 - 기타,승용,남,59세,상해없음,이륜,남,25세,경상
2018051400100002,2018년 5월 14일 00시,월요일,강원도 춘천시 석사동,중상사고,0,1,0,0,차대차 - 측면충돌,안전운전불이행,건조,맑음,단일로 - 기타,이륜,남,16세,중상,승용,남,57세,상해없음
2018051400100021,2018년 5월 14일 02시,월요일,강원도 고성군 토성면,경상사고,0,0,1,0,차대사람 - 기타,안전운전불이행,건조,맑음,기타 - 기타,승용,남,23세,상해없음,보행자,남,25세,경상
2018051400100069,2018년 5월 14일 07시,월요일,강원도 동해시 구미동,경상사고,0,0,1,0,차대차 - 추돌,안전운전불이행,건조,맑음,교차로 - 교차로부근,승용,남,61세,상해없음,승용,남,59세,경상
2018051400100107,2018년 5월 14일 08시,월요일,강원도 춘천시 동면,경상사고,0,0,2,0,차대차 - 추돌,안전거리미확보,건조,맑음,교차로 - 교차로안,승용,여,33세,상해없음,승용,여,26세,상해없음
2018051400100108,2018년 5월 14일 08시,월요일,강원도 춘천시 석사동,경상사고,0,0,1,0,차대차 - 추돌,안전거리미확보,건조,맑음,단일로 - 기타,승용,남,65세,상해없음,승용,여,28세,상해없음
2018051400100109,2018년 5월 14일 08시,월요일,강원도 원주시 문막읍,경상사고,0,0,1,0,차대차 - 측면충돌,신호위반,건조,맑음,교차로 - 교차로안,승용,남,60세,상해없음,승용,남,47세,경상
2018051400100145,2018년 5월 14일 09시,월요일,강원도 속초시 교동,중상사고,0,1,0,0,차대차 - 측면충돌,안전운전불이행,건조,맑음,단일로 - 기타,승용,남,73세,상해없음,승합,남,55세,상해없음
2018051400100146,2018년 5월 14일 09시,월요일,강원도 양구군 양구읍,경상사고,0,0,1,0,차대사람 - 차도통행중,안전운전불이행,건조,맑음,기타 - 기타,승용,여,25세,상해없음,보행자,여,68세,경상
2018051400100197,2018년 5월 14일 11시,월요일,강원도 춘천시 퇴계동,경상사고,0,0,1,0,차대차 - 기타,안전운전불이행,건조,맑음,교차로 - 교차로부근,기타불명,기타불명,미분류,기타불명,자전거,여,64세,경상
2018051400100198,2018년 5월 14일 11시,월요일,강원도 춘천시 동내면,경상사고,0,0,2,0,차대차 - 측면충돌,안전운전불이행,건조,맑음,교차로 - 교차로안,승용,여,37세,상해없음,승용,여,44세,경상
2018051400100199,2018년 5월 14일 11시,월요일,강원도 속초시 조양동,중상사고,0,1,0,0,차대차 - 측면충돌,불법유턴,건조,맑음,교차로 - 교차로안,건설기계,남,43세,상해없음,이륜,남,38세,중상
2018051400100256,2018년 5월 14일 13시,월요일,강원도 강릉시 포남동,경상사고,0,0,3,0,차대차 - 측면충돌,신호위반,건조,맑음,교차로 - 교차로안,승합,남,29세,기타불명,승용,남,55세,경상
2018051400100257,2018년 5월 14일 13시,월요일,강원도 강릉시 옥계면,경상사고,0,0,2,0,차대차 - 측면충돌,안전운전불이행,건조,맑음,교차로 - 교차로안,승용,남,65세,상해없음,승용,여,55세,경상
2018051400100258,2018년 5월 14일 13시,월요일,강원도 원주시 개운동,중상사고,0,1,0,0,차대사람 - 횡단중,안전운전불이행,건조,맑음,단일로 - 기타,화물,남,73세,상해없음,보행자,여,54세,중상
2018051400100259,2018년 5월 14일 13시,월요일,강원도 원주시 중앙동,경상사고,0,0,1,0,차대차 - 기타,기타,건조,맑음,단일로 - 기타,승용,남,39세,상해없음,승합,남,58세,상해없음
2018051400100293,2018년 5월 14일 14시,월요일,강원도 원주시 무실동,경상사고,0,0,2,0,차대차 - 측면충돌,안전거리미확보,건조,맑음,교차로 - 교차로안,승용,남,50세,상해없음,승용,남,23세,경상
2018051400100323,2018년 5월 14일 15시,월요일,강원도 춘천시 석사동,경상사고,0,0,1,0,차대차 - 측면충돌,안전운전불이행,건조,맑음,교차로 - 교차로안,승용,여,47세,상해없음,승용,여,48세,경상
2018051400100366,2018년 5월 14일 16시,월요일,강원도 정선군 사북읍,중상사고,0,1,0,0,차대차 - 기타,안전운전불이행,건조,맑음,단일로 - 기타,화물,남,52세,상해없음,승용,남,63세,상해없음
2018051400100441,2018년 5월 14일 18시,월요일,강원도 춘천시 효자동,경상사고,0,0,1,0,차대차 - 기타,교차로운행방법위반,건조,맑음,교차로 - 교차로안,화물,남,45세,상해없음,이륜,남,32세,경상
2018051500100031,2018년 5월 15일 03시,화요일,강원도 원주시 단계동,경상사고,0,0,1,0,차대차 - 측면충돌,교차로운행방법위반,건조,맑음,교차로 - 교차로안,승용,남,23세,상해없음,승용,남,61세,경상
2018051500100051,2018년 5월 15일 06시,화요일,강원도 양양군 손양면,중상사고,0,1,6,0,차대차 - 정면충돌,안전운전불이행,건조,맑음,단일로 - 기타,승용,남,34세,상해없음,승용,남,22세,경상
2018051500100075,2018년 5월 15일 07시,화요일,강원도 춘천시 약사동,경상사고,0,0,5,0,차대차 - 측면충돌,교차로운행방법위반,건조,맑음,교차로 - 교차로안,승용,여,76세,경상,승용,남,19세,경상
2018051500100109,2018년 5월 15일 08시,화요일,강원도 삼척시 가곡면,경상사고,0,0,1,0,차량단독 - 전도전복 - 전도,안전운전불이행,건조,맑음,단일로 - 기타,건설기계,남,54세,경상,미분류,미분류,미분류,미분류
2018051500100110,2018년 5월 15일 08시,화요일,강원도 삼척시 미로면,중상사고,0,1,0,0,차대차 - 측면충돌,안전운전불이행,건조,맑음,단일로 - 기타,화물,남,65세,상해없음,승용,남,27세,중상
2018051500100228,2018년 5월 15일 12시,화요일,강원도 삼척시 읍중동,경상사고,0,0,3,0,차대차 - 추돌,안전거리미확보,건조,맑음,교차로 - 교차로부근,건설기계,남,51세,상해없음,승용,여,52세,경상
2018051500100243,2018년 5월 15일 13시,화요일,강원도 춘천시 서면,경상사고,0,0,1,0,차대차 - 정면충돌,중앙선침범,건조,맑음,단일로 - 기타,건설기계,남,56세,상해없음,화물,남,62세,경상
2018051500100278,2018년 5월 15일 14시,화요일,강원도 원주시 단계동,경상사고,0,0,1,0,차대차 - 측면충돌,안전운전불이행,건조,맑음,단일로 - 기타,승용,남,73세,상해없음,승용,남,44세,경상
2018051500100318,2018년 5월 15일 15시,화요일,강원도 춘천시 중앙로3가,중상사고,0,1,0,0,차대차 - 측면충돌,교차로운행방법위반,건조,맑음,교차로 - 교차로안,화물,남,76세,상해없음,이륜,남,77세,중상
2018051500100319,2018년 5월 15일 15시,화요일,강원도 홍천군 동면,사망사고,2,0,0,0,차량단독 - 도로외이탈 - 추락,안전운전불이행,건조,맑음,단일로 - 기타,화물,남,72세,사망,,,,
2018051500100395,2018년 5월 15일 17시,화요일,강원도 평창군 대화면,경상사고,0,0,2,0,차대차 - 추돌,안전운전불이행,건조,맑음,단일로 - 기타,화물,남,30세,상해없음,승용,남,43세,경상
2018051500100429,2018년 5월 15일 18시,화요일,강원도 삼척시 마달동,경상사고,0,0,1,0,차대차 - 측면충돌,안전운전불이행,건조,맑음,단일로 - 기타,승용,남,64세,상해없음,자전거,여,7세,경상
2018051500100430,2018년 5월 15일 18시,화요일,강원도 홍천군 두촌면,중상사고,0,1,0,0,차량단독 - 공작물충돌,안전운전불이행,건조,맑음,단일로 - 기타,승용,여,66세,상해없음,,,,
2018051500100578,2018년 5월 15일 23시,화요일,강원도 원주시 단계동,경상사고,0,0,3,0,차대차 - 측면충돌,안전운전불이행,건조,맑음,교차로 - 교차로안,승용,여,25세,상해없음,승합,남,37세,경상
2018051600100092,2018년 5월 16일 08시,수요일,강원도 춘천시 소양로2가,경상사고,0,0,1,0,차대차 - 추돌,안전운전불이행,젖음/습기,비,교차로 - 교차로안,화물,남,53세,상해없음,화물,남,55세,경상
2018051600100093,2018년 5월 16일 08시,수요일,강원도 강릉시 홍제동,경상사고,0,0,1,0,차대사람 - 기타,안전운전불이행,젖음/습기,흐림,교차로 - 교차로안,승합,여,42세,상해없음,보행자,남,61세,경상
2018051600100094,2018년 5월 16일 08시,수요일,강원도 원주시 신림면,중상사고,0,3,1,0,차대차 - 정면충돌,중앙선침범,젖음/습기,비,단일로 - 기타,승용,남,26세,중상,화물,남,38세,중상
2018051600100117,2018년 5월 16일 09시,수요일,강원도 원주시 신림면,경상사고,0,0,1,0,차대차 - 측면충돌,안전운전불이행,건조,맑음,단일로 - 기타,승용,남,27세,상해없음,화물,남,44세,경상
2018051600100251,2018년 5월 16일 14시,수요일,강원도 춘천시 후평동,경상사고,0,0,1,0,차대차 - 후진중충돌,안전운전불이행,건조,맑음,교차로 - 교차로안,승용,여,50세,상해없음,이륜,남,20세,경상
2018051600100252,2018년 5월 16일 14시,수요일,강원도 원주시 중앙동,경상사고,0,0,1,0,차대차 - 추돌,안전거리미확보,젖음/습기,비,교차로 - 교차로안,화물,남,53세,상해없음,승용,남,39세,경상
2018051600100300,2018년 5월 16일 16시,수요일,강원도 태백시 화전동,경상사고,0,0,1,0,차대차 - 측면충돌,교차로운행방법위반,건조,맑음,교차로 - 교차로안,승용,남,56세,상해없음,승용,여,63세,경상
2018051600100331,2018년 5월 16일 17시,수요일,강원도 춘천시 후평동,경상사고,0,0,2,0,차대차 - 측면충돌,신호위반,건조,맑음,교차로 - 교차로안,승용,남,76세,상해없음,승용,남,65세,경상
2018051600100332,2018년 5월 16일 17시,수요일,강원도 강릉시 교동,경상사고,0,0,1,0,차대차 - 측면충돌,안전운전불이행,건조,맑음,교차로 - 교차로안,승합,남,54세,상해없음,승용,남,32세,경상
2018051600100333,2018년 5월 16일 17시,수요일,강원도 홍천군 홍천읍,중상사고,0,1,0,0,차대사람 - 횡단중,안전운전불이행,젖음/습기,비,교차로 - 교차로안,승용,남,53세,상해없음,보행자,남,59세,중상
2018051600100373,2018년 5월 16일 18시,수요일,강원도 원주시 단계동,경상사고,0,0,1,0,차대차 - 측면충돌,교차로운행방법위반,건조,맑음,교차로 - 교차로안,승용,남,37세,상해없음,이륜,남,22세,경상
2018051600100374,2018년 5월 16일 18시,수요일,강원도 속초시 금호동,중상사고,0,1,0,0,차대사람 - 길가장자리구역통행중,안전운전불이행,건조,맑음,단일로 - 지하차도(도로)내,승용,남,34세,상해없음,보행자,여,65세,중상
2018051600100375,2018년 5월 16일 18시,수요일,강원도 평창군 평창읍,경상사고,0,0,1,0,차대차 - 측면충돌,안전운전불이행,젖음/습기,비,교차로 - 교차로안,승용,여,29세,상해없음,승용,남,59세,경상
2018051600100431,2018년 5월 16일 20시,수요일,강원도 춘천시 퇴계동,중상사고,0,1,0,0,차대차 - 추돌,안전거리미확보,젖음/습기,비,교차로 - 교차로부근,승용,남,57세,상해없음,승용,남,55세,중상
2018051700100009,2018년 5월 17일 00시,목요일,강원도 강릉시 교동,경상사고,0,0,2,0,차대차 - 측면충돌,안전운전불이행,건조,맑음,단일로 - 기타,승용,여,44세,기타불명,승용,남,37세,경상
2018051700100061,2018년 5월 17일 06시,목요일,강원도 속초시 장사동,경상사고,0,0,1,0,차량단독 - 공작물충돌,안전운전불이행,젖음/습기,비,단일로 - 지하차도(도로)내,승용,여,46세,상해없음,,,,
2018051700100105,2018년 5월 17일 08시,목요일,강원도 춘천시 후평동,경상사고,0,0,2,0,차대차 - 추돌,안전거리미확보,젖음/습기,비,단일로 - 기타,승용,남,71세,상해없음,승용,여,27세,상해없음
2018051700100106,2018년 5월 17일 08시,목요일,강원도 원주시 단구동,경상사고,0,0,1,0,차대차 - 정면충돌,안전운전불이행,건조,맑음,교차로 - 교차로안,화물,남,46세,상해없음,화물,남,44세,경상
2018051700100149,2018년 5월 17일 09시,목요일,강원도 원주시 명륜동,경상사고,0,0,1,0,차대차 - 측면충돌,안전운전불이행,젖음/습기,비,단일로 - 기타,승용,여,47세,상해없음,승용,남,60세,경상
2018051700100150,2018년 5월 17일 09시,목요일,강원도 고성군 죽왕면,경상사고,0,0,2,0,차대차 - 추돌,안전거리미확보,젖음/습기,흐림,기타 - 기타,승용,남,61세,상해없음,건설기계,남,53세,경상
2018051700100182,2018년 5월 17일 10시,목요일,강원도 삼척시 당저동,경상사고,0,0,1,0,차대차 - 추돌,안전운전불이행,건조,흐림,교차로 - 교차로부근,승용,남,52세,상해없음,승용,여,60세,경상
2018051700100216,2018년 5월 17일 11시,목요일,강원도 철원군 동송읍,경상사고,0,0,1,0,차대차 - 측면충돌,안전거리미확보,젖음/습기,비,단일로 - 기타,화물,남,38세,상해없음,승용,남,40세,경상
2018051700100289,2018년 5월 17일 14시,목요일,강원도 평창군 평창읍,중상사고,0,1,0,0,차대사람 - 횡단중,보행자보호의무위반,건조,맑음,단일로 - 기타,승용,여,75세,상해없음,보행자,여,65세,중상
2018051700100290,2018년 5월 17일 14시,목요일,강원도 횡성군 둔내면,경상사고,0,0,1,0,차대차 - 측면충돌,안전운전불이행,젖음/습기,흐림,기타 - 기타,특수,남,43세,상해없음,승용,여,51세,경상
2018051700100291,2018년 5월 17일 14시,목요일,강원도 강릉시 성산면,경상사고,0,0,1,0,차대차 - 측면충돌,안전운전불이행,젖음/습기,흐림,기타 - 기타,승용,남,47세,상해없음,승용,남,39세,경상
2018051700100329,2018년 5월 17일 15시,목요일,강원도 춘천시 석사동,경상사고,0,0,1,0,차대차 - 추돌,안전운전불이행,건조,맑음,교차로 - 교차로부근,승용,남,23세,상해없음,승용,남,55세,경상
2018051700100355,2018년 5월 17일 16시,목요일,강원도 삼척시 원덕읍,중상사고,0,1,0,0,차대사람 - 길가장자리구역통행중,안전운전불이행,건조,맑음,단일로 - 기타,승용,남,68세,상해없음,보행자,여,61세,중상
2018051700100424,2018년 5월 17일 18시,목요일,강원도 원주시 호저면,경상사고,0,0,1,0,차대차 - 측면충돌,안전운전불이행,건조,맑음,교차로 - 교차로부근,승용,남,53세,상해없음,승용,남,44세,경상
2018051700100425,2018년 5월 17일 18시,목요일,강원도 속초시 교동,경상사고,0,0,2,0,차대차 - 추돌,안전운전불이행,젖음/습기,비,교차로 - 교차로안,승용,남,57세,상해없음,승용,남,47세,경상
2018051700100459,2018년 5월 17일 19시,목요일,강원도 고성군 토성면,경상사고,0,0,2,0,차대차 - 기타,안전운전불이행,젖음/습기,비,교차로 - 교차로안,화물,남,49세,상해없음,승용,남,24세,경상