사고번호,사고일시,요일,시군구,사고내용,사망자수,중상자수,경상자수,부상신고자수,사고유형,법규위반,노면상태,기상상태,도로형태,가해운전자 차종,가해운전자 성별,가해운전자 연령,가해운전자 상해정도,피해운전자 차종,피해운전자 성별,피해운전자 연령,피해운전자 상해정도
2018051700100506,2018년 5월 17일 20시,목요일,강원도 강릉시 주문진읍,중상사고,0,1,0,0,차대사람 - 횡단중,안전운전불이행,젖음/습기,비,단일로 - 기타,화물,남,35세,상해없음,보행자,남,54세,중상
2018051700100507,2018년 5월 17일 20시,목요일,강원도 강릉시 내곡동,경상사고,0,0,1,0,차대차 - 측면충돌,신호위반,젖음/습기,맑음,교차로 - 교차로안,승용,남,51세,상해없음,승용,남,49세,경상
2018051700100547,2018년 5월 17일 21시,목요일,강원도 춘천시 후평동,경상사고,0,0,1,0,차대사람 - 차도통행중,안전운전불이행,젖음/습기,비,교차로 - 교차로부근,승용,남,35세,상해없음,보행자,여,55세,경상
2018051700100548,2018년 5월 17일 21시,목요일,강원도 춘천시 효자동,경상사고,0,0,3,0,차대차 - 추돌,안전운전불이행,건조,맑음,단일로 - 기타,승용,여,22세,상해없음,승용,여,41세,경상
2018051700100549,2018년 5월 17일 21시,목요일,강원도 춘천시 사농동,경상사고,0,0,2,0,차대차 - 추돌,안전운전불이행,젖음/습기,비,단일로 - 기타,승용,남,39세,상해없음,승용,남,39세,경상
2018051700100550,2018년 5월 17일 21시,목요일,강원도 원주시 단계동,중상사고,0,1,0,0,차대사람 - 횡단중,보행자보호의무위반,젖음/습기,비,단일로 - 기타,승용,남,50세,상해없음,보행자,남,48세,중상
2018051700100551,2018년 5월 17일 21시,목요일,강원도 원주시 소초면,중상사고,0,2,0,0,차대차 - 측면충돌,신호위반,젖음/습기,비,교차로 - 교차로안,승용,남,54세,상해없음,승용,남,34세,중상
2018051700100592,2018년 5월 17일 22시,목요일,강원도 강릉시 옥천동,중상사고,0,1,1,0,차대차 - 측면충돌,안전운전불이행,젖음/습기,비,교차로 - 교차로안,승용,남,38세,상해없음,승용,남,67세,상해없음
2018051700100593,2018년 5월 17일 22시,목요일,강원도 홍천군 두촌면,사망사고,1,0,0,0,차량단독 - 공작물충돌,안전운전불이행,젖음/습기,비,교차로 - 교차로부근,승용,남,48세,사망,,,,
2018051700100594,2018년 5월 17일 22시,목요일,강원도 동해시 천곡동,경상사고,0,0,4,0,차대차 - 측면충돌,신호위반,건조,맑음,교차로 - 교차로안,승용,남,62세,상해없음,승용,여,38세,경상
2018051700100631,2018년 5월 17일 23시,목요일,강원도 원주시 흥업면,경상사고,0,0,1,0,차량단독 - 공작물충돌,안전운전불이행,젖음/습기,비,단일로 - 기타,승용,남,51세,기타불명,,,,
2018051700100632,2018년 5월 17일 23시,목요일,강원도 속초시 교동,중상사고,0,1,0,0,차대차 - 측면충돌,중앙선침범,젖음/습기,비,교차로 - 교차로부근,승용,남,66세,상해없음,이륜,남,49세,중상
2018051800100081,2018년 5월 18일 05시,금요일,강원도 동해시 부곡동,경상사고,0,0,2,0,차대차 - 측면충돌,직진우회전진행방해,건조,맑음,교차로 - 교차로안,승용,여,48세,상해없음,승용,남,74세,경상
2018051800100176,2018년 5월 18일 09시,금요일,강원도 원주시 명륜동,경상사고,0,0,1,0,차대사람 - 횡단중,보행자보호의무위반,젖음/습기,비,교차로 - 교차로안,승용,남,72세,상해없음,보행자,여,21세,경상
2018051800100206,2018년 5월 18일 10시,금요일,강원도 강릉시 포남동,경상사고,0,0,1,0,차대차 - 측면충돌,안전운전불이행,젖음/습기,흐림,교차로 - 교차로안,승용,여,59세,상해없음,승용,여,49세,경상
2018051800100271,2018년 5월 18일 12시,금요일,강원도 속초시 청학동,중상사고,0,1,0,0,차대차 - 측면충돌,직진우회전진행방해,젖음/습기,비,교차로 - 교차로안,승용,남,50세,상해없음,이륜,남,46세,중상
2018051800100272,2018년 5월 18일 12시,금요일,강원도 철원군 근남면,중상사고,0,2,0,0,차대차 - 정면충돌,중앙선침범,건조,흐림,단일로 - 기타,승용,남,23세,상해없음,승용,여,76세,중상
2018051800100325,2018년 5월 18일 14시,금요일,강원도 삼척시 등봉동,경상사고,0,0,2,0,차대차 - 추돌,안전거리미확보,젖음/습기,비,교차로 - 교차로부근,건설기계,남,25세,상해없음,승용,여,45세,경상
2018051800100360,2018년 5월 18일 15시,금요일,강원도 인제군 기린면,중상사고,0,1,0,0,차대사람 - 횡단중,안전운전불이행,젖음/습기,맑음,단일로 - 기타,승용,여,36세,상해없음,보행자,남,13세,중상
2018051800100438,2018년 5월 18일 17시,금요일,강원도 철원군 갈말읍,사망사고,1,0,0,0,차대차 - 측면충돌,직진우회전진행방해,건조,맑음,교차로 - 교차로안,승용,남,43세,상해없음,자전거,여,73세,사망
2018051800100513,2018년 5월 18일 19시,금요일,강원도 춘천시 효자동,경상사고,0,0,1,0,차대차 - 기타,교차로운행방법위반,건조,맑음,교차로 - 교차로안,승용,남,58세,상해없음,승용,남,46세,경상
2018051800100558,2018년 5월 18일 20시,금요일,강원도 춘천시 퇴계동,경상사고,0,0,4,0,차대차 - 추돌,안전거리미확보,건조,맑음,단일로 - 기타,승용,남,41세,상해없음,승용,남,37세,경상
2018051800100559,2018년 5월 18일 20시,금요일,강원도 원주시 개운동,경상사고,0,0,1,0,차대차 - 후진중충돌,안전운전불이행,건조,맑음,단일로 - 기타,화물,여,50세,상해없음,자전거,여,23세,경상
2018051800100560,2018년 5월 18일 20시,금요일,강원도 횡성군 횡성읍,경상사고,0,0,1,0,차대차 - 측면충돌,안전운전불이행,건조,맑음,교차로 - 교차로안,승용,남,49세,상해없음,승용,남,52세,경상
2018051800100603,2018년 5월 18일 21시,금요일,강원도 춘천시 근화동,경상사고,0,0,2,0,차대차 - 추돌,안전거리미확보,건조,맑음,교차로 - 교차로부근,승용,남,36세,상해없음,승용,여,57세,경상
2018051800100636,2018년 5월 18일 22시,금요일,강원도 속초시 청학동,경상사고,0,0,1,0,차대차 - 측면충돌,신호위반,건조,맑음,교차로 - 교차로안,승용,남,25세,상해없음,이륜,남,28세,경상
2018051800100673,2018년 5월 18일 23시,금요일,강원도 원주시 문막읍,중상사고,0,1,0,0,차량단독 - 공작물충돌,안전운전불이행,건조,맑음,교차로 - 교차로안,승용,여,25세,상해없음,,,,
2018051900100014,2018년 5월 19일 00시,토요일,강원도 춘천시 석사동,경상사고,0,0,1,0,차대차 - 기타,차로위반,건조,맑음,단일로 - 기타,승용,여,51세,상해없음,승용,남,47세,경상
2018051900100071,2018년 5월 19일 03시,토요일,강원도 강릉시 주문진읍,경상사고,0,0,2,0,차대차 - 측면충돌,안전운전불이행,건조,맑음,단일로 - 기타,승용,남,29세,상해없음,승용,남,62세,상해없음
2018051900100116,2018년 5월 19일 06시,토요일,강원도 춘천시 후평동,중상사고,0,1,0,0,차대사람 - 횡단중,안전운전불이행,건조,맑음,단일로 - 기타,승용,남,40세,상해없음,보행자,여,78세,중상
2018051900100208,2018년 5월 19일 10시,토요일,강원도 정선군 정선읍,경상사고,0,0,2,0,차대차 - 추돌,안전운전불이행,건조,맑음,단일로 - 기타,건설기계,남,35세,상해없음,승용,여,63세,경상
2018051900100259,2018년 5월 19일 11시,토요일,강원도 태백시 황지동,중상사고,0,1,1,0,차대차 - 측면충돌,교차로운행방법위반,건조,맑음,교차로 - 교차로안,승용,남,69세,상해없음,이륜,남,72세,경상
2018051900100338,2018년 5월 19일 13시,토요일,강원도 춘천시 퇴계동,경상사고,0,0,1,0,차대차 - 기타,안전운전불이행,건조,맑음,단일로 - 기타,승용,남,43세,상해없음,자전거,남,13세,경상
2018051900100339,2018년 5월 19일 13시,토요일,강원도 속초시 장사동,중상사고,0,1,1,0,차대차 - 측면충돌,안전거리미확보,건조,맑음,단일로 - 지하차도(도로)내,승용,남,82세,상해없음,승용,남,51세,경상
2018051900100340,2018년 5월 19일 13시,토요일,강원도 홍천군 화촌면,중상사고,0,2,0,0,차대차 - 추돌,안전운전불이행,건조,맑음,단일로 - 기타,화물,남,66세,상해없음,농기계,남,70세,중상
2018051900100341,2018년 5월 19일 13시,토요일,강원도 태백시 황지동,부상신고사고,0,0,0,1,차대사람 - 차도통행중,안전운전불이행,건조,맑음,단일로 - 기타,승용,여,62세,상해없음,보행자,여,77세,부상신고
2018051900100392,2018년 5월 19일 14시,토요일,강원도 원주시 태장동,중상사고,0,1,0,0,차대차 - 측면충돌,안전운전불이행,건조,맑음,교차로 - 교차로부근,승용,남,56세,상해없음,자전거,여,56세,중상
2018051900100393,2018년 5월 19일 14시,토요일,강원도 태백시 황지동,경상사고,0,0,3,0,차대차 - 측면충돌,교차로운행방법위반,건조,맑음,교차로 - 교차로안,승용,남,69세,상해없음,승용,남,61세,경상
2018051900100394,2018년 5월 19일 14시,토요일,강원도 동해시 천곡동,경상사고,0,0,1,0,차대사람 - 길가장자리구역통행중,안전운전불이행,건조,맑음,단일로 - 지하차도(도로)내,승용,여,30세,상해없음,보행자,남,30세,경상
2018051900100436,2018년 5월 19일 15시,토요일,강원도 원주시 태장동,경상사고,0,0,1,0,차대사람 - 횡단중,안전운전불이행,건조,맑음,단일로 - 기타,승용,남,38세,상해없음,보행자,남,8세,경상
2018051900100437,2018년 5월 19일 15시,토요일,강원도 화천군 사내면,경상사고,0,0,2,0,차대차 - 측면충돌,안전운전불이행,건조,맑음,단일로 - 기타,이륜,남,30세,경상,이륜,남,47세,상해없음
2018051900100512,2018년 5월 19일 17시,토요일,강원도 강릉시 강동면,경상사고,0,0,2,0,차대차 - 측면충돌,안전운전불이행,건조,맑음,교차로 - 교차로안,승용,남,81세,상해없음,승용,남,66세,경상
2018051900100513,2018년 5월 19일 17시,토요일,강원도 삼척시 남양동,경상사고,0,0,1,0,차대차 - 기타,안전운전불이행,건조,맑음,교차로 - 교차로안,자전거,남,15세,경상,승용,남,38세,상해없음
2018051900100514,2018년 5월 19일 17시,토요일,강원도 삼척시 남양동,중상사고,0,1,0,0,차대차 - 기타,안전운전불이행,건조,맑음,단일로 - 기타,승용,여,61세,상해없음,승합,남,56세,상해없음
2018051900100599,2018년 5월 19일 19시,토요일,강원도 고성군 거진읍,경상사고,0,0,1,0,차대차 - 측면충돌,교차로운행방법위반,건조,맑음,교차로 - 교차로안,승용,남,71세,상해없음,승용,남,48세,경상
2018051900100600,2018년 5월 19일 19시,토요일,강원도 횡성군 우천면,경상사고,0,0,1,0,차대사람 - 기타,안전운전불이행,건조,맑음,기타 - 기타,승용,여,52세,상해없음,보행자,남,52세,경상
2018051900100631,2018년 5월 19일 20시,토요일,강원도 춘천시 효자동,중상사고,0,1,0,0,차대차 - 추돌,안전운전불이행,건조,맑음,단일로 - 기타,이륜,남,20세,중상,승용,남,56세,상해없음
2018051900100632,2018년 5월 19일 20시,토요일,강원도 춘천시 효자동,경상사고,0,0,1,0,차대차 - 측면충돌,교차로운행방법위반,건조,맑음,교차로 - 교차로안,승용,남,77세,상해없음,이륜,남,38세,경상
2018051900100633,2018년 5월 19일 20시,토요일,강원도 속초시 조양동,경상사고,0,0,1,0,차대차 - 측면충돌,신호위반,건조,맑음,교차로 - 교차로안,승용,여,37세,상해없음,승용,여,61세,경상
2018051900100665,2018년 5월 19일 21시,토요일,강원도 강릉시 옥계면,중상사고,0,1,1,0,차대차 - 측면충돌,안전운전불이행,건조,맑음,단일로 - 기타,승용,남,37세,상해없음,승용,여,43세,중상
2018051900100666,2018년 5월 19일 21시,토요일,강원도 태백시 장성동,경상사고,0,0,2,0,차대차 - 추돌,안전거리미확보,건조,맑음,교차로 - 교차로부근,승용,남,53세,상해없음,승용,여,49세,경상
2018051900100667,2018년 5월 19일 21시,토요일,강원도 동해시 천곡동,경상사고,0,0,1,0,차대차 - 측면충돌,직진우회전진행방해,건조,맑음,교차로 - 교차로안,화물,남,59세,상해없음,승용,남,56세,경상
2018052000100023,2018년 5월 20일 01시,일요일,강원도 강릉시 대전동,중상사고,0,1,0,0,차량단독 - 공작물충돌,안전운전불이행,건조,맑음,단일로 - 기타,승용,남,38세,상해없음,,,,
2018052000100035,2018년 5월 20일 02시,일요일,강원도 정선군 신동읍,경상사고,0,0,1,0,차대차 - 추돌,안전운전불이행,건조,맑음,단일로 - 기타,승용,남,60세,상해없음,승용,남,36세,경상
2018052000100101,2018년 5월 20일 07시,일요일,강원도 횡성군 공근면,경상사고,0,0,2,0,차대차 - 추돌,안전운전불이행,건조,맑음,기타 - 기타,승용,남,37세,상해없음,승용,남,59세,경상
2018052000100126,2018년 5월 20일 09시,일요일,강원도 삼척시 신기면,경상사고,0,0,5,0,차대차 - 추돌,안전거리미확보,건조,맑음,단일로 - 기타,화물,남,44세,상해없음,승용,여,44세,경상
2018052000100146,2018년 5월 20일 10시,일요일,강원도 강릉시 대전동,경상사고,0,0,1,0,차대차 - 기타,신호위반,건조,맑음,교차로 - 교차로안,이륜,남,32세,상해없음,승용,남,44세,경상
2018052000100147,2018년 5월 20일 10시,일요일,강원도 원주시 소초면,경상사고,0,0,5,0,차대차 - 측면충돌,중앙선침범,건조,맑음,단일로 - 기타,승용,여,52세,상해없음,승합,남,50세,상해없음
2018052000100148,2018년 5월 20일 10시,일요일,강원도 원주시 태장동,경상사고,0,0,2,0,차대차 - 측면충돌,교차로운행방법위반,건조,맑음,교차로 - 교차로안,화물,남,46세,상해없음,승용,남,61세,경상
2018052000100149,2018년 5월 20일 10시,일요일,강원도 동해시 천곡동,중상사고,0,1,4,0,차대차 - 추돌,안전거리미확보,건조,맑음,교차로 - 교차로부근,건설기계,남,59세,상해없음,승용,남,47세,경상
2018052000100198,2018년 5월 20일 12시,일요일,강원도 강릉시 포남동,경상사고,0,0,2,0,차대차 - 추돌,안전운전불이행,건조,맑음,단일로 - 기타,승용,여,54세,상해없음,승합,남,29세,경상
2018052000100199,2018년 5월 20일 12시,일요일,강원도 속초시 청호동,경상사고,0,0,1,0,차대차 - 측면충돌,안전운전불이행,건조,맑음,교차로 - 교차로안,승용,남,62세,상해없음,승용,남,64세,경상
2018052000100251,2018년 5월 20일 14시,일요일,강원도 춘천시 효자동,중상사고,0,1,0,0,차대차 - 측면충돌,직진우회전진행방해,건조,맑음,교차로 - 교차로안,승용,남,36세,상해없음,자전거,남,84세,중상
2018052000100252,2018년 5월 20일 14시,일요일,강원도 철원군 서면,사망사고,1,0,0,0,차량단독 - 전도전복 - 전도,안전운전불이행,건조,맑음,교차로 - 교차로부근,사륜오토바이(ATV),남,80세,사망,미분류,미분류,미분류,미분류
2018052000100253,2018년 5월 20일 14시,일요일,강원도 동해시 천곡동,경상사고,0,0,1,0,차대차 - 추돌,안전운전불이행,건조,맑음,교차로 - 교차로부근,승용,여,50세,상해없음,승용,남,37세,경상
2018052000100279,2018년 5월 20일 15시,일요일,강원도 동해시 어달동,경상사고,0,0,1,0,차대차 - 추돌,안전운전불이행,건조,맑음,단일로 - 기타,승용,남,40세,상해없음,화물,남,30세,경상
2018052000100315,2018년 5월 20일 16시,일요일,강원도 양구군 양구읍,경상사고,0,0,1,0,차대차 - 기타,교차로운행방법위반,건조,맑음,교차로 - 교차로안,화물,남,73세,상해없음,승용,여,70세,경상
2018052000100365,2018년 5월 20일 18시,일요일,강원도 원주시 단구동,중상사고,0,1,0,0,차대차 - 측면충돌,직진우회전진행방해,건조,맑음,교차로 - 교차로안,이륜,남,17세,중상,화물,남,50세,상해없음
2018052000100384,2018년 5월 20일 19시,일요일,강원도 춘천시 동내면,경상사고,0,0,1,0,차대차 - 기타,안전거리미확보,건조,맑음,단일로 - 지하차도(도로)내,승용,여,53세,상해없음,이륜,남,30세,경상
2018052000100385,2018년 5월 20일 19시,일요일,강원도 강릉시 입암동,경상사고,0,0,1,0,차대사람 - 보도통행중,기타,건조,맑음,교차로 - 교차로안,승용,여,59세,상해없음,보행자,여,44세,경상
2018052000100386,2018년 5월 20일 19시,일요일,강원도 원주시 관설동,경상사고,0,0,1,0,차대차 - 추돌,교차로운행방법위반,건조,맑음,교차로 - 교차로안,승용,남,33세,상해없음,이륜,남,48세,경상
2018052000100387,2018년 5월 20일 19시,일요일,강원도 양양군 현북면,중상사고,0,1,0,0,차대차 - 추돌,안전운전불이행,건조,맑음,단일로 - 지하차도(도로)내,화물,남,53세,상해없음,승용,남,33세,기타불명
2018052100100042,2018년 5월 21일 05시,월요일,강원도 원주시 단계동,중상사고,0,1,0,1,차대차 - 측면충돌,안전운전불이행,건조,맑음,교차로 - 교차로부근,승용,여,55세,상해없음,승용,남,61세,중상
2018052100100105,2018년 5월 21일 08시,월요일,강원도 태백시 통동,경상사고,0,0,1,0,차대차 - 측면충돌,안전운전불이행,건조,맑음,단일로 - 기타,건설기계,남,57세,상해없음,승합,남,44세,경상
2018052100100133,2018년 5월 21일 09시,월요일,강원도 홍천군 서면,경상사고,0,0,1,0,차대차 - 기타,교차로운행방법위반,건조,맑음,교차로 - 교차로안,승용,남,34세,상해없음,화물,남,59세,경상
2018052100100168,2018년 5월 21일 10시,월요일,강원도 춘천시 석사동,경상사고,0,0,1,0,차대차 - 기타,교차로운행방법위반,건조,흐림,교차로 - 교차로안,승용,여,50세,상해없음,승용,여,47세,경상
2018052100100169,2018년 5월 21일 10시,월요일,강원도 강릉시 성산면,중상사고,0,3,0,0,차대차 - 정면충돌,중앙선침범,건조,맑음,단일로 - 기타,승용,남,51세,상해없음,승용,남,43세,중상
2018052100100170,2018년 5월 21일 10시,월요일,강원도 속초시 설악동,중상사고,0,1,0,0,차대사람 - 횡단중,안전운전불이행,건조,맑음,단일로 - 기타,승용,남,54세,상해없음,보행자,여,9세,중상
2018052100100208,2018년 5월 21일 11시,월요일,강원도 원주시 우산동,중상사고,0,1,0,0,차대사람 - 횡단중,보행자보호의무위반,건조,맑음,단일로 - 기타,승용,남,30세,상해없음,보행자,여,43세,중상
2018052100100238,2018년 5월 21일 12시,월요일,강원도 강릉시 주문진읍,경상사고,0,0,2,0,차대차 - 측면충돌,안전운전불이행,건조,맑음,단일로 - 기타,승용,여,38세,상해없음,승용,남,25세,경상
2018052100100239,2018년 5월 21일 12시,월요일,강원도 원주시 흥업면,경상사고,0,0,1,0,차대사람 - 길가장자리구역통행중,안전운전불이행,건조,맑음,단일로 - 기타,승용,남,50세,상해없음,보행자,여,54세,경상
2018052100100277,2018년 5월 21일 13시,월요일,강원도 춘천시 효자동,경상사고,0,0,1,0,차대차 - 측면충돌,안전운전불이행,건조,맑음,단일로 - 기타,승용,여,51세,상해없음,자전거,남,84세,경상
2018052100100278,2018년 5월 21일 13시,월요일,강원도 원주시 문막읍,경상사고,0,0,1,0,차대차 - 측면충돌,신호위반,건조,맑음,교차로 - 교차로안,승용,여,39세,상해없음,승용,여,43세,경상
2018052100100279,2018년 5월 21일 13시,월요일,강원도 원주시 단계동,중상사고,0,1,0,0,차대차 - 측면충돌,신호위반,건조,맑음,교차로 - 교차로안,승용,남,79세,상해없음,승용,남,35세,중상
2018052100100314,2018년 5월 21일 14시,월요일,강원도 춘천시 효자동,경상사고,0,0,1,0,차대차 - 기타,교차로운행방법위반,건조,맑음,교차로 - 교차로안,승용,여,59세,상해없음,화물,남,45세,경상
2018052100100340,2018년 5월 21일 15시,월요일,강원도 춘천시 동면,경상사고,0,0,1,0,차대차 - 측면충돌,차로위반,건조,맑음,교차로 - 교차로부근,승용,여,31세,상해없음,이륜,남,33세,경상
2018052100100341,2018년 5월 21일 15시,월요일,강원도 강릉시 금학동,경상사고,0,0,1,0,차대사람 - 길가장자리구역통행중,안전운전불이행,건조,맑음,단일로 - 기타,화물,남,40세,상해없음,보행자,남,77세,경상
2018052100100380,2018년 5월 21일 16시,월요일,강원도 강릉시 포남동,경상사고,0,0,3,0,차대차 - 추돌,안전운전불이행,건조,맑음,교차로 - 교차로부근,승용,여,58세,상해없음,승용,남,35세,경상
2018052100100414,2018년 5월 21일 17시,월요일,강원도 강릉시 성산면,경상사고,0,0,1,0,차량단독 - 기타,안전운전불이행,건조,맑음,교차로 - 교차로부근,자전거,남,57세,경상,,,,
2018052100100415,2018년 5월 21일 17시,월요일,강원도 원주시 단구동,경상사고,0,0,1,0,차대사람 - 차도통행중,안전운전불이행,건조,맑음,교차로 - 교차로부근,화물,남,50세,상해없음,보행자,남,18세,경상
2018052100100416,2018년 5월 21일 17시,월요일,강원도 동해시 북평동,중상사고,0,1,0,0,차대차 - 측면충돌,안전운전불이행,건조,맑음,단일로 - 기타,승용,남,58세,상해없음,이륜,남,17세,중상
2018052100100493,2018년 5월 21일 19시,월요일,강원도 춘천시 동면,경상사고,0,0,1,0,차대차 - 측면충돌,교차로운행방법위반,건조,맑음,교차로 - 교차로안,기타불명,기타불명,미분류,기타불명,이륜,남,16세,경상
2018052100100494,2018년 5월 21일 19시,월요일,강원도 원주시 반곡동,중상사고,0,1,0,0,차대차 - 측면충돌,신호위반,건조,맑음,교차로 - 교차로안,승용,남,45세,상해없음,승용,여,32세,중상
2018052100100527,2018년 5월 21일 20시,월요일,강원도 춘천시 효자동,중상사고,0,1,0,0,차대차 - 측면충돌,안전거리미확보,건조,맑음,단일로 - 기타,승용,남,25세,상해없음,이륜,남,17세,중상
2018052100100528,2018년 5월 21일 20시,월요일,강원도 원주시 판부면,경상사고,0,0,3,0,차대차 - 추돌,안전운전불이행,건조,맑음,교차로 - 교차로부근,승용,남,34세,상해없음,승용,남,46세,경상
2018052100100615,2018년 5월 21일 23시,월요일,강원도 춘천시 신동면,경상사고,0,0,2,0,차대차 - 추돌,안전운전불이행,건조,맑음,단일로 - 기타,승용,여,29세,상해없음,승용,여,61세,경상
2018052100100616,2018년 5월 21일 23시,월요일,강원도 춘천시 퇴계동,경상사고,0,0,1,0,차대차 - 측면충돌,기타,건조,맑음,단일로 - 기타,승용,남,60세,상해없음,승용,남,21세,경상
2018052200100080,2018년 5월 22일 05시,화요일,강원도 강릉시 명주동,경상사고,0,0,1,0,차대차 - 측면충돌,안전운전불이행,건조,맑음,단일로 - 기타,승용,여,73세,상해없음,이륜,남,78세,경상
2018052200100126,2018년 5월 22일 08시,화요일,강원도 원주시 단계동,경상사고,0,0,2,0,차대차 - 측면충돌,신호위반,건조,맑음,교차로 - 교차로안,화물,남,63세,상해없음,승용,남,31세,경상
2018052200100151,2018년 5월 22일 09시,화요일,강원도 속초시 장사동,경상사고,0,0,3,0,차대차 - 측면충돌,중앙선침범,건조,맑음,교차로 - 교차로부근,원동기,남,80세,상해없음,승용,여,45세,경상
2018052200100208,2018년 5월 22일 11시,화요일,강원도 영월군 무릉도원면,경상사고,0,0,1,0,차대차 - 기타,중앙선침범,건조,맑음,단일로 - 기타,승용,남,65세,상해없음,승용,남,65세,상해없음
2018052200100209,2018년 5월 22일 11시,화요일,강원도 동해시 천곡동,경상사고,0,0,1,0,차대차 - 측면충돌,안전운전불이행,건조,맑음,단일로 - 지하차도(도로)내,승용,여,61세,상해없음,자전거,남,14세,경상
2018052200100238,2018년 5월 22일 12시,화요일,강원도 원주시 단계동,경상사고,0,0,1,0,차대차 - 추돌,안전운전불이행,건조,맑음,단일로 - 기타,승용,남,53세,상해없음,승용,남,75세,경상
2018052200100239,2018년 5월 22일 12시,화요일,강원도 원주시 반곡동,경상사고,0,0,1,0,차대차 - 측면충돌,중앙선침범,건조,맑음,단일로 - 기타,건설기계,남,58세,상해없음,승용,남,32세,경상
2018052200100240,2018년 5월 22일 12시,화요일,강원도 원주시 신림면,중상사고,0,3,1,0,차대차 - 정면충돌,중앙선침범,건조,맑음,단일로 - 기타,승용,여,57세,중상,승용,여,55세,경상
2018052200100241,2018년 5월 22일 12시,화요일,강원도 삼척시 미로면,경상사고,0,0,1,0,차대차 - 정면충돌,안전운전불이행,건조,맑음,단일로 - 기타,승용,남,43세,상해없음,승용,남,36세,경상
2018052200100277,2018년 5월 22일 13시,화요일,강원도 영월군 주천면,경상사고,0,0,1,2,차대차 - 측면충돌,교차로운행방법위반,건조,맑음,교차로 - 교차로안,사륜오토바이(ATV),남,81세,부상신고,승용,남,42세,상해없음
2018052200100278,2018년 5월 22일 13시,화요일,강원도 동해시 삼화동,중상사고,0,1,0,0,차대사람 - 차도통행중,안전운전불이행,건조,맑음,단일로 - 지하차도(도로)내,승용,남,69세,상해없음,보행자,여,77세,중상
2018052200100359,2018년 5월 22일 15시,화요일,강원도 영월군 한반도면,경상사고,0,0,1,0,차대차 - 측면충돌,안전운전불이행,건조,맑음,단일로 - 기타,기타불명,기타불명,미분류,기타불명,승용,남,42세,경상
2018052200100360,2018년 5월 22일 15시,화요일,강원도 동해시 천곡동,중상사고,0,2,1,0,차대차 - 측면충돌,안전운전불이행,건조,맑음,교차로 - 교차로안,승용,남,23세,상해없음,화물,남,28세,경상
2018052200100415,2018년 5월 22일 17시,화요일,강원도 고성군 죽왕면,경상사고,0,0,1,0,차대차 - 측면충돌,안전거리미확보,건조,맑음,기타 - 기타,승용,남,60세,상해없음,승용,남,49세,경상
2018052200100445,2018년 5월 22일 18시,화요일,강원도 속초시 교동,경상사고,0,0,1,0,차대차 - 추돌,안전운전불이행,젖음/습기,비,단일로 - 기타,승용,남,39세,상해없음,승용,여,41세,경상
2018052200100519,2018년 5월 22일 20시,화요일,강원도 삼척시 읍중동,중상사고,0,1,0,0,차대사람 - 횡단중,안전운전불이행,젖음/습기,비,단일로 - 기타,승용,남,37세,상해없음,보행자,남,50세,중상
2018052200100555,2018년 5월 22일 21시,화요일,강원도 원주시 단계동,경상사고,0,0,1,0,차대사람 - 보도통행중,보행자보호의무위반,젖음/습기,비,교차로 - 교차로안,이륜,남,18세,상해없음,보행자,남,25세,경상
2018052200100620,2018년 5월 22일 23시,화요일,강원도 강릉시 홍제동,경상사고,0,0,1,0,차대사람 - 기타,안전운전불이행,젖음/습기,비,교차로 - 교차로안,승용,남,61세,상해없음,보행자,여,23세,경상
2018052200100621,2018년 5월 22일 23시,화요일,강원도 원주시 문막읍,중상사고,0,2,2,0,차대차 - 추돌,안전운전불이행,젖음/습기,비,단일로 - 기타,승용,남,65세,경상,승용,남,51세,중상
2018052300100039,2018년 5월 23일 04시,수요일,강원도 원주시 문막읍,경상사고,0,0,1,0,차대차 - 추돌,안전운전불이행,젖음/습기,비,단일로 - 기타,승용,남,23세,상해없음,건설기계,남,53세,경상
2018052300100049,2018년 5월 23일 05시,수요일,강원도 태백시 화전동,경상사고,0,0,1,0,차대차 - 측면충돌,차로위반,젖음/습기,비,교차로 - 교차로부근,승용,남,36세,상해없음,건설기계,남,44세,경상
2018052300100080,2018년 5월 23일 07시,수요일,강원도 춘천시 운교동,경상사고,0,0,1,0,차대차 - 추돌,직진우회전진행방해,건조,맑음,교차로 - 교차로안,승용,남,40세,상해없음,승용,남,57세,경상
2018052300100081,2018년 5월 23일 07시,수요일,강원도 철원군 철원읍,중상사고,0,1,0,0,차대차 - 측면충돌,중앙선침범,건조,맑음,단일로 - 기타,승합,여,39세,상해없음,승용,여,54세,중상
2018052300100119,2018년 5월 23일 08시,수요일,강원도 강릉시 홍제동,경상사고,0,0,1,0,차대사람 - 기타,안전운전불이행,건조,맑음,주차장 - 주차장,승용,남,62세,상해없음,보행자,여,19세,경상
2018052300100161,2018년 5월 23일 09시,수요일,강원도 속초시 청호동,중상사고,0,1,1,0,차대차 - 측면충돌,직진우회전진행방해,건조,맑음,교차로 - 교차로안,승용,남,39세,상해없음,승용,남,45세,중상
2018052300100203,2018년 5월 23일 10시,수요일,강원도 태백시 화전동,경상사고,0,0,1,0,차대차 - 추돌,안전운전불이행,건조,맑음,교차로 - 교차로부근,승용,여,53세,상해없음,승용,남,74세,경상