사고번호,사고일시,요일,시군구,사고내용,사망자수,중상자수,경상자수,부상신고자수,사고유형,법규위반,노면상태,기상상태,도로형태,가해운전자 차종,가해운전자 성별,가해운전자 연령,가해운전자 상해정도,피해운전자 차종,피해운전자 성별,피해운전자 연령,피해운전자 상해정도
2018060900100322,2018년 6월 9일 14시,토요일,강원도 춘천시 후평동,중상사고,0,1,0,0,차대차 - 측면충돌,직진우회전진행방해,건조,맑음,교차로 - 교차로안,승용,남,47세,상해없음,이륜,남,56세,중상
2018060900100381,2018년 6월 9일 16시,토요일,강원도 춘천시 신북읍,경상사고,0,0,2,0,차대차 - 측면충돌,직진우회전진행방해,건조,맑음,교차로 - 교차로안,승용,남,24세,상해없음,승용,여,75세,경상
2018060900100382,2018년 6월 9일 16시,토요일,강원도 강릉시 주문진읍,경상사고,0,0,1,0,차대차 - 기타,안전운전불이행,건조,맑음,단일로 - 기타,승용,남,43세,상해없음,승용,남,54세,경상
2018060900100414,2018년 6월 9일 17시,토요일,강원도 속초시 교동,중상사고,0,1,0,0,차대차 - 기타,신호위반,건조,맑음,교차로 - 교차로안,승용,여,30세,상해없음,이륜,남,33세,중상
2018060900100415,2018년 6월 9일 17시,토요일,강원도 인제군 남면,중상사고,0,1,0,0,차대차 - 측면충돌,안전운전불이행,건조,맑음,교차로 - 교차로부근,화물,남,54세,상해없음,승용,여,44세,중상
2018060900100459,2018년 6월 9일 18시,토요일,강원도 춘천시 온의동,경상사고,0,0,2,0,차대차 - 추돌,안전운전불이행,건조,맑음,단일로 - 기타,승용,남,56세,상해없음,승용,남,27세,경상
2018060900100460,2018년 6월 9일 18시,토요일,강원도 춘천시 우두동,경상사고,0,0,2,0,차대차 - 추돌,안전운전불이행,건조,맑음,단일로 - 기타,승용,여,55세,상해없음,승용,남,31세,경상
2018060900100461,2018년 6월 9일 18시,토요일,강원도 강릉시 포남동,경상사고,0,0,4,0,차대차 - 추돌,안전운전불이행,건조,맑음,교차로 - 교차로부근,승용,남,51세,상해없음,승용,여,49세,경상
2018060900100498,2018년 6월 9일 19시,토요일,강원도 동해시 천곡동,경상사고,0,0,2,0,차대차 - 추돌,안전거리미확보,건조,흐림,교차로 - 교차로부근,승용,남,38세,상해없음,승용,남,60세,경상
2018060900100539,2018년 6월 9일 20시,토요일,강원도 춘천시 효자동,경상사고,0,0,1,0,차대사람 - 횡단중,안전운전불이행,건조,맑음,단일로 - 기타,이륜,남,32세,상해없음,보행자,남,73세,경상
2018060900100540,2018년 6월 9일 20시,토요일,강원도 원주시 문막읍,중상사고,0,2,0,0,차대차 - 기타,안전거리미확보,건조,맑음,단일로 - 기타,승용,여,43세,상해없음,승용,여,42세,중상
2018061000100012,2018년 6월 10일 00시,일요일,강원도 삼척시 건지동,경상사고,0,0,3,0,차대차 - 측면충돌,안전운전불이행,건조,흐림,교차로 - 교차로안,승용,남,20세,상해없음,승용,여,31세,경상
2018061000100076,2018년 6월 10일 04시,일요일,강원도 삼척시 교동,경상사고,0,0,1,0,차량단독 - 공작물충돌,안전운전불이행,건조,흐림,교차로 - 교차로안,승용,남,25세,경상,,,,
2018061000100088,2018년 6월 10일 06시,일요일,강원도 원주시 일산동,경상사고,0,0,3,0,차대차 - 측면충돌,신호위반,건조,맑음,교차로 - 교차로안,승용,남,58세,상해없음,승용,여,46세,경상
2018061000100089,2018년 6월 10일 06시,일요일,강원도 동해시 평릉동,경상사고,0,0,1,0,차대차 - 추돌,안전운전불이행,젖음/습기,비,교차로 - 교차로부근,승용,남,40세,상해없음,승용,여,51세,경상
2018061000100128,2018년 6월 10일 09시,일요일,강원도 원주시 원동,부상신고사고,0,0,0,1,차대사람 - 기타,안전운전불이행,건조,맑음,단일로 - 기타,기타불명,기타불명,미분류,기타불명,보행자,남,62세,부상신고
2018061000100152,2018년 6월 10일 10시,일요일,강원도 춘천시 남산면,중상사고,0,1,0,3,차대차 - 기타,중앙선침범,건조,맑음,단일로 - 기타,승용,남,26세,상해없음,승용,남,65세,중상
2018061000100173,2018년 6월 10일 11시,일요일,강원도 강릉시 유천동,중상사고,0,1,0,0,차량단독 - 공작물충돌,안전운전불이행,건조,맑음,단일로 - 기타,승용,여,41세,상해없음,,,,
2018061000100193,2018년 6월 10일 12시,일요일,강원도 원주시 개운동,경상사고,0,0,1,0,차대차 - 측면충돌,직진우회전진행방해,건조,맑음,교차로 - 교차로안,승용,남,66세,상해없음,승용,여,45세,경상
2018061000100216,2018년 6월 10일 13시,일요일,강원도 춘천시 퇴계동,경상사고,0,0,1,0,차대차 - 측면충돌,안전운전불이행,건조,맑음,단일로 - 기타,승용,여,54세,상해없음,자전거,남,13세,경상
2018061000100217,2018년 6월 10일 13시,일요일,강원도 춘천시 퇴계동,경상사고,0,0,1,0,차대차 - 측면충돌,안전거리미확보,건조,맑음,단일로 - 기타,승용,여,65세,상해없음,승용,남,43세,경상
2018061000100248,2018년 6월 10일 14시,일요일,강원도 횡성군 청일면,경상사고,0,0,1,0,차대차 - 추돌,안전운전불이행,건조,맑음,단일로 - 기타,이륜,남,59세,상해없음,화물,남,54세,경상
2018061000100272,2018년 6월 10일 15시,일요일,강원도 춘천시 남산면,중상사고,0,1,0,0,차량단독 - 기타,안전운전불이행,건조,맑음,단일로 - 기타,사륜오토바이(ATV),여,57세,상해없음,,,,
2018061000100273,2018년 6월 10일 15시,일요일,강원도 원주시 문막읍,중상사고,0,1,3,0,차대차 - 추돌,안전거리미확보,건조,맑음,단일로 - 기타,승용,남,63세,경상,승용,남,34세,경상
2018061000100306,2018년 6월 10일 16시,일요일,강원도 태백시 황지동,사망사고,1,0,0,0,차량단독 - 전도전복 - 전복,과속,건조,맑음,교차로 - 교차로부근,승용,여,69세,상해없음,미분류,미분류,미분류,미분류
2018061000100307,2018년 6월 10일 16시,일요일,강원도 인제군 북면,중상사고,0,1,3,0,차대차 - 추돌,안전거리미확보,젖음/습기,비,단일로 - 기타,승용,남,57세,상해없음,승용,남,55세,경상
2018061000100371,2018년 6월 10일 18시,일요일,강원도 춘천시 후평동,경상사고,0,0,1,0,차대차 - 추돌,안전거리미확보,건조,맑음,단일로 - 기타,승용,여,49세,상해없음,승용,여,53세,경상
2018061000100372,2018년 6월 10일 18시,일요일,강원도 원주시 반곡동,경상사고,0,0,1,0,차대차 - 측면충돌,불법유턴,건조,맑음,교차로 - 교차로횡단보도내,승용,남,57세,상해없음,승용,남,71세,경상
2018061000100373,2018년 6월 10일 18시,일요일,강원도 홍천군 홍천읍,경상사고,0,0,1,0,차대차 - 측면충돌,직진우회전진행방해,건조,맑음,교차로 - 교차로안,이륜,남,60세,경상,승용,남,59세,상해없음
2018061000100391,2018년 6월 10일 19시,일요일,강원도 홍천군 내면,중상사고,0,2,1,0,차대차 - 정면충돌,중앙선침범,건조,맑음,단일로 - 기타,승용,남,50세,중상,승용,여,58세,중상
2018061000100412,2018년 6월 10일 20시,일요일,강원도 춘천시 사농동,경상사고,0,0,1,0,차대차 - 측면충돌,안전운전불이행,건조,맑음,단일로 - 기타,화물,남,58세,상해없음,승용,여,58세,경상
2018061000100413,2018년 6월 10일 20시,일요일,강원도 원주시 문막읍,경상사고,0,0,1,0,차대차 - 추돌,안전거리미확보,건조,맑음,교차로 - 교차로부근,승용,남,35세,상해없음,승용,여,56세,경상
2018061000100414,2018년 6월 10일 20시,일요일,강원도 원주시 개운동,경상사고,0,0,2,0,차대차 - 측면충돌,안전운전불이행,건조,맑음,교차로 - 교차로안,승용,남,34세,상해없음,승용,남,57세,경상
2018061000100470,2018년 6월 10일 22시,일요일,강원도 원주시 단계동,경상사고,0,0,3,0,차대차 - 측면충돌,안전운전불이행,건조,맑음,교차로 - 교차로부근,승용,여,52세,상해없음,승용,여,47세,경상
2018061100100028,2018년 6월 11일 02시,월요일,강원도 원주시 명륜동,경상사고,0,0,4,0,차대차 - 추돌,안전운전불이행,건조,맑음,교차로 - 교차로부근,승용,남,28세,상해없음,승용,남,19세,경상
2018061100100070,2018년 6월 11일 07시,월요일,강원도 홍천군 홍천읍,경상사고,0,0,2,0,차대차 - 추돌,안전운전불이행,건조,맑음,교차로 - 교차로부근,화물,남,42세,상해없음,승용,남,51세,경상
2018061100100107,2018년 6월 11일 08시,월요일,강원도 춘천시 동내면,중상사고,0,1,2,0,차대차 - 추돌,안전거리미확보,건조,맑음,단일로 - 기타,승용,여,49세,상해없음,승용,남,28세,상해없음
2018061100100108,2018년 6월 11일 08시,월요일,강원도 춘천시 석사동,경상사고,0,0,2,0,차대차 - 측면충돌,신호위반,건조,맑음,교차로 - 교차로안,승용,남,76세,상해없음,승용,남,64세,경상
2018061100100109,2018년 6월 11일 08시,월요일,강원도 춘천시 동내면,경상사고,0,0,1,0,차대차 - 측면충돌,안전운전불이행,건조,맑음,단일로 - 기타,승용,여,52세,상해없음,승용,남,24세,경상
2018061100100110,2018년 6월 11일 08시,월요일,강원도 원주시 명륜동,중상사고,0,1,0,0,차대사람 - 보도통행중,보행자보호의무위반,건조,맑음,교차로 - 교차로횡단보도내,승용,남,57세,상해없음,보행자,여,57세,중상
2018061100100111,2018년 6월 11일 08시,월요일,강원도 원주시 단구동,경상사고,0,0,1,0,차대사람 - 길가장자리구역통행중,안전운전불이행,건조,맑음,기타 - 기타,승용,남,20세,상해없음,보행자,여,27세,경상
2018061100100142,2018년 6월 11일 09시,월요일,강원도 춘천시 온의동,중상사고,0,1,1,0,차대차 - 측면충돌,안전거리미확보,건조,맑음,단일로 - 기타,승용,여,58세,중상,승용,여,70세,경상
2018061100100171,2018년 6월 11일 10시,월요일,강원도 춘천시 후평동,중상사고,0,1,0,0,차대차 - 추돌,안전거리미확보,건조,맑음,교차로 - 교차로부근,건설기계,남,60세,상해없음,승용,남,64세,중상
2018061100100172,2018년 6월 11일 10시,월요일,강원도 춘천시 동면,경상사고,0,0,3,0,차대차 - 측면충돌,신호위반,건조,맑음,교차로 - 교차로안,승용,여,34세,경상,승용,남,63세,경상
2018061100100173,2018년 6월 11일 10시,월요일,강원도 춘천시 동면,경상사고,0,0,3,0,차대차 - 측면충돌,교차로운행방법위반,건조,맑음,교차로 - 교차로안,승용,남,48세,경상,승용,남,40세,경상
2018061100100236,2018년 6월 11일 12시,월요일,강원도 강릉시 성남동,경상사고,0,0,1,0,차대사람 - 횡단중,안전운전불이행,건조,맑음,교차로 - 교차로안,승합,남,65세,상해없음,보행자,남,56세,경상
2018061100100338,2018년 6월 11일 15시,월요일,강원도 원주시 단계동,경상사고,0,0,2,0,차대차 - 추돌,안전운전불이행,건조,맑음,기타 - 기타,승용,여,30세,상해없음,승용,여,68세,경상
2018061100100339,2018년 6월 11일 15시,월요일,강원도 영월군 주천면,사망사고,1,0,0,0,차대차 - 기타,안전운전불이행,건조,맑음,단일로 - 기타,특수,남,60세,상해없음,이륜,남,71세,사망
2018061100100340,2018년 6월 11일 15시,월요일,강원도 태백시 장성동,중상사고,0,1,0,0,차대차 - 측면충돌,안전운전불이행,건조,맑음,교차로 - 교차로안,승용,남,66세,상해없음,승용,여,51세,상해없음
2018061100100376,2018년 6월 11일 16시,월요일,강원도 강릉시 노암동,경상사고,0,0,1,0,차대차 - 기타,신호위반,건조,맑음,교차로 - 교차로안,승용,남,60세,상해없음,승용,여,69세,경상
2018061100100377,2018년 6월 11일 16시,월요일,강원도 강릉시 연곡면,중상사고,0,2,1,0,차대차 - 기타,신호위반,건조,맑음,교차로 - 교차로안,승용,남,70세,상해없음,승용,여,58세,중상
2018061100100441,2018년 6월 11일 18시,월요일,강원도 강릉시 홍제동,경상사고,0,0,1,0,차대차 - 정면충돌,안전운전불이행,건조,맑음,기타 - 기타,승용,남,46세,상해없음,이륜,남,28세,경상
2018061100100519,2018년 6월 11일 20시,월요일,강원도 춘천시 우두동,중상사고,0,1,0,0,차대차 - 기타,신호위반,건조,맑음,교차로 - 교차로안,기타불명,기타불명,미분류,기타불명,이륜,남,22세,중상
2018061100100520,2018년 6월 11일 20시,월요일,강원도 원주시 단계동,중상사고,0,2,1,0,차대차 - 측면충돌,신호위반,건조,맑음,교차로 - 교차로안,승용,남,53세,상해없음,승용,남,64세,경상
2018061100100548,2018년 6월 11일 21시,월요일,강원도 원주시 명륜동,중상사고,0,1,0,0,차대사람 - 횡단중,안전운전불이행,건조,맑음,단일로 - 기타,승용,여,55세,상해없음,보행자,남,33세,중상
2018061200100011,2018년 6월 12일 00시,화요일,강원도 춘천시 효자동,경상사고,0,0,1,0,차대차 - 측면충돌,안전운전불이행,건조,맑음,교차로 - 교차로안,승용,남,50세,상해없음,이륜,남,20세,경상
2018061200100071,2018년 6월 12일 07시,화요일,강원도 삼척시 남양동,경상사고,0,0,1,0,차대사람 - 횡단중,안전운전불이행,건조,맑음,단일로 - 기타,승용,여,60세,상해없음,보행자,남,14세,경상
2018061200100110,2018년 6월 12일 08시,화요일,강원도 춘천시 사농동,경상사고,0,0,4,0,차대차 - 추돌,안전운전불이행,건조,맑음,교차로 - 교차로부근,승용,남,60세,상해없음,화물,남,56세,경상
2018061200100111,2018년 6월 12일 08시,화요일,강원도 춘천시 동면,경상사고,0,0,2,0,차대차 - 기타,교차로운행방법위반,건조,맑음,교차로 - 교차로안,화물,남,33세,상해없음,승용,남,63세,경상
2018061200100147,2018년 6월 12일 09시,화요일,강원도 삼척시 원덕읍,중상사고,0,1,0,0,차대차 - 측면충돌,직진우회전진행방해,건조,맑음,교차로 - 교차로안,이륜,남,64세,중상,화물,남,73세,상해없음
2018061200100148,2018년 6월 12일 09시,화요일,강원도 영월군 영월읍,경상사고,0,0,1,0,차대사람 - 횡단중,보행자보호의무위반,건조,맑음,교차로 - 교차로횡단보도내,승용,남,60세,상해없음,보행자,여,43세,경상
2018061200100149,2018년 6월 12일 09시,화요일,강원도 고성군 토성면,중상사고,0,1,1,0,차대차 - 측면충돌,신호위반,건조,맑음,교차로 - 교차로안,승용,여,61세,경상,승용,남,51세,중상
2018061200100185,2018년 6월 12일 10시,화요일,강원도 춘천시 후평동,경상사고,0,0,1,0,차대사람 - 기타,안전운전불이행,건조,맑음,단일로 - 기타,승합,남,51세,상해없음,보행자,여,71세,경상
2018061200100186,2018년 6월 12일 10시,화요일,강원도 원주시 명륜동,경상사고,0,0,1,0,차대차 - 측면충돌,안전거리미확보,건조,맑음,단일로 - 기타,이륜,남,30세,상해없음,승용,여,46세,경상
2018061200100187,2018년 6월 12일 10시,화요일,강원도 원주시 개운동,경상사고,0,0,1,0,차대사람 - 길가장자리구역통행중,안전운전불이행,건조,맑음,단일로 - 기타,승용,남,79세,상해없음,보행자,여,48세,경상
2018061200100188,2018년 6월 12일 10시,화요일,강원도 홍천군 화촌면,경상사고,0,0,1,0,차량단독 - 기타,기타,건조,맑음,단일로 - 기타,승용,여,54세,상해없음,,,,
2018061200100224,2018년 6월 12일 11시,화요일,강원도 양양군 손양면,경상사고,0,0,1,0,차대차 - 측면충돌,안전운전불이행,건조,맑음,단일로 - 기타,화물,남,56세,상해없음,자전거,여,49세,경상
2018061200100345,2018년 6월 12일 15시,화요일,강원도 춘천시 후평동,경상사고,0,0,1,0,차대사람 - 횡단중,안전운전불이행,건조,맑음,교차로 - 교차로안,승용,여,60세,상해없음,보행자,여,54세,경상
2018061200100346,2018년 6월 12일 15시,화요일,강원도 횡성군 우천면,사망사고,1,0,0,0,차대차 - 기타,안전운전불이행,건조,맑음,단일로 - 기타,화물,여,58세,사망,화물,남,63세,기타불명
2018061200100347,2018년 6월 12일 15시,화요일,강원도 철원군 갈말읍,중상사고,0,1,1,0,차대차 - 추돌,안전운전불이행,건조,맑음,교차로 - 교차로부근,화물,남,36세,상해없음,승용,남,71세,경상
2018061200100378,2018년 6월 12일 16시,화요일,강원도 춘천시 효자동,경상사고,0,0,1,0,차대차 - 측면충돌,중앙선침범,건조,맑음,교차로 - 교차로횡단보도내,원동기,남,62세,상해없음,이륜,남,34세,경상
2018061200100379,2018년 6월 12일 16시,화요일,강원도 속초시 교동,경상사고,0,0,1,0,차대차 - 측면충돌,교차로운행방법위반,건조,맑음,교차로 - 교차로안,승용,여,50세,상해없음,자전거,남,47세,경상
2018061200100380,2018년 6월 12일 16시,화요일,강원도 태백시 황지동,경상사고,0,0,1,0,차대사람 - 횡단중,보행자보호의무위반,건조,맑음,교차로 - 교차로안,승용,여,40세,상해없음,보행자,여,51세,경상
2018061200100381,2018년 6월 12일 16시,화요일,강원도 고성군 토성면,경상사고,0,0,1,0,차대차 - 측면충돌,안전운전불이행,건조,맑음,교차로 - 교차로안,승용,여,66세,상해없음,승용,남,67세,경상
2018061200100429,2018년 6월 12일 17시,화요일,강원도 속초시 교동,중상사고,0,1,0,0,차대사람 - 횡단중,신호위반,건조,맑음,교차로 - 교차로횡단보도내,승용,남,65세,상해없음,보행자,여,67세,중상
2018061200100430,2018년 6월 12일 17시,화요일,강원도 동해시 발한동,경상사고,0,0,1,0,차대차 - 측면충돌,안전운전불이행,건조,맑음,단일로 - 기타,승합,남,38세,상해없음,승용,여,35세,경상
2018061200100482,2018년 6월 12일 18시,화요일,강원도 춘천시 중앙로1가,경상사고,0,0,1,2,차대차 - 측면충돌,교차로운행방법위반,건조,맑음,교차로 - 교차로안,승용,남,56세,부상신고,승용,여,28세,부상신고
2018061200100484,2018년 6월 12일 18시,화요일,강원도 동해시 이도동,중상사고,0,1,0,0,차대차 - 측면충돌,직진우회전진행방해,건조,맑음,교차로 - 교차로안,승용,여,43세,상해없음,승용,남,53세,중상
2018061200100528,2018년 6월 12일 19시,화요일,강원도 춘천시 퇴계동,중상사고,0,1,1,0,차대차 - 측면충돌,안전거리미확보,건조,맑음,교차로 - 교차로안,이륜,남,17세,상해없음,승용,여,33세,경상
2018061200100529,2018년 6월 12일 19시,화요일,강원도 원주시 단계동,부상신고사고,0,0,0,1,차대차 - 측면충돌,교차로운행방법위반,건조,맑음,교차로 - 교차로안,이륜,남,18세,부상신고,화물,남,58세,상해없음
2018061200100568,2018년 6월 12일 20시,화요일,강원도 원주시 봉산동,중상사고,0,1,0,0,차대사람 - 횡단중,안전운전불이행,건조,맑음,단일로 - 기타,승용,남,36세,상해없음,보행자,남,57세,중상
2018061200100569,2018년 6월 12일 20시,화요일,강원도 원주시 태장동,경상사고,0,0,2,0,차대차 - 추돌,안전운전불이행,건조,맑음,단일로 - 기타,승용,남,33세,상해없음,승용,남,56세,경상
2018061200100570,2018년 6월 12일 20시,화요일,강원도 철원군 갈말읍,중상사고,0,1,0,0,차대사람 - 기타,안전운전불이행,건조,맑음,단일로 - 기타,승합,남,54세,상해없음,보행자,여,25세,중상
2018061200100597,2018년 6월 12일 21시,화요일,강원도 춘천시 교동,경상사고,0,0,1,0,차대사람 - 횡단중,보행자보호의무위반,건조,맑음,교차로 - 교차로횡단보도내,승용,남,44세,상해없음,보행자,남,22세,경상
2018061200100632,2018년 6월 12일 22시,화요일,강원도 속초시 조양동,경상사고,0,0,1,0,차대사람 - 기타,안전운전불이행,건조,맑음,주차장 - 주차장,화물,남,62세,상해없음,보행자,남,45세,경상
2018061200100661,2018년 6월 12일 23시,화요일,강원도 춘천시 효자동,중상사고,0,1,0,0,차대사람 - 횡단중,안전운전불이행,건조,맑음,단일로 - 기타,승용,여,41세,상해없음,보행자,여,18세,중상
2018061200100662,2018년 6월 12일 23시,화요일,강원도 원주시 관설동,중상사고,0,1,1,0,차대차 - 추돌,안전운전불이행,건조,맑음,단일로 - 기타,승합,여,52세,경상,승용,남,19세,중상
2018061300100006,2018년 6월 13일 00시,수요일,강원도 원주시 판부면,경상사고,0,0,1,0,차대차 - 측면충돌,중앙선침범,건조,맑음,단일로 - 기타,승용,남,53세,상해없음,승용,남,54세,경상
2018061300100077,2018년 6월 13일 05시,수요일,강원도 강릉시 주문진읍,경상사고,0,0,2,0,차대차 - 측면충돌,신호위반,건조,맑음,교차로 - 교차로안,승용,남,51세,상해없음,승용,남,51세,경상
2018061300100092,2018년 6월 13일 06시,수요일,강원도 원주시 우산동,경상사고,0,0,1,0,차대차 - 측면충돌,안전운전불이행,건조,맑음,단일로 - 기타,건설기계,남,49세,상해없음,승용,여,56세,경상
2018061300100093,2018년 6월 13일 06시,수요일,강원도 동해시 천곡동,경상사고,0,0,1,0,차대차 - 추돌,안전운전불이행,건조,맑음,단일로 - 지하차도(도로)내,화물,남,25세,상해없음,승용,남,67세,경상
2018061300100112,2018년 6월 13일 07시,수요일,강원도 춘천시 동내면,중상사고,0,1,0,0,차대차 - 추돌,안전운전불이행,건조,맑음,단일로 - 기타,승용,남,23세,상해없음,자전거,남,68세,중상
2018061300100138,2018년 6월 13일 08시,수요일,강원도 횡성군 우천면,중상사고,0,1,0,0,차대사람 - 횡단중,안전운전불이행,건조,맑음,교차로 - 교차로안,승용,남,82세,상해없음,보행자,여,미분류,중상
2018061300100174,2018년 6월 13일 10시,수요일,강원도 원주시 문막읍,경상사고,0,0,1,0,차대차 - 측면충돌,신호위반,건조,맑음,교차로 - 교차로안,승용,남,55세,상해없음,이륜,남,37세,경상
2018061300100175,2018년 6월 13일 10시,수요일,강원도 삼척시 남양동,경상사고,0,0,1,0,차대사람 - 차도통행중,안전운전불이행,건조,맑음,교차로 - 교차로안,승용,남,71세,상해없음,보행자,남,69세,경상
2018061300100200,2018년 6월 13일 11시,수요일,강원도 원주시 원동,경상사고,0,0,1,0,차대차 - 추돌,안전운전불이행,건조,흐림,단일로 - 기타,승용,여,54세,상해없음,승용,남,57세,경상
2018061300100238,2018년 6월 13일 12시,수요일,강원도 홍천군 홍천읍,경상사고,0,0,1,0,차대차 - 측면충돌,안전운전불이행,건조,맑음,단일로 - 기타,승용,남,62세,상해없음,이륜,남,36세,경상
2018061300100239,2018년 6월 13일 12시,수요일,강원도 화천군 하남면,경상사고,0,0,2,0,차대차 - 기타,중앙선침범,건조,맑음,단일로 - 기타,기타불명,기타불명,미분류,기타불명,승용,여,66세,경상
2018061300100300,2018년 6월 13일 14시,수요일,강원도 강릉시 송정동,경상사고,0,0,1,0,차대차 - 측면충돌,안전운전불이행,건조,맑음,교차로 - 교차로안,승용,남,63세,상해없음,이륜,남,36세,경상
2018061300100301,2018년 6월 13일 14시,수요일,강원도 원주시 관설동,중상사고,0,1,1,0,차대차 - 측면충돌,신호위반,건조,맑음,교차로 - 교차로안,승용,남,47세,상해없음,승용,남,46세,중상
2018061300100302,2018년 6월 13일 14시,수요일,강원도 평창군 봉평면,경상사고,0,0,1,0,차대차 - 기타,안전운전불이행,건조,맑음,단일로 - 기타,승용,여,42세,상해없음,이륜,남,60세,경상
2018061300100336,2018년 6월 13일 15시,수요일,강원도 평창군 평창읍,경상사고,0,0,1,0,차대차 - 측면충돌,안전운전불이행,기타,맑음,기타 - 기타,화물,남,57세,상해없음,승용,남,43세,경상
2018061300100368,2018년 6월 13일 16시,수요일,강원도 원주시 태장동,경상사고,0,0,1,0,차대차 - 추돌,안전거리미확보,건조,맑음,교차로 - 교차로부근,화물,남,49세,상해없음,화물,남,64세,상해없음
2018061300100401,2018년 6월 13일 17시,수요일,강원도 강릉시 주문진읍,경상사고,0,0,2,0,차대차 - 기타,중앙선침범,건조,맑음,단일로 - 기타,승용,여,27세,상해없음,승용,남,34세,경상
2018061300100402,2018년 6월 13일 17시,수요일,강원도 원주시 단계동,경상사고,0,0,1,0,차대차 - 추돌,안전거리미확보,건조,흐림,교차로 - 교차로부근,화물,남,56세,상해없음,승용,남,34세,경상
2018061300100439,2018년 6월 13일 18시,수요일,강원도 춘천시 퇴계동,경상사고,0,0,1,0,차대차 - 추돌,안전운전불이행,건조,맑음,단일로 - 기타,승용,남,43세,상해없음,자전거,남,10세,경상
2018061300100440,2018년 6월 13일 18시,수요일,강원도 횡성군 횡성읍,경상사고,0,0,1,0,차대차 - 정면충돌,안전운전불이행,건조,맑음,교차로 - 교차로안,승용,여,53세,상해없음,이륜,남,60세,경상
2018061300100441,2018년 6월 13일 18시,수요일,강원도 인제군 북면,경상사고,0,0,3,0,차량단독 - 기타,안전운전불이행,건조,맑음,교차로 - 교차로부근,승합,남,58세,상해없음,,,,
2018061300100472,2018년 6월 13일 19시,수요일,강원도 강릉시 왕산면,경상사고,0,0,3,0,차대차 - 기타,안전거리미확보,젖음/습기,비,단일로 - 터널,화물,남,39세,상해없음,승용,남,30세,경상
2018061300100553,2018년 6월 13일 22시,수요일,강원도 동해시 효가동,경상사고,0,0,2,0,차대차 - 추돌,안전운전불이행,건조,맑음,교차로 - 교차로부근,승용,남,51세,상해없음,승용,여,51세,경상
2018061300100564,2018년 6월 13일 23시,수요일,강원도 춘천시 효자동,경상사고,0,0,1,0,차대차 - 기타,안전운전불이행,건조,맑음,단일로 - 기타,승용,남,63세,상해없음,자전거,남,57세,경상
2018061400100038,2018년 6월 14일 05시,목요일,강원도 강릉시 왕산면,경상사고,0,0,4,0,차대차 - 추돌,안전운전불이행,건조,맑음,단일로 - 터널,승용,남,30세,상해없음,화물,남,36세,경상
2018061400100101,2018년 6월 14일 08시,목요일,강원도 홍천군 북방면,경상사고,0,0,1,0,차대차 - 측면충돌,안전운전불이행,건조,맑음,단일로 - 기타,승용,여,38세,상해없음,승용,남,45세,경상
2018061400100152,2018년 6월 14일 09시,목요일,강원도 춘천시 동면,경상사고,0,0,2,0,차대차 - 측면충돌,안전운전불이행,젖음/습기,흐림,교차로 - 교차로안,화물,남,48세,상해없음,승용,여,47세,경상
2018061400100153,2018년 6월 14일 09시,목요일,강원도 횡성군 횡성읍,중상사고,0,3,1,0,차대차 - 기타,직진우회전진행방해,건조,맑음,교차로 - 교차로안,화물,남,59세,상해없음,승용,남,55세,중상
2018061400100202,2018년 6월 14일 11시,목요일,강원도 춘천시 퇴계동,경상사고,0,0,2,0,차대차 - 측면충돌,안전거리미확보,건조,흐림,단일로 - 기타,승용,남,77세,상해없음,승용,남,21세,경상
2018061400100204,2018년 6월 14일 11시,목요일,강원도 삼척시 남양동,경상사고,0,0,1,1,차대차 - 측면충돌,안전운전불이행,건조,맑음,교차로 - 교차로안,화물,남,53세,부상신고,승합,남,45세,상해없음
2018061400100254,2018년 6월 14일 13시,목요일,강원도 홍천군 홍천읍,경상사고,0,0,1,0,차대차 - 측면충돌,교차로운행방법위반,건조,맑음,교차로 - 교차로안,이륜,남,49세,상해없음,승용,여,48세,경상
2018061400100255,2018년 6월 14일 13시,목요일,강원도 고성군 죽왕면,경상사고,0,0,2,0,차대차 - 기타,안전거리미확보,건조,맑음,교차로 - 교차로안,승용,여,64세,상해없음,승용,여,28세,경상
2018061400100373,2018년 6월 14일 16시,목요일,강원도 강릉시 금학동,중상사고,0,1,0,0,차대차 - 측면충돌,안전운전불이행,건조,맑음,단일로 - 기타,승용,여,45세,상해없음,자전거,남,71세,중상
2018061400100374,2018년 6월 14일 16시,목요일,강원도 원주시 무실동,경상사고,0,0,2,0,차대차 - 측면충돌,신호위반,건조,맑음,교차로 - 교차로안,승용,남,78세,상해없음,승용,여,24세,경상
2018061400100419,2018년 6월 14일 17시,목요일,강원도 춘천시 효자동,경상사고,0,0,1,0,차대사람 - 차도통행중,안전운전불이행,건조,맑음,단일로 - 기타,화물,남,24세,상해없음,보행자,여,51세,경상
2018061400100420,2018년 6월 14일 17시,목요일,강원도 원주시 무실동,경상사고,0,0,1,0,차대차 - 기타,기타,건조,맑음,단일로 - 기타,승용,남,81세,상해없음,이륜,남,33세,경상