사고번호,사고일시,요일,시군구,사고내용,사망자수,중상자수,경상자수,부상신고자수,사고유형,법규위반,노면상태,기상상태,도로형태,가해운전자 차종,가해운전자 성별,가해운전자 연령,가해운전자 상해정도,피해운전자 차종,피해운전자 성별,피해운전자 연령,피해운전자 상해정도
2018062000100590,2018년 6월 20일 23시,수요일,강원도 횡성군 횡성읍,경상사고,0,0,1,0,차대사람 - 차도통행중,안전운전불이행,건조,맑음,교차로 - 교차로안,승용,남,64세,상해없음,보행자,남,15세,경상
2018062100100006,2018년 6월 21일 00시,목요일,강원도 홍천군 서면,부상신고사고,0,0,0,2,차대차 - 추돌,안전거리미확보,건조,맑음,교차로 - 교차로안,화물,남,24세,상해없음,승용,남,35세,부상신고
2018062100100036,2018년 6월 21일 03시,목요일,강원도 원주시 무실동,경상사고,0,0,1,0,차대차 - 측면충돌,신호위반,건조,맑음,교차로 - 교차로안,승용,남,34세,상해없음,승용,남,56세,경상
2018062100100040,2018년 6월 21일 04시,목요일,강원도 강릉시 교동,경상사고,0,0,3,0,차대차 - 측면충돌,안전운전불이행,건조,맑음,단일로 - 기타,화물,남,53세,경상,승용,남,28세,경상
2018062100100113,2018년 6월 21일 08시,목요일,강원도 춘천시 석사동,중상사고,0,1,0,0,차대사람 - 기타,안전운전불이행,건조,맑음,교차로 - 교차로부근,승용,여,48세,상해없음,보행자,남,83세,중상
2018062100100114,2018년 6월 21일 08시,목요일,강원도 원주시 단계동,경상사고,0,0,1,0,차대차 - 측면충돌,차로위반,건조,맑음,단일로 - 기타,건설기계,남,72세,상해없음,승용,남,59세,경상
2018062100100143,2018년 6월 21일 09시,목요일,강원도 춘천시 석사동,경상사고,0,0,1,0,차대차 - 기타,안전운전불이행,건조,맑음,단일로 - 기타,승용,남,78세,상해없음,승용,남,56세,경상
2018062100100213,2018년 6월 21일 11시,목요일,강원도 삼척시 미로면,중상사고,0,1,0,0,차대사람 - 횡단중,안전운전불이행,건조,맑음,단일로 - 기타,승용,남,33세,상해없음,보행자,남,64세,중상
2018062100100244,2018년 6월 21일 12시,목요일,강원도 강릉시 사천면,경상사고,0,0,1,0,차대사람 - 기타,안전운전불이행,건조,맑음,단일로 - 기타,승합,남,55세,상해없음,보행자,여,75세,경상
2018062100100245,2018년 6월 21일 12시,목요일,강원도 원주시 태장동,중상사고,0,2,1,0,차대차 - 측면충돌,교차로운행방법위반,건조,맑음,교차로 - 교차로안,승합,남,55세,상해없음,승용,남,56세,상해없음
2018062100100246,2018년 6월 21일 12시,목요일,강원도 동해시 삼화동,경상사고,0,0,1,0,차대차 - 측면충돌,교차로운행방법위반,건조,맑음,교차로 - 교차로안,건설기계,남,65세,상해없음,건설기계,남,40세,경상
2018062100100321,2018년 6월 21일 15시,목요일,강원도 원주시 태장동,경상사고,0,0,2,0,차대차 - 측면충돌,직진우회전진행방해,건조,맑음,교차로 - 교차로부근,승용,여,21세,경상,승용,여,38세,경상
2018062100100322,2018년 6월 21일 15시,목요일,강원도 홍천군 화촌면,사망사고,1,0,0,0,차대차 - 정면충돌,중앙선침범,건조,맑음,단일로 - 기타,승용,여,52세,사망,화물,남,69세,상해없음
2018062100100323,2018년 6월 21일 15시,목요일,강원도 동해시 망상동,중상사고,0,1,1,0,차대차 - 추돌,안전운전불이행,건조,맑음,교차로 - 교차로부근,이륜,남,35세,중상,승용,여,42세,경상
2018062100100364,2018년 6월 21일 16시,목요일,강원도 원주시 단계동,부상신고사고,0,0,0,1,차대차 - 기타,안전운전불이행,건조,맑음,단일로 - 기타,화물,남,71세,상해없음,승용,여,25세,부상신고
2018062100100365,2018년 6월 21일 16시,목요일,강원도 고성군 토성면,경상사고,0,0,3,0,차대차 - 추돌,안전운전불이행,건조,맑음,기타 - 기타,승용,남,55세,경상,승용,남,27세,상해없음
2018062100100478,2018년 6월 21일 18시,목요일,강원도 춘천시 동산면,중상사고,0,2,0,0,차대차 - 정면충돌,교차로운행방법위반,건조,맑음,교차로 - 교차로안,승용,남,62세,상해없음,승용,여,49세,중상
2018062100100479,2018년 6월 21일 18시,목요일,강원도 원주시 명륜동,경상사고,0,0,1,0,차대사람 - 길가장자리구역통행중,안전운전불이행,건조,맑음,단일로 - 기타,화물,남,60세,상해없음,보행자,남,47세,경상
2018062100100480,2018년 6월 21일 18시,목요일,강원도 원주시 평원동,경상사고,0,0,1,0,차대차 - 측면충돌,직진우회전진행방해,건조,맑음,교차로 - 교차로안,승용,여,48세,상해없음,이륜,남,17세,경상
2018062100100481,2018년 6월 21일 18시,목요일,강원도 고성군 토성면,경상사고,0,0,1,0,차대차 - 측면충돌,교차로운행방법위반,건조,맑음,교차로 - 교차로안,승용,남,52세,상해없음,승용,남,59세,경상
2018062100100482,2018년 6월 21일 18시,목요일,강원도 강릉시 구정면,경상사고,0,0,2,0,차대차 - 기타,안전운전불이행,건조,맑음,단일로 - 기타,기타불명,기타불명,기타불명,기타불명,승용,남,24세,경상
2018062100100557,2018년 6월 21일 20시,목요일,강원도 인제군 기린면,중상사고,0,1,0,0,차대사람 - 횡단중,안전운전불이행,건조,맑음,단일로 - 기타,승용,남,42세,상해없음,보행자,남,10세,중상
2018062100100586,2018년 6월 21일 21시,목요일,강원도 양양군 양양읍,경상사고,0,0,1,0,차대차 - 추돌,안전운전불이행,건조,맑음,교차로 - 교차로부근,승용,남,45세,상해없음,승용,남,28세,경상
2018062100100624,2018년 6월 21일 22시,목요일,강원도 강릉시 성남동,경상사고,0,0,1,0,차대사람 - 길가장자리구역통행중,안전운전불이행,건조,맑음,단일로 - 기타,승용,남,25세,상해없음,보행자,남,74세,경상
2018062200100009,2018년 6월 22일 00시,금요일,강원도 강릉시 성남동,중상사고,0,1,0,0,차대사람 - 기타,안전운전불이행,건조,맑음,단일로 - 기타,승용,남,65세,상해없음,보행자,남,60세,중상
2018062200100020,2018년 6월 22일 01시,금요일,강원도 원주시 호저면,중상사고,0,1,0,0,차대차 - 측면충돌,교차로운행방법위반,건조,맑음,교차로 - 교차로안,승용,남,50세,상해없음,화물,남,53세,상해없음
2018062200100029,2018년 6월 22일 02시,금요일,강원도 춘천시 소양로1가,경상사고,0,0,1,0,차량단독 - 공작물충돌,안전운전불이행,건조,맑음,단일로 - 기타,승용,남,25세,경상,,,,
2018062200100073,2018년 6월 22일 06시,금요일,강원도 춘천시 후평동,경상사고,0,0,1,0,차대차 - 기타,신호위반,건조,맑음,교차로 - 교차로안,이륜,남,56세,상해없음,승용,여,57세,경상
2018062200100093,2018년 6월 22일 07시,금요일,강원도 춘천시 후평동,중상사고,0,1,0,0,차대차 - 기타,안전운전불이행,건조,맑음,교차로 - 교차로안,화물,남,64세,상해없음,자전거,남,17세,중상
2018062200100142,2018년 6월 22일 08시,금요일,강원도 속초시 교동,중상사고,0,1,0,0,차대사람 - 횡단중,신호위반,건조,맑음,교차로 - 교차로안,승용,여,48세,상해없음,보행자,여,62세,중상
2018062200100236,2018년 6월 22일 11시,금요일,강원도 횡성군 횡성읍,중상사고,0,1,0,0,차대사람 - 보도통행중,기타,건조,맑음,단일로 - 기타,승용,여,50세,상해없음,보행자,남,61세,중상
2018062200100346,2018년 6월 22일 14시,금요일,강원도 춘천시 조양동,경상사고,0,0,2,0,차대차 - 측면충돌,교차로운행방법위반,건조,맑음,교차로 - 교차로안,승용,여,21세,기타불명,승용,남,52세,경상
2018062200100347,2018년 6월 22일 14시,금요일,강원도 춘천시 퇴계동,경상사고,0,0,1,0,차대차 - 기타,교차로운행방법위반,건조,맑음,교차로 - 교차로안,승용,남,43세,상해없음,화물,남,48세,경상
2018062200100348,2018년 6월 22일 14시,금요일,강원도 삼척시 남양동,경상사고,0,0,1,0,차대차 - 후진중충돌,안전운전불이행,건조,맑음,교차로 - 교차로부근,승용,여,66세,상해없음,승용,남,42세,상해없음
2018062200100349,2018년 6월 22일 14시,금요일,강원도 영월군 영월읍,경상사고,0,0,1,0,차대차 - 측면충돌,중앙선침범,건조,맑음,단일로 - 지하차도(도로)내,승용,남,70세,상해없음,이륜,남,81세,경상
2018062200100385,2018년 6월 22일 15시,금요일,강원도 원주시 문막읍,중상사고,0,1,0,0,차대차 - 기타,안전운전불이행,건조,맑음,단일로 - 기타,승용,남,62세,상해없음,자전거,남,12세,중상
2018062200100386,2018년 6월 22일 15시,금요일,강원도 원주시 행구동,경상사고,0,0,1,0,차대차 - 측면충돌,안전운전불이행,건조,맑음,교차로 - 교차로안,승용,남,36세,상해없음,승용,여,54세,경상
2018062200100387,2018년 6월 22일 15시,금요일,강원도 속초시 조양동,중상사고,0,1,2,0,차대차 - 추돌,안전운전불이행,건조,맑음,교차로 - 교차로부근,승용,여,45세,상해없음,승용,남,67세,중상
2018062200100440,2018년 6월 22일 16시,금요일,강원도 춘천시 퇴계동,경상사고,0,0,1,0,차대차 - 추돌,신호위반,건조,맑음,교차로 - 교차로안,자전거,남,15세,경상,승용,여,67세,상해없음
2018062200100495,2018년 6월 22일 17시,금요일,강원도 강릉시 교동,경상사고,0,0,1,0,차대차 - 측면충돌,안전운전불이행,건조,맑음,교차로 - 교차로안,승용,남,76세,상해없음,승용,여,41세,경상
2018062200100496,2018년 6월 22일 17시,금요일,강원도 정선군 정선읍,중상사고,0,1,0,0,차대차 - 측면충돌,안전운전불이행,건조,맑음,교차로 - 교차로안,화물,남,54세,상해없음,이륜,남,73세,중상
2018062200100497,2018년 6월 22일 17시,금요일,강원도 고성군 거진읍,중상사고,0,1,1,0,차대차 - 측면충돌,안전운전불이행,건조,맑음,교차로 - 교차로부근,화물,남,70세,상해없음,이륜,남,75세,경상
2018062200100554,2018년 6월 22일 18시,금요일,강원도 춘천시 동내면,중상사고,0,2,3,2,차대차 - 추돌,안전거리미확보,건조,맑음,기타 - 기타,승합,남,49세,상해없음,승용,남,25세,중상
2018062200100602,2018년 6월 22일 19시,금요일,강원도 춘천시 석사동,중상사고,0,1,0,0,차대차 - 측면충돌,안전운전불이행,건조,맑음,교차로 - 교차로안,화물,남,66세,상해없음,이륜,남,51세,중상
2018062200100603,2018년 6월 22일 19시,금요일,강원도 동해시 효가동,경상사고,0,0,3,0,차대차 - 측면충돌,교차로운행방법위반,건조,맑음,교차로 - 교차로안,승용,남,38세,상해없음,승용,여,40세,경상
2018062200100649,2018년 6월 22일 20시,금요일,강원도 춘천시 조양동,경상사고,0,0,1,0,차대차 - 기타,직진우회전진행방해,건조,맑음,교차로 - 교차로안,승용,남,50세,상해없음,이륜,남,19세,경상
2018062200100650,2018년 6월 22일 20시,금요일,강원도 춘천시 사농동,경상사고,0,0,1,0,차대차 - 측면충돌,안전운전불이행,건조,맑음,단일로 - 기타,승용,여,63세,상해없음,자전거,여,62세,경상
2018062200100651,2018년 6월 22일 20시,금요일,강원도 고성군 토성면,중상사고,0,1,1,0,차대차 - 추돌,안전운전불이행,건조,맑음,교차로 - 교차로부근,승용,여,70세,상해없음,승용,남,43세,중상
2018062200100694,2018년 6월 22일 21시,금요일,강원도 평창군 진부면,경상사고,0,0,1,0,차량단독 - 공작물충돌,안전운전불이행,건조,맑음,교차로 - 교차로부근,승용,남,61세,경상,,,,
2018062200100730,2018년 6월 22일 22시,금요일,강원도 원주시 흥업면,경상사고,0,0,1,0,차대차 - 추돌,안전운전불이행,건조,맑음,교차로 - 교차로부근,승용,남,57세,상해없음,화물,남,59세,경상
2018062200100756,2018년 6월 22일 23시,금요일,강원도 춘천시 사농동,경상사고,0,0,1,0,차대차 - 측면충돌,신호위반,건조,맑음,교차로 - 교차로안,승용,여,56세,상해없음,승용,여,32세,경상
2018062300100050,2018년 6월 23일 02시,토요일,강원도 원주시 단구동,경상사고,0,0,1,0,차대사람 - 기타,안전운전불이행,건조,맑음,단일로 - 기타,승용,남,54세,상해없음,보행자,여,42세,경상
2018062300100094,2018년 6월 23일 06시,토요일,강원도 춘천시 소양로4가,경상사고,0,0,1,1,차대차 - 기타,안전거리미확보,건조,맑음,단일로 - 기타,승용,남,31세,경상,승용,남,32세,부상신고
2018062300100105,2018년 6월 23일 07시,토요일,강원도 속초시 장사동,경상사고,0,0,2,0,차대차 - 추돌,안전운전불이행,건조,맑음,단일로 - 기타,승용,남,42세,상해없음,승용,남,45세,경상
2018062300100106,2018년 6월 23일 07시,토요일,강원도 고성군 토성면,경상사고,0,0,2,1,차대차 - 추돌,안전운전불이행,건조,맑음,교차로 - 교차로부근,승용,남,22세,부상신고,승용,남,56세,경상
2018062300100119,2018년 6월 23일 08시,토요일,강원도 춘천시 석사동,경상사고,0,0,2,0,차대차 - 측면충돌,안전거리미확보,건조,맑음,단일로 - 기타,승용,여,29세,상해없음,승용,남,52세,경상
2018062300100142,2018년 6월 23일 09시,토요일,강원도 춘천시 소양로1가,경상사고,0,0,1,0,차대차 - 측면충돌,안전운전불이행,건조,맑음,단일로 - 기타,화물,남,60세,상해없음,자전거,남,79세,경상
2018062300100143,2018년 6월 23일 09시,토요일,강원도 원주시 신림면,중상사고,0,1,0,0,차대차 - 측면충돌,교차로운행방법위반,건조,맑음,교차로 - 교차로안,건설기계,남,49세,상해없음,자전거,남,85세,중상
2018062300100170,2018년 6월 23일 10시,토요일,강원도 춘천시 죽림동,경상사고,0,0,1,0,차대사람 - 횡단중,신호위반,건조,맑음,단일로 - 기타,승용,남,58세,상해없음,보행자,여,78세,경상
2018062300100171,2018년 6월 23일 10시,토요일,강원도 고성군 거진읍,경상사고,0,0,5,0,차대차 - 추돌,안전운전불이행,건조,맑음,교차로 - 교차로안,화물,남,72세,상해없음,승합,남,66세,경상
2018062300100172,2018년 6월 23일 10시,토요일,강원도 동해시 천곡동,경상사고,0,0,2,0,차대차 - 기타,안전운전불이행,건조,맑음,교차로 - 교차로부근,승용,남,65세,상해없음,승용,남,57세,경상
2018062300100209,2018년 6월 23일 11시,토요일,강원도 강릉시 입암동,경상사고,0,0,1,0,차대차 - 추돌,안전운전불이행,건조,맑음,단일로 - 기타,화물,남,55세,상해없음,이륜,남,45세,경상
2018062300100210,2018년 6월 23일 11시,토요일,강원도 원주시 반곡동,경상사고,0,0,1,0,차대사람 - 길가장자리구역통행중,안전운전불이행,건조,맑음,단일로 - 기타,화물,남,64세,상해없음,보행자,여,8세,경상
2018062300100211,2018년 6월 23일 11시,토요일,강원도 고성군 간성읍,경상사고,0,0,4,0,차대차 - 측면충돌,교차로운행방법위반,건조,맑음,교차로 - 교차로안,승용,남,26세,상해없음,승용,남,53세,경상
2018062300100212,2018년 6월 23일 11시,토요일,강원도 동해시 천곡동,경상사고,0,0,4,0,차대차 - 측면충돌,안전운전불이행,건조,맑음,교차로 - 교차로안,승용,여,38세,상해없음,승용,여,43세,경상
2018062300100300,2018년 6월 23일 13시,토요일,강원도 원주시 우산동,경상사고,0,0,3,0,차대차 - 측면충돌,안전운전불이행,건조,맑음,교차로 - 교차로안,승용,여,56세,상해없음,승용,여,51세,경상
2018062300100331,2018년 6월 23일 14시,토요일,강원도 춘천시 퇴계동,경상사고,0,0,5,0,차대차 - 측면충돌,교차로운행방법위반,건조,맑음,교차로 - 교차로안,승용,남,45세,상해없음,승용,남,40세,경상
2018062300100401,2018년 6월 23일 16시,토요일,강원도 원주시 판부면,경상사고,0,0,2,0,차대차 - 측면충돌,안전운전불이행,건조,맑음,단일로 - 기타,화물,남,52세,상해없음,승용,여,39세,경상
2018062300100402,2018년 6월 23일 16시,토요일,강원도 홍천군 홍천읍,중상사고,0,1,0,0,차대사람 - 기타,안전운전불이행,건조,맑음,주차장 - 주차장,승용,여,54세,상해없음,보행자,남,24세,중상
2018062300100462,2018년 6월 23일 18시,토요일,강원도 원주시 단구동,경상사고,0,0,1,0,차대차 - 측면충돌,안전운전불이행,건조,맑음,단일로 - 기타,승용,여,46세,상해없음,자전거,남,9세,경상
2018062300100463,2018년 6월 23일 18시,토요일,강원도 화천군 하남면,중상사고,0,1,0,0,차대사람 - 기타,안전운전불이행,건조,맑음,기타 - 기타,승용,여,64세,상해없음,보행자,여,77세,중상
2018062300100488,2018년 6월 23일 19시,토요일,강원도 속초시 중앙동,사망사고,1,0,0,0,차대차 - 측면충돌,안전운전불이행,건조,맑음,단일로 - 지하차도(도로)내,화물,남,61세,사망,승용,남,32세,상해없음
2018062300100572,2018년 6월 23일 22시,토요일,강원도 강릉시 옥천동,경상사고,0,0,2,0,차대차 - 추돌,안전거리미확보,건조,맑음,교차로 - 교차로부근,승용,남,25세,상해없음,승용,남,42세,경상
2018062400100008,2018년 6월 24일 00시,일요일,강원도 횡성군 횡성읍,경상사고,0,0,1,0,차대사람 - 횡단중,안전운전불이행,건조,맑음,교차로 - 교차로안,화물,남,46세,상해없음,보행자,남,63세,경상
2018062400100038,2018년 6월 24일 02시,일요일,강원도 원주시 단구동,경상사고,0,0,1,0,차대차 - 측면충돌,안전운전불이행,건조,맑음,교차로 - 교차로부근,승용,남,23세,상해없음,승용,남,45세,경상
2018062400100069,2018년 6월 24일 05시,일요일,강원도 춘천시 동면,경상사고,0,0,2,0,차대차 - 추돌,안전운전불이행,건조,맑음,교차로 - 교차로부근,승용,남,58세,상해없음,승용,남,21세,경상
2018062400100081,2018년 6월 24일 06시,일요일,강원도 원주시 원동,중상사고,0,3,0,0,차대사람 - 횡단중,안전운전불이행,건조,맑음,단일로 - 기타,이륜,남,18세,중상,보행자,여,67세,중상
2018062400100091,2018년 6월 24일 07시,일요일,강원도 춘천시 온의동,부상신고사고,0,0,0,1,차대차 - 측면충돌,교차로운행방법위반,건조,맑음,교차로 - 교차로안,승합,남,31세,상해없음,승용,남,73세,부상신고
2018062400100103,2018년 6월 24일 08시,일요일,강원도 원주시 소초면,경상사고,0,0,1,0,차대차 - 추돌,안전운전불이행,건조,맑음,단일로 - 기타,화물,남,29세,상해없음,승용,남,30세,경상
2018062400100131,2018년 6월 24일 10시,일요일,강원도 평창군 진부면,중상사고,0,2,1,0,차대차 - 추돌,안전운전불이행,건조,맑음,교차로 - 교차로안,이륜,남,37세,중상,승용,남,42세,중상
2018062400100151,2018년 6월 24일 11시,일요일,강원도 춘천시 퇴계동,경상사고,0,0,1,0,차대차 - 측면충돌,신호위반,건조,맑음,교차로 - 교차로횡단보도내,승용,남,58세,상해없음,자전거,남,79세,경상
2018062400100170,2018년 6월 24일 12시,일요일,강원도 양양군 손양면,경상사고,0,0,2,0,차대차 - 측면충돌,불법유턴,건조,맑음,기타 - 기타,승용,남,23세,상해없음,화물,남,38세,경상
2018062400100171,2018년 6월 24일 12시,일요일,강원도 인제군 북면,중상사고,0,1,0,0,차대차 - 측면충돌,안전운전불이행,건조,맑음,교차로 - 교차로안,승용,남,35세,상해없음,이륜,남,23세,중상
2018062400100220,2018년 6월 24일 14시,일요일,강원도 삼척시 정하동,부상신고사고,0,0,0,1,차대차 - 추돌,안전운전불이행,건조,맑음,교차로 - 교차로안,자전거,남,50세,부상신고,승용,남,36세,상해없음
2018062400100244,2018년 6월 24일 15시,일요일,강원도 강릉시 강동면,경상사고,0,0,2,0,차대차 - 측면충돌,안전운전불이행,건조,맑음,교차로 - 교차로안,승용,남,60세,상해없음,승용,여,30세,경상
2018062400100273,2018년 6월 24일 16시,일요일,강원도 춘천시 동면,경상사고,0,0,1,0,차대차 - 기타,신호위반,건조,맑음,교차로 - 교차로안,승용,남,24세,상해없음,화물,남,47세,경상
2018062400100274,2018년 6월 24일 16시,일요일,강원도 춘천시 우두동,경상사고,0,0,1,0,차대차 - 측면충돌,기타,건조,맑음,단일로 - 기타,승용,남,61세,상해없음,자전거,남,73세,경상
2018062400100304,2018년 6월 24일 17시,일요일,강원도 평창군 대화면,경상사고,0,0,1,0,차대차 - 기타,안전운전불이행,기타,맑음,단일로 - 기타,이륜,남,34세,경상,승합,여,50세,상해없음
2018062400100305,2018년 6월 24일 17시,일요일,강원도 평창군 용평면,중상사고,0,1,0,0,차량단독 - 전도전복 - 전도,안전운전불이행,건조,맑음,단일로 - 기타,화물,남,72세,상해없음,미분류,미분류,미분류,미분류
2018062400100335,2018년 6월 24일 18시,일요일,강원도 춘천시 석사동,경상사고,0,0,1,0,차대차 - 후진중충돌,안전운전불이행,건조,맑음,단일로 - 기타,승용,남,51세,상해없음,이륜,남,37세,경상
2018062400100336,2018년 6월 24일 18시,일요일,강원도 춘천시 후평동,경상사고,0,0,2,0,차대차 - 추돌,안전운전불이행,건조,맑음,교차로 - 교차로부근,승용,남,58세,기타불명,승용,남,36세,경상
2018062400100337,2018년 6월 24일 18시,일요일,강원도 평창군 대관령면,중상사고,0,1,0,0,차대차 - 측면충돌,안전운전불이행,건조,맑음,교차로 - 교차로안,화물,남,50세,상해없음,이륜,남,68세,중상
2018062400100338,2018년 6월 24일 18시,일요일,강원도 태백시 황지동,중상사고,0,2,2,0,차대차 - 측면충돌,교차로운행방법위반,건조,맑음,교차로 - 교차로안,승용,남,53세,중상,승용,남,52세,중상
2018062400100369,2018년 6월 24일 19시,일요일,강원도 원주시 학성동,경상사고,0,0,2,0,차대차 - 측면충돌,안전운전불이행,건조,맑음,단일로 - 기타,승용,남,66세,상해없음,승용,여,54세,경상
2018062400100432,2018년 6월 24일 22시,일요일,강원도 원주시 우산동,경상사고,0,0,1,0,차대차 - 추돌,안전거리미확보,건조,맑음,교차로 - 교차로안,이륜,남,20세,상해없음,승용,남,46세,경상
2018062400100433,2018년 6월 24일 22시,일요일,강원도 속초시 교동,경상사고,0,0,1,0,차대사람 - 기타,안전운전불이행,건조,맑음,단일로 - 기타,승용,남,53세,상해없음,보행자,여,25세,경상
2018062400100445,2018년 6월 24일 23시,일요일,강원도 원주시 행구동,부상신고사고,0,0,0,1,차대차 - 측면충돌,신호위반,건조,맑음,교차로 - 교차로안,승용,여,55세,상해없음,승용,남,48세,부상신고
2018062400100446,2018년 6월 24일 23시,일요일,강원도 춘천시 남면,중상사고,0,1,0,0,차량단독 - 기타,안전운전불이행,건조,맑음,기타 - 기타,승합,남,62세,중상,,,,
2018062500100059,2018년 6월 25일 06시,월요일,강원도 강릉시 교동,경상사고,0,0,1,0,차대차 - 측면충돌,신호위반,건조,맑음,교차로 - 교차로안,승용,남,56세,상해없음,승용,남,46세,경상
2018062500100117,2018년 6월 25일 08시,월요일,강원도 원주시 판부면,경상사고,0,0,1,0,차대차 - 측면충돌,안전운전불이행,건조,맑음,교차로 - 교차로안,승용,여,44세,상해없음,승용,여,44세,경상
2018062500100118,2018년 6월 25일 08시,월요일,강원도 평창군 평창읍,경상사고,0,0,2,0,차대차 - 추돌,안전운전불이행,건조,맑음,단일로 - 기타,승용,남,47세,상해없음,승용,남,50세,경상
2018062500100159,2018년 6월 25일 09시,월요일,강원도 고성군 거진읍,경상사고,0,0,2,0,차대사람 - 기타,안전운전불이행,건조,맑음,기타 - 기타,승용,여,54세,상해없음,보행자,남,59세,경상
2018062500100187,2018년 6월 25일 10시,월요일,강원도 원주시 문막읍,경상사고,0,0,1,0,차대차 - 측면충돌,직진우회전진행방해,건조,맑음,교차로 - 교차로안,승용,남,68세,상해없음,화물,남,62세,경상
2018062500100227,2018년 6월 25일 11시,월요일,강원도 원주시 단구동,부상신고사고,0,0,0,1,차대차 - 측면충돌,직진우회전진행방해,젖음/습기,비,교차로 - 교차로안,승용,남,75세,상해없음,승용,남,47세,부상신고
2018062500100228,2018년 6월 25일 11시,월요일,강원도 삼척시 하장면,경상사고,0,0,1,0,차대차 - 측면충돌,중앙선침범,건조,맑음,단일로 - 기타,화물,남,49세,상해없음,건설기계,남,36세,경상
2018062500100269,2018년 6월 25일 12시,월요일,강원도 강릉시 포남동,경상사고,0,0,2,0,차대차 - 추돌,안전운전불이행,건조,맑음,교차로 - 교차로부근,승합,남,35세,상해없음,승용,남,66세,상해없음
2018062500100270,2018년 6월 25일 12시,월요일,강원도 양구군 방산면,중상사고,0,1,2,0,차량단독 - 공작물충돌,안전운전불이행,건조,맑음,단일로 - 기타,승용,남,29세,상해없음,,,,
2018062500100311,2018년 6월 25일 13시,월요일,강원도 삼척시 근덕면,경상사고,0,0,1,0,차대차 - 측면충돌,직진우회전진행방해,건조,맑음,교차로 - 교차로안,승용,남,30세,상해없음,승용,남,46세,경상
2018062500100312,2018년 6월 25일 13시,월요일,강원도 홍천군 남면,경상사고,0,0,1,0,차대차 - 추돌,안전거리미확보,건조,맑음,단일로 - 기타,건설기계,남,54세,상해없음,화물,남,64세,경상
2018062500100313,2018년 6월 25일 13시,월요일,강원도 정선군 임계면,중상사고,0,1,0,0,차대차 - 측면충돌,중앙선침범,건조,맑음,교차로 - 교차로부근,승용,남,66세,상해없음,이륜,남,83세,중상
2018062500100399,2018년 6월 25일 15시,월요일,강원도 춘천시 신북읍,중상사고,0,2,1,0,차대차 - 측면충돌,안전거리미확보,건조,맑음,단일로 - 기타,승용,남,20세,상해없음,승용,여,23세,경상
2018062500100400,2018년 6월 25일 15시,월요일,강원도 원주시 문막읍,경상사고,0,0,1,0,차대차 - 측면충돌,안전운전불이행,건조,맑음,교차로 - 교차로부근,기타불명,기타불명,미분류,기타불명,승용,여,41세,경상
2018062500100401,2018년 6월 25일 15시,월요일,강원도 원주시 학성동,중상사고,0,1,0,1,차대차 - 후진중충돌,안전운전불이행,건조,맑음,주차장 - 주차장,승용,남,56세,부상신고,승용,남,29세,중상
2018062500100450,2018년 6월 25일 16시,월요일,강원도 춘천시 동면,경상사고,0,0,3,0,차대차 - 측면충돌,중앙선침범,건조,맑음,단일로 - 기타,승용,남,31세,상해없음,화물,남,36세,경상
2018062500100492,2018년 6월 25일 17시,월요일,강원도 원주시 무실동,경상사고,0,0,1,0,차대차 - 측면충돌,안전운전불이행,건조,맑음,단일로 - 기타,승용,남,33세,상해없음,자전거,여,10세,경상
2018062500100639,2018년 6월 25일 21시,월요일,강원도 원주시 귀래면,중상사고,0,1,0,0,차대사람 - 횡단중,안전운전불이행,건조,맑음,단일로 - 기타,화물,여,53세,상해없음,보행자,남,66세,중상
2018062500100640,2018년 6월 25일 21시,월요일,강원도 속초시 대포동,중상사고,0,1,0,0,차대사람 - 횡단중,안전운전불이행,건조,맑음,단일로 - 지하차도(도로)내,승용,남,56세,상해없음,보행자,남,3세,중상
2018062600100009,2018년 6월 26일 00시,화요일,강원도 속초시 교동,경상사고,0,0,4,0,차대차 - 기타,신호위반,건조,맑음,교차로 - 교차로안,승합,남,59세,경상,승용,남,41세,경상
2018062600100137,2018년 6월 26일 08시,화요일,강원도 춘천시 소양로3가,중상사고,0,1,0,0,차대사람 - 횡단중,안전운전불이행,젖음/습기,비,단일로 - 기타,승용,남,35세,상해없음,보행자,여,48세,중상
2018062600100138,2018년 6월 26일 08시,화요일,강원도 강릉시 포남동,경상사고,0,0,2,0,차대차 - 측면충돌,안전운전불이행,젖음/습기,비,교차로 - 교차로안,승용,남,83세,상해없음,승용,여,50세,경상
2018062600100217,2018년 6월 26일 10시,화요일,강원도 원주시 무실동,경상사고,0,0,1,0,차대차 - 측면충돌,안전운전불이행,젖음/습기,비,교차로 - 교차로안,승용,남,57세,상해없음,승용,여,52세,경상
2018062600100218,2018년 6월 26일 10시,화요일,강원도 삼척시 하장면,중상사고,0,1,0,0,차대차 - 정면충돌,중앙선침범,젖음/습기,비,단일로 - 기타,승용,남,58세,기타불명,화물,여,54세,중상
2018062600100219,2018년 6월 26일 10시,화요일,강원도 화천군 간동면,중상사고,0,1,0,0,차대사람 - 기타,안전운전불이행,젖음/습기,비,교차로 - 교차로부근,승용,남,36세,상해없음,보행자,남,70세,중상