사고번호,사고일시,요일,시군구,사고내용,사망자수,중상자수,경상자수,부상신고자수,사고유형,법규위반,노면상태,기상상태,도로형태,가해운전자 차종,가해운전자 성별,가해운전자 연령,가해운전자 상해정도,피해운전자 차종,피해운전자 성별,피해운전자 연령,피해운전자 상해정도
2018062600100276,2018년 6월 26일 12시,화요일,강원도 원주시 명륜동,경상사고,0,0,1,0,차대차 - 기타,교차로운행방법위반,건조,맑음,교차로 - 교차로안,승용,남,33세,상해없음,승용,남,48세,경상
2018062600100303,2018년 6월 26일 13시,화요일,강원도 태백시 황지동,경상사고,0,0,4,0,차대차 - 추돌,안전운전불이행,젖음/습기,비,교차로 - 교차로부근,승용,남,65세,상해없음,승용,여,46세,경상
2018062600100326,2018년 6월 26일 14시,화요일,강원도 춘천시 온의동,경상사고,0,0,1,0,차대차 - 측면충돌,교차로운행방법위반,젖음/습기,비,교차로 - 교차로부근,승용,여,58세,상해없음,승합,남,54세,상해없음
2018062600100361,2018년 6월 26일 15시,화요일,강원도 춘천시 근화동,중상사고,0,1,1,1,차대차 - 측면충돌,안전운전불이행,건조,맑음,교차로 - 교차로안,승용,남,33세,부상신고,승용,남,53세,경상
2018062600100362,2018년 6월 26일 15시,화요일,강원도 강릉시 입암동,경상사고,0,0,1,0,차대사람 - 기타,안전운전불이행,건조,맑음,교차로 - 교차로횡단보도내,승용,여,36세,상해없음,보행자,여,54세,경상
2018062600100363,2018년 6월 26일 15시,화요일,강원도 원주시 개운동,중상사고,0,3,0,0,차대차 - 추돌,안전운전불이행,건조,맑음,주차장 - 주차장,승용,남,60세,상해없음,승용,여,44세,중상
2018062600100364,2018년 6월 26일 15시,화요일,강원도 원주시 흥업면,경상사고,0,0,5,0,차량단독 - 공작물충돌,안전운전불이행,젖음/습기,비,단일로 - 기타,승합,남,51세,상해없음,,,,
2018062600100394,2018년 6월 26일 16시,화요일,강원도 원주시 단계동,경상사고,0,0,1,0,차대차 - 추돌,안전거리미확보,건조,맑음,단일로 - 기타,승용,남,66세,상해없음,승용,남,39세,경상
2018062600100395,2018년 6월 26일 16시,화요일,강원도 삼척시 원덕읍,중상사고,0,1,1,0,차대차 - 정면충돌,중앙선침범,젖음/습기,비,단일로 - 기타,승용,남,57세,기타불명,승용,여,25세,중상
2018062600100615,2018년 6월 26일 22시,화요일,강원도 춘천시 퇴계동,중상사고,0,1,0,0,차대사람 - 보도통행중,안전운전불이행,젖음/습기,비,단일로 - 기타,승용,여,50세,상해없음,보행자,여,38세,중상
2018062600100616,2018년 6월 26일 22시,화요일,강원도 춘천시 후평동,경상사고,0,0,1,0,차대차 - 정면충돌,안전운전불이행,젖음/습기,맑음,교차로 - 교차로부근,승용,남,27세,상해없음,승합,남,44세,경상
2018062600100637,2018년 6월 26일 23시,화요일,강원도 춘천시 우두동,경상사고,0,0,1,0,차대차 - 추돌,안전운전불이행,젖음/습기,비,단일로 - 기타,승용,남,27세,상해없음,승용,남,64세,경상
2018062600100638,2018년 6월 26일 23시,화요일,강원도 원주시 관설동,경상사고,0,0,4,0,차대차 - 측면충돌,안전운전불이행,젖음/습기,비,교차로 - 교차로안,승용,남,43세,상해없음,승용,남,59세,경상
2018062700100108,2018년 6월 27일 08시,수요일,강원도 철원군 김화읍,경상사고,0,0,1,0,차대차 - 정면충돌,기타,건조,맑음,단일로 - 기타,승합,남,59세,상해없음,이륜,남,78세,경상
2018062700100145,2018년 6월 27일 09시,수요일,강원도 원주시 우산동,중상사고,0,1,0,0,차대차 - 측면충돌,교차로운행방법위반,건조,맑음,교차로 - 교차로안,승용,남,46세,상해없음,이륜,남,63세,중상
2018062700100189,2018년 6월 27일 11시,수요일,강원도 강릉시 왕산면,중상사고,0,1,0,0,차대사람 - 기타,중앙선침범,건조,맑음,단일로 - 기타,승용,남,56세,상해없음,보행자,여,58세,중상
2018062700100190,2018년 6월 27일 11시,수요일,강원도 원주시 우산동,경상사고,0,0,2,0,차대차 - 측면충돌,신호위반,건조,맑음,교차로 - 교차로부근,화물,남,58세,상해없음,승용,남,63세,경상
2018062700100216,2018년 6월 27일 12시,수요일,강원도 춘천시 후평동,경상사고,0,0,1,0,차대차 - 측면충돌,안전거리미확보,건조,맑음,단일로 - 기타,승용,남,36세,상해없음,승용,남,66세,상해없음
2018062700100217,2018년 6월 27일 12시,수요일,강원도 횡성군 횡성읍,중상사고,0,3,1,0,차대차 - 추돌,안전운전불이행,건조,맑음,단일로 - 기타,승용,남,68세,상해없음,승용,남,77세,경상
2018062700100232,2018년 6월 27일 13시,수요일,강원도 춘천시 남산면,경상사고,0,0,1,0,차량단독 - 공작물충돌,안전운전불이행,건조,맑음,단일로 - 기타,사륜오토바이(ATV),남,19세,경상,,,,
2018062700100256,2018년 6월 27일 14시,수요일,강원도 홍천군 북방면,경상사고,0,0,1,0,차대차 - 측면충돌,직진우회전진행방해,건조,맑음,교차로 - 교차로안,승용,남,51세,상해없음,이륜,남,44세,경상
2018062700100257,2018년 6월 27일 14시,수요일,강원도 횡성군 우천면,중상사고,0,1,0,0,차대사람 - 기타,안전운전불이행,건조,맑음,주차장 - 주차장,화물,남,36세,상해없음,보행자,남,38세,중상
2018062700100291,2018년 6월 27일 15시,수요일,강원도 인제군 기린면,중상사고,0,2,0,0,차대차 - 기타,안전운전불이행,건조,맑음,주차장 - 주차장,승용,남,70세,중상,승용,남,49세,상해없음
2018062700100324,2018년 6월 27일 16시,수요일,강원도 정선군 사북읍,경상사고,0,0,1,0,차대차 - 기타,안전운전불이행,건조,맑음,교차로 - 교차로부근,승용,남,63세,상해없음,이륜,여,50세,경상
2018062700100362,2018년 6월 27일 17시,수요일,강원도 춘천시 퇴계동,경상사고,0,0,2,0,차대차 - 측면충돌,안전운전불이행,건조,맑음,교차로 - 교차로부근,승용,여,24세,상해없음,승용,여,46세,경상
2018062700100363,2018년 6월 27일 17시,수요일,강원도 원주시 단계동,부상신고사고,0,0,0,1,차대사람 - 횡단중,안전운전불이행,건조,맑음,단일로 - 기타,승합,남,59세,상해없음,보행자,여,27세,부상신고
2018062700100364,2018년 6월 27일 17시,수요일,강원도 동해시 발한동,경상사고,0,0,1,0,차대차 - 측면충돌,교차로운행방법위반,건조,맑음,교차로 - 교차로부근,승용,남,46세,상해없음,승용,여,27세,경상
2018062700100418,2018년 6월 27일 18시,수요일,강원도 원주시 문막읍,중상사고,0,2,2,0,차대차 - 측면충돌,직진우회전진행방해,건조,맑음,교차로 - 교차로안,승합,남,70세,상해없음,승용,남,20세,경상
2018062700100502,2018년 6월 27일 21시,수요일,강원도 춘천시 석사동,경상사고,0,0,1,0,차대차 - 추돌,안전운전불이행,건조,맑음,교차로 - 교차로부근,승용,남,57세,상해없음,승용,남,32세,경상
2018062700100503,2018년 6월 27일 21시,수요일,강원도 춘천시 효자동,경상사고,0,0,1,0,차대차 - 측면충돌,중앙선침범,건조,맑음,교차로 - 교차로부근,이륜,남,23세,경상,승용,남,24세,상해없음
2018062700100504,2018년 6월 27일 21시,수요일,강원도 속초시 교동,경상사고,0,0,1,0,차대차 - 측면충돌,안전운전불이행,건조,맑음,단일로 - 기타,승용,남,61세,상해없음,이륜,남,30세,경상
2018062800100099,2018년 6월 28일 07시,목요일,강원도 춘천시 석사동,경상사고,0,0,4,0,차대차 - 추돌,안전운전불이행,건조,맑음,단일로 - 기타,화물,남,25세,상해없음,승용,여,27세,경상
2018062800100131,2018년 6월 28일 08시,목요일,강원도 양양군 서면,사망사고,1,0,0,0,차대사람 - 횡단중,안전운전불이행,건조,맑음,단일로 - 기타,승용,남,62세,상해없음,보행자,여,80세,사망
2018062800100165,2018년 6월 28일 09시,목요일,강원도 속초시 조양동,경상사고,0,0,2,0,차대차 - 측면충돌,안전운전불이행,건조,맑음,교차로 - 교차로안,승합,남,62세,상해없음,승용,남,30세,경상
2018062800100166,2018년 6월 28일 09시,목요일,강원도 속초시 청학동,중상사고,0,1,1,0,차대차 - 기타,안전운전불이행,건조,맑음,교차로 - 교차로안,승용,여,61세,상해없음,승용,남,61세,경상
2018062800100167,2018년 6월 28일 09시,목요일,강원도 횡성군 청일면,사망사고,1,0,0,0,차대차 - 측면충돌,안전운전불이행,건조,맑음,교차로 - 교차로안,원동기,남,81세,사망,승용,남,61세,상해없음
2018062800100220,2018년 6월 28일 11시,목요일,강원도 춘천시 온의동,경상사고,0,0,1,0,차대차 - 측면충돌,안전운전불이행,건조,맑음,단일로 - 기타,승용,남,60세,상해없음,승합,남,47세,경상
2018062800100263,2018년 6월 28일 13시,목요일,강원도 속초시 교동,중상사고,0,1,0,0,차대차 - 측면충돌,안전운전불이행,건조,맑음,단일로 - 기타,승용,남,76세,상해없음,이륜,남,76세,중상
2018062800100321,2018년 6월 28일 15시,목요일,강원도 삼척시 남양동,경상사고,0,0,1,0,차대차 - 후진중충돌,안전운전불이행,건조,맑음,단일로 - 기타,승용,여,48세,상해없음,이륜,남,19세,경상
2018062800100349,2018년 6월 28일 16시,목요일,강원도 삼척시 원덕읍,경상사고,0,0,4,0,차대차 - 측면충돌,안전운전불이행,건조,맑음,교차로 - 교차로안,승용,여,55세,상해없음,승용,남,34세,경상
2018062800100350,2018년 6월 28일 16시,목요일,강원도 양구군 양구읍,중상사고,0,1,0,0,차대사람 - 차도통행중,안전운전불이행,젖음/습기,비,교차로 - 교차로안,승합,여,29세,상해없음,보행자,여,74세,중상
2018062800100430,2018년 6월 28일 18시,목요일,강원도 속초시 조양동,중상사고,0,2,0,0,차대차 - 측면충돌,직진우회전진행방해,젖음/습기,비,교차로 - 교차로안,승용,남,55세,상해없음,승용,여,45세,중상
2018062800100562,2018년 6월 28일 22시,목요일,강원도 원주시 단계동,경상사고,0,0,1,0,차대차 - 측면충돌,안전운전불이행,젖음/습기,비,교차로 - 교차로부근,승용,남,38세,상해없음,승용,남,50세,경상
2018062800100563,2018년 6월 28일 22시,목요일,강원도 원주시 개운동,중상사고,0,1,0,0,차대차 - 기타,안전운전불이행,젖음/습기,비,단일로 - 기타,승용,남,46세,상해없음,이륜,남,52세,중상
2018062800100564,2018년 6월 28일 22시,목요일,강원도 원주시 단구동,경상사고,0,0,1,0,차대차 - 측면충돌,교차로운행방법위반,건조,맑음,단일로 - 기타,승용,남,66세,상해없음,승용,남,30세,경상
2018062800100565,2018년 6월 28일 22시,목요일,강원도 홍천군 동면,경상사고,0,0,2,0,차량단독 - 도로외이탈 - 추락,안전운전불이행,건조,맑음,교차로 - 교차로안,승용,남,44세,상해없음,,,,
2018062900100008,2018년 6월 29일 00시,금요일,강원도 춘천시 효자동,경상사고,0,0,1,0,차대사람 - 보도통행중,보행자보호의무위반,건조,맑음,교차로 - 교차로안,승용,남,28세,상해없음,보행자,여,64세,경상
2018062900100046,2018년 6월 29일 04시,금요일,강원도 춘천시 남면,사망사고,1,0,1,0,차대차 - 추돌,안전운전불이행,젖음/습기,흐림,기타 - 기타,화물,남,36세,경상,화물,남,62세,상해없음
2018062900100197,2018년 6월 29일 11시,금요일,강원도 원주시 단구동,중상사고,0,1,0,0,차대차 - 측면충돌,안전운전불이행,건조,맑음,교차로 - 교차로안,승용,남,62세,상해없음,승용,여,36세,중상
2018062900100198,2018년 6월 29일 11시,금요일,강원도 원주시 평원동,경상사고,0,0,1,0,차대차 - 측면충돌,안전운전불이행,건조,맑음,교차로 - 교차로부근,승용,남,72세,상해없음,승용,여,52세,상해없음
2018062900100199,2018년 6월 29일 11시,금요일,강원도 인제군 북면,중상사고,0,1,0,0,차량단독 - 도로외이탈 - 추락,안전운전불이행,건조,맑음,단일로 - 기타,승용,남,21세,상해없음,,,,
2018062900100200,2018년 6월 29일 11시,금요일,강원도 동해시 천곡동,경상사고,0,0,1,0,차대차 - 측면충돌,신호위반,건조,맑음,교차로 - 교차로안,승용,남,58세,상해없음,승용,여,46세,경상
2018062900100263,2018년 6월 29일 13시,금요일,강원도 춘천시 동내면,경상사고,0,0,1,0,차대차 - 기타,안전거리미확보,건조,맑음,단일로 - 기타,화물,남,51세,상해없음,승합,남,39세,경상
2018062900100377,2018년 6월 29일 16시,금요일,강원도 삼척시 자원동,경상사고,0,0,2,0,차대차 - 추돌,안전거리미확보,건조,맑음,교차로 - 교차로부근,승용,남,69세,상해없음,승용,남,34세,경상
2018062900100420,2018년 6월 29일 17시,금요일,강원도 인제군 인제읍,중상사고,0,1,0,0,차대사람 - 차도통행중,안전운전불이행,건조,맑음,단일로 - 기타,승용,여,39세,상해없음,보행자,남,12세,중상
2018062900100464,2018년 6월 29일 18시,금요일,강원도 춘천시 후평동,경상사고,0,0,2,0,차대차 - 추돌,안전거리미확보,건조,맑음,교차로 - 교차로안,승용,남,31세,상해없음,승용,남,60세,경상
2018062900100465,2018년 6월 29일 18시,금요일,강원도 원주시 단계동,경상사고,0,0,1,0,차대차 - 측면충돌,교차로운행방법위반,건조,맑음,교차로 - 교차로안,승용,여,59세,상해없음,승용,남,54세,경상
2018062900100466,2018년 6월 29일 18시,금요일,강원도 양양군 양양읍,경상사고,0,0,1,0,차대사람 - 횡단중,중앙선침범,건조,맑음,기타 - 기타,승용,남,50세,상해없음,보행자,남,8세,경상
2018062900100467,2018년 6월 29일 18시,금요일,강원도 삼척시 도계읍,중상사고,0,2,0,0,차대차 - 측면충돌,중앙선침범,건조,맑음,단일로 - 터널,승용,남,66세,중상,승용,여,45세,중상
2018062900100544,2018년 6월 29일 20시,금요일,강원도 양구군 남면,경상사고,0,0,1,0,차대차 - 정면충돌,안전운전불이행,건조,기타,교차로 - 교차로부근,승용,여,55세,상해없음,승용,여,47세,경상
2018062900100573,2018년 6월 29일 21시,금요일,강원도 홍천군 홍천읍,경상사고,0,0,2,0,차대차 - 기타,안전운전불이행,건조,맑음,교차로 - 교차로부근,승용,남,63세,상해없음,승용,여,37세,경상
2018062900100636,2018년 6월 29일 23시,금요일,강원도 원주시 판부면,경상사고,0,0,1,0,차대차 - 측면충돌,교차로운행방법위반,건조,맑음,교차로 - 교차로안,승용,남,35세,상해없음,승용,남,35세,경상
2018063000100115,2018년 6월 30일 08시,토요일,강원도 춘천시 동면,경상사고,0,0,1,0,차대차 - 기타,신호위반,건조,맑음,교차로 - 교차로안,승용,남,83세,상해없음,승용,여,61세,경상
2018063000100130,2018년 6월 30일 09시,토요일,강원도 강릉시 옥천동,경상사고,0,0,2,0,차대차 - 추돌,안전운전불이행,건조,흐림,교차로 - 교차로안,승용,남,64세,상해없음,승용,남,49세,경상
2018063000100155,2018년 6월 30일 10시,토요일,강원도 춘천시 남면,경상사고,0,0,3,0,차대차 - 측면충돌,안전운전불이행,건조,맑음,단일로 - 기타,승용,여,56세,상해없음,승용,남,33세,경상
2018063000100156,2018년 6월 30일 10시,토요일,강원도 원주시 인동,중상사고,0,1,0,0,차대차 - 측면충돌,교차로운행방법위반,건조,맑음,교차로 - 교차로안,승합,남,28세,상해없음,승용,남,58세,중상
2018063000100216,2018년 6월 30일 12시,토요일,강원도 동해시 천곡동,경상사고,0,0,1,0,차대차 - 측면충돌,안전운전불이행,건조,맑음,단일로 - 기타,승용,남,59세,상해없음,승용,여,40세,경상
2018063000100284,2018년 6월 30일 14시,토요일,강원도 춘천시 효자동,경상사고,0,0,1,0,차대차 - 측면충돌,교차로운행방법위반,건조,맑음,교차로 - 교차로횡단보도내,승용,남,59세,상해없음,승용,여,34세,경상
2018063000100285,2018년 6월 30일 14시,토요일,강원도 홍천군 홍천읍,경상사고,0,0,1,0,차량단독 - 공작물충돌,안전운전불이행,건조,맑음,단일로 - 기타,승용,남,27세,상해없음,,,,
2018063000100316,2018년 6월 30일 15시,토요일,강원도 고성군 토성면,경상사고,0,0,1,0,차대차 - 측면충돌,직진우회전진행방해,건조,맑음,주차장 - 주차장,승용,남,63세,상해없음,승용,남,44세,경상
2018063000100346,2018년 6월 30일 16시,토요일,강원도 원주시 단구동,경상사고,0,0,3,0,차대차 - 추돌,안전거리미확보,건조,맑음,단일로 - 기타,화물,남,57세,상해없음,승용,남,25세,경상
2018063000100347,2018년 6월 30일 16시,토요일,강원도 삼척시 교동,경상사고,0,0,1,0,차대사람 - 차도통행중,안전운전불이행,건조,맑음,단일로 - 기타,승용,남,28세,상해없음,보행자,여,79세,경상
2018063000100417,2018년 6월 30일 18시,토요일,강원도 춘천시 우두동,경상사고,0,0,1,0,차대차 - 측면충돌,직진우회전진행방해,건조,맑음,교차로 - 교차로안,승용,남,58세,상해없음,화물,남,49세,경상
2018063000100418,2018년 6월 30일 18시,토요일,강원도 삼척시 정상동,중상사고,0,1,0,0,차대차 - 측면충돌,직진우회전진행방해,건조,맑음,교차로 - 교차로안,승합,남,35세,상해없음,승용,남,60세,중상
2018063000100419,2018년 6월 30일 18시,토요일,강원도 고성군 토성면,경상사고,0,0,1,0,차대차 - 기타,신호위반,건조,맑음,교차로 - 교차로안,승합,남,77세,상해없음,이륜,남,58세,경상
2018063000100440,2018년 6월 30일 19시,토요일,강원도 속초시 장사동,경상사고,0,0,7,0,차대차 - 측면충돌,불법유턴,건조,흐림,교차로 - 교차로안,승용,남,32세,상해없음,승용,남,27세,경상
2018063000100517,2018년 6월 30일 22시,토요일,강원도 원주시 무실동,경상사고,0,0,2,0,차대사람 - 기타,안전운전불이행,건조,맑음,교차로 - 교차로부근,승용,남,38세,상해없음,보행자,남,60세,경상
2018063000100536,2018년 6월 30일 23시,토요일,강원도 강릉시 송정동,중상사고,0,1,1,0,차대사람 - 차도통행중,안전운전불이행,건조,맑음,단일로 - 기타,승용,남,47세,상해없음,보행자,여,43세,경상
2018070100100008,2018년 7월 1일 00시,일요일,강원도 원주시 단구동,경상사고,0,0,1,0,차대차 - 측면충돌,안전운전불이행,건조,맑음,교차로 - 교차로안,승용,남,27세,기타불명,승용,여,64세,경상
2018070100100093,2018년 7월 1일 07시,일요일,강원도 원주시 문막읍,중상사고,0,1,0,0,차대사람 - 기타,안전운전불이행,건조,맑음,단일로 - 기타,화물,남,57세,상해없음,보행자,남,57세,중상
2018070100100107,2018년 7월 1일 08시,일요일,강원도 강릉시 사천면,경상사고,0,0,1,0,차대차 - 측면충돌,안전운전불이행,젖음/습기,비,단일로 - 기타,승용,남,39세,상해없음,승용,남,40세,경상
2018070100100142,2018년 7월 1일 11시,일요일,강원도 동해시 쇄운동,경상사고,0,0,1,0,차대차 - 측면충돌,교차로운행방법위반,젖음/습기,비,교차로 - 교차로안,승용,남,54세,상해없음,화물,남,77세,경상
2018070100100143,2018년 7월 1일 11시,일요일,강원도 춘천시 동산면,경상사고,0,0,4,0,차대차 - 기타,안전운전불이행,젖음/습기,비,기타 - 기타,화물,남,51세,상해없음,승용,남,38세,경상
2018070100100161,2018년 7월 1일 12시,일요일,강원도 태백시 황지동,경상사고,0,0,1,0,차대차 - 측면충돌,중앙선침범,젖음/습기,비,교차로 - 교차로안,승용,남,36세,상해없음,승용,여,41세,경상
2018070100100176,2018년 7월 1일 13시,일요일,강원도 속초시 교동,경상사고,0,0,1,0,차대차 - 측면충돌,교차로운행방법위반,젖음/습기,비,교차로 - 교차로부근,승용,남,45세,상해없음,이륜,남,38세,경상
2018070100100177,2018년 7월 1일 13시,일요일,강원도 고성군 토성면,경상사고,0,0,1,0,차대차 - 측면충돌,안전운전불이행,젖음/습기,비,단일로 - 기타,승용,남,32세,상해없음,승용,남,61세,상해없음
2018070100100376,2018년 7월 1일 20시,일요일,강원도 속초시 장사동,중상사고,0,1,0,0,차대사람 - 횡단중,안전운전불이행,젖음/습기,비,단일로 - 지하차도(도로)내,승용,남,57세,상해없음,보행자,여,44세,중상
2018070100100414,2018년 7월 1일 21시,일요일,강원도 동해시 신흥동,경상사고,0,0,1,0,차량단독 - 공작물충돌,안전운전불이행,젖음/습기,비,단일로 - 기타,화물,남,64세,경상,,,,
2018070100100452,2018년 7월 1일 22시,일요일,강원도 영월군 영월읍,중상사고,0,2,2,1,차대차 - 측면충돌,중앙선침범,젖음/습기,비,단일로 - 지하차도(도로)내,승용,남,46세,부상신고,승합,남,41세,경상
2018070100100483,2018년 7월 1일 23시,일요일,강원도 원주시 단구동,경상사고,0,0,1,0,차대사람 - 길가장자리구역통행중,신호위반,젖음/습기,비,단일로 - 기타,승용,남,24세,상해없음,보행자,남,27세,경상
2018070200100010,2018년 7월 2일 00시,월요일,강원도 춘천시 우두동,경상사고,0,0,1,0,차대사람 - 기타,보행자보호의무위반,건조,맑음,단일로 - 기타,승용,남,25세,상해없음,보행자,남,38세,경상
2018070200100120,2018년 7월 2일 08시,월요일,강원도 원주시 단계동,중상사고,0,1,0,0,차대사람 - 횡단중,보행자보호의무위반,건조,맑음,단일로 - 기타,승용,남,55세,상해없음,보행자,남,28세,중상
2018070200100155,2018년 7월 2일 09시,월요일,강원도 강릉시 포남동,중상사고,0,2,4,0,차대차 - 측면충돌,안전운전불이행,젖음/습기,비,교차로 - 교차로안,승용,남,20세,상해없음,승용,남,69세,중상
2018070200100156,2018년 7월 2일 09시,월요일,강원도 강릉시 교동,경상사고,0,0,1,0,차대차 - 측면충돌,신호위반,건조,맑음,교차로 - 교차로안,승용,여,33세,상해없음,화물,남,40세,경상
2018070200100259,2018년 7월 2일 13시,월요일,강원도 태백시 황지동,경상사고,0,0,1,0,차대차 - 측면충돌,안전운전불이행,젖음/습기,흐림,교차로 - 교차로안,승용,남,69세,상해없음,승용,여,60세,경상
2018070200100294,2018년 7월 2일 14시,월요일,강원도 강릉시 교동,경상사고,0,0,4,0,차대차 - 측면충돌,신호위반,건조,맑음,단일로 - 기타,승용,여,40세,상해없음,승용,남,63세,경상
2018070200100326,2018년 7월 2일 15시,월요일,강원도 춘천시 근화동,중상사고,0,1,0,0,차대사람 - 횡단중,보행자보호의무위반,젖음/습기,비,단일로 - 기타,승용,여,71세,상해없음,보행자,여,61세,중상
2018070200100327,2018년 7월 2일 15시,월요일,강원도 속초시 교동,부상신고사고,0,0,0,1,차대차 - 측면충돌,안전거리미확보,건조,흐림,교차로 - 교차로횡단보도내,승용,남,61세,상해없음,이륜,남,20세,부상신고
2018070200100328,2018년 7월 2일 15시,월요일,강원도 춘천시 남산면,중상사고,0,1,1,0,차대차 - 기타,안전운전불이행,젖음/습기,비,기타 - 기타,승용,여,31세,상해없음,승용,남,44세,경상
2018070200100401,2018년 7월 2일 17시,월요일,강원도 인제군 북면,경상사고,0,0,1,0,차대차 - 측면충돌,중앙선침범,젖음/습기,흐림,단일로 - 기타,화물,남,76세,상해없음,승용,여,23세,경상
2018070200100489,2018년 7월 2일 19시,월요일,강원도 강릉시 교동,경상사고,0,0,2,0,차대차 - 측면충돌,안전운전불이행,젖음/습기,비,단일로 - 기타,승용,남,35세,상해없음,승용,남,32세,경상
2018070200100565,2018년 7월 2일 21시,월요일,강원도 춘천시 신동면,경상사고,0,0,1,0,차대차 - 측면충돌,신호위반,젖음/습기,맑음,교차로 - 교차로안,승용,여,59세,상해없음,승용,남,25세,경상
2018070200100566,2018년 7월 2일 21시,월요일,강원도 춘천시 사농동,경상사고,0,0,3,0,차대차 - 측면충돌,안전운전불이행,젖음/습기,비,교차로 - 교차로안,승용,여,29세,경상,승용,여,46세,경상
2018070200100647,2018년 7월 2일 23시,월요일,강원도 춘천시 운교동,부상신고사고,0,0,0,1,차대차 - 기타,안전거리미확보,젖음/습기,비,단일로 - 기타,이륜,남,35세,부상신고,승용,남,47세,상해없음
2018070200100648,2018년 7월 2일 23시,월요일,강원도 강릉시 교동,경상사고,0,0,2,0,차대차 - 추돌,안전운전불이행,젖음/습기,흐림,단일로 - 기타,승용,남,39세,상해없음,승용,여,47세,경상
2018070300100010,2018년 7월 3일 00시,화요일,강원도 원주시 무실동,경상사고,0,0,1,0,차대사람 - 횡단중,안전운전불이행,건조,맑음,단일로 - 기타,승용,남,48세,상해없음,보행자,남,44세,경상
2018070300100026,2018년 7월 3일 01시,화요일,강원도 속초시 청학동,경상사고,0,0,3,0,차대차 - 측면충돌,직진우회전진행방해,건조,맑음,교차로 - 교차로안,승용,남,51세,상해없음,승용,남,61세,경상
2018070300100104,2018년 7월 3일 08시,화요일,강원도 춘천시 퇴계동,중상사고,0,1,0,0,차대차 - 후진중충돌,안전운전불이행,건조,맑음,교차로 - 교차로부근,승용,여,65세,상해없음,승용,여,36세,중상
2018070300100148,2018년 7월 3일 09시,화요일,강원도 영월군 영월읍,경상사고,0,0,2,0,차대차 - 측면충돌,안전운전불이행,건조,맑음,단일로 - 지하차도(도로)내,승용,여,53세,상해없음,화물,남,49세,상해없음
2018070300100219,2018년 7월 3일 12시,화요일,강원도 춘천시 사농동,경상사고,0,0,1,0,차대차 - 추돌,안전운전불이행,건조,맑음,단일로 - 기타,승용,남,77세,상해없음,승용,여,55세,경상
2018070300100220,2018년 7월 3일 12시,화요일,강원도 춘천시 남면,경상사고,0,0,1,0,차대차 - 측면충돌,중앙선침범,건조,맑음,단일로 - 기타,승용,남,39세,상해없음,화물,남,50세,경상
2018070300100250,2018년 7월 3일 13시,화요일,강원도 춘천시 신북읍,경상사고,0,0,1,0,차대차 - 후진중충돌,안전운전불이행,건조,맑음,단일로 - 기타,화물,남,45세,상해없음,승용,남,63세,경상
2018070300100312,2018년 7월 3일 15시,화요일,강원도 원주시 행구동,중상사고,0,1,0,0,차대차 - 측면충돌,신호위반,건조,맑음,교차로 - 교차로안,승용,남,26세,상해없음,승합,남,46세,중상
2018070300100387,2018년 7월 3일 17시,화요일,강원도 춘천시 죽림동,중상사고,0,1,0,0,차대사람 - 기타,기타,건조,맑음,기타 - 기타,승용,남,50세,상해없음,보행자,여,79세,중상
2018070300100388,2018년 7월 3일 17시,화요일,강원도 원주시 명륜동,경상사고,0,0,1,0,차대사람 - 횡단중,보행자보호의무위반,건조,맑음,교차로 - 교차로부근,승용,여,44세,상해없음,보행자,여,52세,경상
2018070300100389,2018년 7월 3일 17시,화요일,강원도 홍천군 홍천읍,경상사고,0,0,2,0,차대차 - 추돌,안전운전불이행,건조,맑음,교차로 - 교차로부근,승용,남,27세,상해없음,승용,여,56세,경상
2018070300100428,2018년 7월 3일 18시,화요일,강원도 철원군 서면,중상사고,0,1,0,0,차대차 - 측면충돌,보행자보호의무위반,건조,맑음,교차로 - 교차로안,승용,남,52세,상해없음,자전거,남,7세,중상
2018070300100429,2018년 7월 3일 18시,화요일,강원도 동해시 천곡동,경상사고,0,0,1,0,차대차 - 추돌,안전운전불이행,젖음/습기,비,교차로 - 교차로부근,승용,남,61세,상해없음,승용,여,25세,경상
2018070300100457,2018년 7월 3일 19시,화요일,강원도 원주시 지정면,중상사고,0,3,0,0,차대차 - 측면충돌,신호위반,건조,맑음,교차로 - 교차로안,승용,남,62세,중상,승용,남,66세,중상
2018070300100486,2018년 7월 3일 20시,화요일,강원도 원주시 단계동,중상사고,0,1,0,0,차대차 - 측면충돌,안전운전불이행,젖음/습기,비,교차로 - 교차로안,승용,남,42세,상해없음,이륜,남,23세,중상
2018070300100487,2018년 7월 3일 20시,화요일,강원도 홍천군 북방면,경상사고,0,0,4,0,차대차 - 기타,교차로운행방법위반,건조,맑음,교차로 - 교차로안,승용,남,55세,상해없음,승용,여,55세,경상
2018070300100525,2018년 7월 3일 21시,화요일,강원도 속초시 교동,경상사고,0,0,1,0,차대차 - 추돌,안전운전불이행,건조,맑음,단일로 - 기타,승용,남,28세,상해없음,승용,여,46세,경상
2018070300100526,2018년 7월 3일 21시,화요일,강원도 동해시 천곡동,경상사고,0,0,2,0,차대차 - 측면충돌,신호위반,건조,맑음,교차로 - 교차로안,승용,여,47세,상해없음,승용,남,25세,경상