사고번호,사고일시,요일,시군구,사고내용,사망자수,중상자수,경상자수,부상신고자수,사고유형,법규위반,노면상태,기상상태,도로형태,가해운전자 차종,가해운전자 성별,가해운전자 연령,가해운전자 상해정도,피해운전자 차종,피해운전자 성별,피해운전자 연령,피해운전자 상해정도
2018071000100016,2018년 7월 10일 00시,화요일,강원도 원주시 무실동,중상사고,0,3,3,0,차대차 - 측면충돌,신호위반,젖음/습기,비,교차로 - 교차로안,승용,남,21세,경상,승용,남,57세,경상
2018071000100017,2018년 7월 10일 00시,화요일,강원도 원주시 단구동,경상사고,0,0,1,0,차대차 - 측면충돌,신호위반,젖음/습기,기타,교차로 - 교차로안,승용,남,60세,상해없음,승용,남,39세,경상
2018071000100041,2018년 7월 10일 02시,화요일,강원도 원주시 무실동,경상사고,0,0,1,0,차대차 - 측면충돌,중앙선침범,젖음/습기,비,단일로 - 기타,화물,남,33세,상해없음,승용,남,32세,경상
2018071000100120,2018년 7월 10일 08시,화요일,강원도 원주시 호저면,경상사고,0,0,1,0,차대차 - 측면충돌,교차로운행방법위반,건조,맑음,교차로 - 교차로안,승합,남,66세,상해없음,승용,남,38세,경상
2018071000100165,2018년 7월 10일 10시,화요일,강원도 원주시 우산동,부상신고사고,0,0,0,1,차대차 - 측면충돌,차로위반,건조,맑음,교차로 - 교차로안,이륜,여,55세,부상신고,승용,여,51세,상해없음
2018071000100201,2018년 7월 10일 11시,화요일,강원도 춘천시 신북읍,중상사고,0,2,0,0,차대차 - 측면충돌,중앙선침범,건조,맑음,단일로 - 기타,승용,여,26세,상해없음,승용,남,75세,중상
2018071000100202,2018년 7월 10일 11시,화요일,강원도 삼척시 근덕면,경상사고,0,0,1,0,차량단독 - 기타,안전운전불이행,건조,맑음,단일로 - 기타,이륜,남,81세,경상,,,,
2018071000100281,2018년 7월 10일 14시,화요일,강원도 원주시 태장동,경상사고,0,0,2,0,차대차 - 측면충돌,안전거리미확보,건조,맑음,교차로 - 교차로안,이륜,남,54세,경상,승용,남,24세,경상
2018071000100282,2018년 7월 10일 14시,화요일,강원도 원주시 명륜동,부상신고사고,0,0,0,1,차대사람 - 횡단중,안전운전불이행,건조,맑음,단일로 - 기타,승용,여,53세,상해없음,보행자,남,58세,부상신고
2018071000100311,2018년 7월 10일 15시,화요일,강원도 춘천시 석사동,경상사고,0,0,1,0,차대차 - 기타,안전운전불이행,건조,맑음,단일로 - 기타,승용,남,79세,상해없음,자전거,여,26세,경상
2018071000100312,2018년 7월 10일 15시,화요일,강원도 삼척시 하장면,중상사고,0,1,0,0,차량단독 - 공작물충돌,안전운전불이행,건조,맑음,단일로 - 기타,화물,여,50세,중상,,,,
2018071000100313,2018년 7월 10일 15시,화요일,강원도 태백시 황지동,경상사고,0,0,1,0,차대차 - 측면충돌,신호위반,건조,맑음,교차로 - 교차로안,승용,남,35세,상해없음,승용,남,61세,경상
2018071000100314,2018년 7월 10일 15시,화요일,강원도 홍천군 북방면,중상사고,0,1,0,0,차대차 - 기타,안전운전불이행,건조,맑음,기타 - 기타,승용,여,50세,상해없음,승용,여,23세,중상
2018071000100392,2018년 7월 10일 17시,화요일,강원도 춘천시 효자동,중상사고,0,1,1,0,차대차 - 측면충돌,안전거리미확보,건조,맑음,단일로 - 기타,승용,여,66세,상해없음,승용,여,52세,중상
2018071000100393,2018년 7월 10일 17시,화요일,강원도 강릉시 교동,경상사고,0,0,1,0,차대차 - 측면충돌,안전운전불이행,건조,맑음,교차로 - 교차로안,승용,남,79세,상해없음,승용,남,39세,경상
2018071000100429,2018년 7월 10일 18시,화요일,강원도 춘천시 효자동,경상사고,0,0,1,0,차대차 - 측면충돌,안전운전불이행,건조,맑음,단일로 - 기타,승용,여,64세,상해없음,승용,남,29세,경상
2018071000100526,2018년 7월 10일 21시,화요일,강원도 정선군 남면,중상사고,0,1,0,0,차대차 - 측면충돌,안전운전불이행,건조,맑음,단일로 - 기타,화물,남,66세,상해없음,승용,남,38세,중상
2018071000100566,2018년 7월 10일 22시,화요일,강원도 춘천시 석사동,경상사고,0,0,1,0,차대차 - 측면충돌,안전운전불이행,건조,맑음,교차로 - 교차로부근,승용,남,37세,상해없음,승용,남,35세,경상
2018071000100600,2018년 7월 10일 23시,화요일,강원도 춘천시 석사동,중상사고,0,1,1,0,차대차 - 측면충돌,안전운전불이행,젖음/습기,맑음,교차로 - 교차로안,승용,남,71세,상해없음,승용,남,48세,경상
2018071100100035,2018년 7월 11일 02시,수요일,강원도 속초시 조양동,중상사고,0,2,0,0,차대사람 - 횡단중,신호위반,젖음/습기,비,교차로 - 교차로횡단보도내,승용,여,55세,상해없음,보행자,여,65세,중상
2018071100100064,2018년 7월 11일 06시,수요일,강원도 횡성군 둔내면,경상사고,0,0,1,0,차대차 - 측면충돌,안전운전불이행,건조,맑음,교차로 - 교차로안,승합,남,41세,상해없음,승합,남,49세,경상
2018071100100082,2018년 7월 11일 07시,수요일,강원도 양구군 남면,경상사고,0,0,1,0,차대차 - 정면충돌,중앙선침범,젖음/습기,비,단일로 - 기타,승용,남,59세,상해없음,화물,남,64세,경상
2018071100100199,2018년 7월 11일 10시,수요일,강원도 춘천시 동면,경상사고,0,0,1,0,차대사람 - 횡단중,안전운전불이행,젖음/습기,비,교차로 - 교차로횡단보도내,승용,남,73세,상해없음,보행자,여,49세,경상
2018071100100200,2018년 7월 11일 10시,수요일,강원도 강릉시 홍제동,중상사고,0,1,1,0,차대차 - 측면충돌,안전운전불이행,건조,맑음,교차로 - 교차로안,화물,남,75세,상해없음,화물,남,53세,경상
2018071100100270,2018년 7월 11일 13시,수요일,강원도 춘천시 사농동,경상사고,0,0,1,0,차대차 - 추돌,안전거리미확보,건조,맑음,단일로 - 기타,승용,여,69세,상해없음,승용,남,63세,경상
2018071100100271,2018년 7월 11일 13시,수요일,강원도 춘천시 근화동,경상사고,0,0,1,0,차대차 - 기타,직진우회전진행방해,건조,맑음,교차로 - 교차로안,승용,여,36세,상해없음,승합,남,55세,상해없음
2018071100100309,2018년 7월 11일 14시,수요일,강원도 춘천시 효자동,경상사고,0,0,1,0,차대차 - 측면충돌,직진우회전진행방해,젖음/습기,흐림,교차로 - 교차로안,승용,남,48세,상해없음,승용,남,68세,상해없음
2018071100100310,2018년 7월 11일 14시,수요일,강원도 강릉시 옥천동,경상사고,0,0,2,0,차대차 - 측면충돌,안전운전불이행,건조,맑음,교차로 - 교차로부근,승용,남,70세,상해없음,승용,여,59세,경상
2018071100100311,2018년 7월 11일 14시,수요일,강원도 영월군 남면,경상사고,0,0,1,0,차대차 - 측면충돌,안전운전불이행,건조,맑음,단일로 - 지하차도(도로)내,승합,남,29세,상해없음,화물,남,45세,경상
2018071100100351,2018년 7월 11일 15시,수요일,강원도 정선군 고한읍,경상사고,0,0,3,0,차대차 - 정면충돌,중앙선침범,건조,맑음,단일로 - 기타,승용,남,70세,상해없음,승용,여,35세,경상
2018071100100380,2018년 7월 11일 16시,수요일,강원도 원주시 무실동,경상사고,0,0,2,0,차대차 - 기타,안전운전불이행,건조,맑음,단일로 - 기타,승용,남,23세,상해없음,승용,여,35세,경상
2018071100100416,2018년 7월 11일 17시,수요일,강원도 강릉시 옥천동,경상사고,0,0,2,0,차대차 - 측면충돌,안전운전불이행,젖음/습기,흐림,교차로 - 교차로안,승용,남,70세,상해없음,승용,남,56세,경상
2018071100100417,2018년 7월 11일 17시,수요일,강원도 홍천군 홍천읍,경상사고,0,0,1,0,차대사람 - 횡단중,보행자보호의무위반,건조,맑음,교차로 - 교차로횡단보도내,승용,남,27세,상해없음,보행자,여,69세,경상
2018071100100455,2018년 7월 11일 18시,수요일,강원도 춘천시 석사동,경상사고,0,0,1,0,차대차 - 측면충돌,안전운전불이행,건조,맑음,단일로 - 기타,승용,여,57세,상해없음,승합,남,47세,경상
2018071100100456,2018년 7월 11일 18시,수요일,강원도 속초시 청호동,경상사고,0,0,1,0,차대차 - 측면충돌,안전거리미확보,젖음/습기,비,단일로 - 고가도로위,승용,남,49세,상해없음,승용,여,36세,경상
2018071100100539,2018년 7월 11일 20시,수요일,강원도 춘천시 효자동,중상사고,0,1,1,0,차대차 - 기타,차로위반,건조,맑음,교차로 - 교차로안,승용,남,36세,상해없음,승용,남,70세,경상
2018071100100540,2018년 7월 11일 20시,수요일,강원도 강릉시 교동,경상사고,0,0,1,0,차대차 - 정면충돌,신호위반,젖음/습기,흐림,교차로 - 교차로안,승용,남,20세,상해없음,승용,남,59세,경상
2018071200100015,2018년 7월 12일 00시,목요일,강원도 원주시 학성동,중상사고,0,1,0,0,차대차 - 측면충돌,안전운전불이행,건조,맑음,단일로 - 기타,승용,여,40세,상해없음,이륜,남,16세,중상
2018071200100038,2018년 7월 12일 01시,목요일,강원도 강릉시 견소동,경상사고,0,0,1,0,차대차 - 측면충돌,중앙선침범,건조,맑음,단일로 - 기타,승용,남,29세,상해없음,승용,남,64세,경상
2018071200100209,2018년 7월 12일 11시,목요일,강원도 원주시 단계동,부상신고사고,0,0,0,1,차대사람 - 보도통행중,안전운전불이행,건조,맑음,단일로 - 기타,기타불명,기타불명,미분류,기타불명,보행자,남,39세,부상신고
2018071200100210,2018년 7월 12일 11시,목요일,강원도 양양군 현남면,중상사고,0,1,0,0,차대차 - 측면충돌,교차로운행방법위반,건조,맑음,교차로 - 교차로안,승용,남,67세,상해없음,자전거,남,82세,중상
2018071200100242,2018년 7월 12일 12시,목요일,강원도 춘천시 신북읍,중상사고,0,1,0,0,차대차 - 정면충돌,안전운전불이행,건조,맑음,단일로 - 기타,승용,남,24세,기타불명,승용,남,38세,중상
2018071200100243,2018년 7월 12일 12시,목요일,강원도 춘천시 온의동,부상신고사고,0,0,0,1,차대차 - 기타,차로위반,건조,맑음,단일로 - 기타,승용,여,48세,상해없음,이륜,남,55세,부상신고
2018071200100244,2018년 7월 12일 12시,목요일,강원도 영월군 한반도면,경상사고,0,0,4,0,차대차 - 추돌,안전운전불이행,건조,맑음,단일로 - 기타,화물,남,46세,상해없음,승용,남,56세,경상
2018071200100307,2018년 7월 12일 14시,목요일,강원도 양양군 강현면,경상사고,0,0,1,0,차대차 - 측면충돌,안전운전불이행,건조,맑음,단일로 - 지하차도(도로)내,승용,남,20세,상해없음,이륜,남,41세,경상
2018071200100380,2018년 7월 12일 16시,목요일,강원도 춘천시 효자동,중상사고,0,1,2,1,차대차 - 측면충돌,안전운전불이행,건조,맑음,단일로 - 기타,화물,남,32세,상해없음,원동기,남,74세,기타불명
2018071200100381,2018년 7월 12일 16시,목요일,강원도 삼척시 근덕면,경상사고,0,0,1,0,차량단독 - 도로외이탈 - 추락,안전운전불이행,건조,맑음,단일로 - 기타,원동기,남,73세,경상,,,,
2018071200100411,2018년 7월 12일 17시,목요일,강원도 강릉시 내곡동,중상사고,0,1,0,0,차대차 - 측면충돌,안전운전불이행,건조,맑음,단일로 - 기타,승용,남,27세,상해없음,원동기,남,75세,중상
2018071200100412,2018년 7월 12일 17시,목요일,강원도 동해시 평릉동,중상사고,0,1,0,0,차대차 - 기타,중앙선침범,건조,맑음,단일로 - 기타,승용,남,62세,상해없음,승용,여,59세,중상
2018071200100456,2018년 7월 12일 18시,목요일,강원도 영월군 영월읍,부상신고사고,0,0,0,1,차대차 - 측면충돌,교차로운행방법위반,건조,맑음,교차로 - 교차로안,승용,남,31세,상해없음,이륜,남,75세,부상신고
2018071200100523,2018년 7월 12일 20시,목요일,강원도 고성군 거진읍,중상사고,0,1,0,0,차대차 - 추돌,안전운전불이행,건조,맑음,기타 - 기타,승용,남,60세,상해없음,승용,남,48세,기타불명
2018071200100524,2018년 7월 12일 20시,목요일,강원도 동해시 발한동,중상사고,0,1,0,0,차대사람 - 횡단중,안전운전불이행,건조,맑음,단일로 - 기타,승용,남,30세,상해없음,보행자,남,50세,중상
2018071200100555,2018년 7월 12일 21시,목요일,강원도 철원군 서면,경상사고,0,0,2,0,차대차 - 측면충돌,직진우회전진행방해,건조,맑음,교차로 - 교차로안,승용,여,56세,경상,화물,남,68세,상해없음
2018071300100005,2018년 7월 13일 00시,금요일,강원도 춘천시 온의동,경상사고,0,0,2,0,차대차 - 추돌,안전운전불이행,건조,맑음,교차로 - 교차로부근,승합,남,51세,상해없음,승합,남,57세,경상
2018071300100043,2018년 7월 13일 04시,금요일,강원도 삼척시 남양동,중상사고,0,1,0,0,차대차 - 추돌,안전운전불이행,건조,맑음,단일로 - 교량,화물,남,56세,상해없음,농기계,남,64세,중상
2018071300100048,2018년 7월 13일 05시,금요일,강원도 춘천시 동면,중상사고,0,1,0,0,차대사람 - 횡단중,신호위반,건조,맑음,교차로 - 교차로횡단보도내,화물,남,58세,상해없음,보행자,남,24세,중상
2018071300100062,2018년 7월 13일 06시,금요일,강원도 춘천시 후평동,경상사고,0,0,1,0,차대차 - 추돌,안전운전불이행,건조,맑음,단일로 - 기타,승용,여,46세,상해없음,화물,남,60세,경상
2018071300100080,2018년 7월 13일 07시,금요일,강원도 강릉시 박월동,경상사고,0,0,1,0,차대차 - 측면충돌,안전운전불이행,건조,맑음,교차로 - 교차로안,승용,남,69세,상해없음,승용,남,43세,경상
2018071300100113,2018년 7월 13일 08시,금요일,강원도 춘천시 퇴계동,경상사고,0,0,1,0,차대사람 - 길가장자리구역통행중,안전운전불이행,건조,맑음,단일로 - 기타,화물,남,58세,상해없음,보행자,여,35세,경상
2018071300100114,2018년 7월 13일 08시,금요일,강원도 강릉시 교동,경상사고,0,0,3,0,차대차 - 측면충돌,안전운전불이행,건조,맑음,교차로 - 교차로부근,승합,여,43세,상해없음,승용,남,39세,경상
2018071300100166,2018년 7월 13일 09시,금요일,강원도 춘천시 동산면,경상사고,0,0,2,0,차대차 - 추돌,안전거리미확보,건조,맑음,단일로 - 기타,승용,남,60세,상해없음,승용,여,69세,경상
2018071300100167,2018년 7월 13일 09시,금요일,강원도 강릉시 포남동,중상사고,0,1,0,0,차대차 - 측면충돌,안전운전불이행,건조,맑음,교차로 - 교차로부근,건설기계,남,53세,상해없음,자전거,남,67세,중상
2018071300100168,2018년 7월 13일 09시,금요일,강원도 속초시 노학동,중상사고,0,1,0,0,차대차 - 기타,안전운전불이행,건조,맑음,교차로 - 교차로안,화물,남,45세,상해없음,자전거,여,59세,중상
2018071300100199,2018년 7월 13일 10시,금요일,강원도 동해시 천곡동,경상사고,0,0,3,0,차대차 - 측면충돌,안전운전불이행,건조,맑음,교차로 - 교차로부근,화물,여,60세,상해없음,승용,남,46세,상해없음
2018071300100226,2018년 7월 13일 11시,금요일,강원도 원주시 단구동,경상사고,0,0,2,0,차대차 - 측면충돌,신호위반,건조,맑음,교차로 - 교차로안,화물,여,55세,상해없음,승용,여,57세,경상
2018071300100246,2018년 7월 13일 12시,금요일,강원도 원주시 무실동,중상사고,0,1,0,0,차대차 - 측면충돌,안전운전불이행,건조,맑음,단일로 - 기타,건설기계,남,57세,상해없음,승용,여,49세,중상
2018071300100247,2018년 7월 13일 12시,금요일,강원도 삼척시 교동,경상사고,0,0,1,0,차대차 - 추돌,안전거리미확보,건조,맑음,단일로 - 기타,이륜,남,28세,경상,승용,여,33세,상해없음
2018071300100279,2018년 7월 13일 13시,금요일,강원도 동해시 쇄운동,경상사고,0,0,1,0,차대차 - 측면충돌,안전거리미확보,건조,맑음,기타 - 기타,승용,남,55세,상해없음,승용,남,56세,상해없음
2018071300100301,2018년 7월 13일 14시,금요일,강원도 철원군 서면,중상사고,0,1,0,0,차대차 - 추돌,안전운전불이행,건조,맑음,단일로 - 기타,승용,여,50세,상해없음,이륜,남,43세,중상
2018071300100330,2018년 7월 13일 15시,금요일,강원도 원주시 관설동,중상사고,0,1,1,0,차대차 - 측면충돌,교차로운행방법위반,건조,맑음,교차로 - 교차로안,승용,남,35세,상해없음,이륜,남,16세,중상
2018071300100363,2018년 7월 13일 16시,금요일,강원도 원주시 단계동,경상사고,0,0,1,0,차대차 - 측면충돌,신호위반,건조,맑음,교차로 - 교차로안,화물,남,28세,상해없음,승용,여,57세,경상
2018071300100364,2018년 7월 13일 16시,금요일,강원도 원주시 단계동,경상사고,0,0,2,0,차대차 - 측면충돌,안전운전불이행,건조,맑음,단일로 - 기타,승합,남,61세,경상,승용,남,51세,경상
2018071300100407,2018년 7월 13일 17시,금요일,강원도 삼척시 정상동,경상사고,0,0,1,0,차대사람 - 차도통행중,안전운전불이행,건조,맑음,단일로 - 기타,화물,남,42세,상해없음,보행자,남,59세,경상
2018071300100466,2018년 7월 13일 18시,금요일,강원도 강릉시 옥천동,경상사고,0,0,1,0,차대사람 - 기타,안전운전불이행,건조,맑음,단일로 - 기타,승용,여,59세,상해없음,보행자,남,43세,경상
2018071300100467,2018년 7월 13일 18시,금요일,강원도 원주시 반곡동,중상사고,0,1,0,0,차대차 - 기타,안전운전불이행,건조,맑음,교차로 - 교차로부근,승용,여,38세,상해없음,기타불명,여,51세,중상
2018071300100468,2018년 7월 13일 18시,금요일,강원도 정선군 남면,경상사고,0,0,1,0,차대차 - 측면충돌,안전운전불이행,건조,맑음,교차로 - 교차로안,화물,남,47세,상해없음,승용,남,63세,경상
2018071300100469,2018년 7월 13일 18시,금요일,강원도 인제군 남면,경상사고,0,0,1,0,차대사람 - 차도통행중,안전운전불이행,건조,맑음,단일로 - 기타,승합,남,57세,상해없음,보행자,여,62세,경상
2018071300100552,2018년 7월 13일 20시,금요일,강원도 속초시 금호동,경상사고,0,0,1,0,차대사람 - 차도통행중,안전운전불이행,건조,맑음,단일로 - 지하차도(도로)내,승용,여,51세,상해없음,보행자,여,17세,경상
2018071300100593,2018년 7월 13일 21시,금요일,강원도 홍천군 북방면,경상사고,0,0,2,0,차대차 - 추돌,안전운전불이행,건조,맑음,단일로 - 기타,승용,남,59세,상해없음,승용,여,30세,경상
2018071300100618,2018년 7월 13일 22시,금요일,강원도 원주시 반곡동,경상사고,0,0,2,0,차대차 - 추돌,안전운전불이행,건조,맑음,교차로 - 교차로부근,승용,남,25세,상해없음,승용,남,40세,경상
2018071400100008,2018년 7월 14일 00시,토요일,강원도 동해시 지흥동,사망사고,1,0,0,0,차대사람 - 차도통행중,안전운전불이행,건조,맑음,단일로 - 기타,화물,남,44세,상해없음,보행자,남,23세,사망
2018071400100036,2018년 7월 14일 02시,토요일,강원도 원주시 단계동,중상사고,0,1,0,0,차대사람 - 횡단중,보행자보호의무위반,건조,맑음,교차로 - 교차로부근,승합,남,22세,상해없음,보행자,남,30세,중상
2018071400100109,2018년 7월 14일 08시,토요일,강원도 춘천시 근화동,경상사고,0,0,1,0,차대차 - 측면충돌,신호위반,건조,맑음,교차로 - 교차로안,승용,남,73세,상해없음,승용,남,58세,상해없음
2018071400100110,2018년 7월 14일 08시,토요일,강원도 원주시 단계동,경상사고,0,0,1,0,차대차 - 측면충돌,신호위반,건조,맑음,교차로 - 교차로안,승용,여,47세,상해없음,승용,여,62세,경상
2018071400100137,2018년 7월 14일 09시,토요일,강원도 속초시 대포동,경상사고,0,0,1,0,차대차 - 측면충돌,직진우회전진행방해,건조,맑음,교차로 - 교차로안,승용,남,31세,상해없음,승용,남,63세,경상
2018071400100168,2018년 7월 14일 10시,토요일,강원도 춘천시 근화동,경상사고,0,0,1,0,차대차 - 측면충돌,안전거리미확보,건조,맑음,단일로 - 기타,승용,남,76세,상해없음,승용,남,71세,경상
2018071400100169,2018년 7월 14일 10시,토요일,강원도 춘천시 신동면,경상사고,0,0,2,1,차대차 - 측면충돌,교차로운행방법위반,건조,맑음,교차로 - 교차로안,승용,남,47세,상해없음,승용,여,58세,경상
2018071400100243,2018년 7월 14일 12시,토요일,강원도 삼척시 오분동,경상사고,0,0,1,0,차대차 - 추돌,안전거리미확보,건조,맑음,단일로 - 기타,건설기계,남,48세,상해없음,승용,여,55세,경상
2018071400100285,2018년 7월 14일 13시,토요일,강원도 강릉시 교동,경상사고,0,0,1,0,차대차 - 기타,신호위반,건조,맑음,교차로 - 교차로안,승용,남,75세,상해없음,승용,남,62세,경상
2018071400100311,2018년 7월 14일 14시,토요일,강원도 원주시 단계동,경상사고,0,0,1,0,차대사람 - 횡단중,안전운전불이행,건조,맑음,단일로 - 기타,승용,남,49세,상해없음,보행자,여,35세,경상
2018071400100312,2018년 7월 14일 14시,토요일,강원도 속초시 조양동,중상사고,0,1,0,0,차대차 - 후진중충돌,안전운전불이행,건조,맑음,기타 - 기타,승용,여,42세,상해없음,이륜,남,52세,중상
2018071400100313,2018년 7월 14일 14시,토요일,강원도 태백시 소도동,경상사고,0,0,1,0,차대차 - 측면충돌,안전운전불이행,건조,맑음,단일로 - 기타,승용,남,63세,상해없음,이륜,남,51세,경상
2018071400100314,2018년 7월 14일 14시,토요일,강원도 인제군 북면,중상사고,0,3,0,0,차대차 - 정면충돌,중앙선침범,건조,맑음,단일로 - 기타,승용,남,26세,상해없음,승용,남,53세,중상
2018071400100315,2018년 7월 14일 14시,토요일,강원도 홍천군 서석면,경상사고,0,0,3,0,차대차 - 기타,안전운전불이행,건조,맑음,단일로 - 터널,승용,남,60세,경상,승용,남,23세,경상
2018071400100353,2018년 7월 14일 15시,토요일,강원도 원주시 관설동,경상사고,0,0,1,0,차대사람 - 횡단중,보행자보호의무위반,건조,맑음,교차로 - 교차로횡단보도내,이륜,남,24세,상해없음,보행자,여,19세,경상
2018071400100354,2018년 7월 14일 15시,토요일,강원도 속초시 조양동,중상사고,0,1,0,0,차대차 - 기타,안전운전불이행,건조,맑음,교차로 - 교차로안,승용,남,63세,상해없음,이륜,남,31세,중상
2018071400100355,2018년 7월 14일 15시,토요일,강원도 철원군 갈말읍,경상사고,0,0,1,0,차대차 - 측면충돌,직진우회전진행방해,건조,맑음,교차로 - 교차로안,승용,여,65세,상해없음,건설기계,남,36세,경상
2018071400100395,2018년 7월 14일 16시,토요일,강원도 원주시 무실동,경상사고,0,0,2,0,차대차 - 추돌,안전운전불이행,건조,맑음,교차로 - 교차로부근,승용,남,34세,기타불명,승용,여,48세,경상
2018071400100444,2018년 7월 14일 17시,토요일,강원도 춘천시 동내면,중상사고,0,1,0,0,차대차 - 기타,안전운전불이행,건조,맑음,단일로 - 기타,건설기계,남,57세,상해없음,승용,남,44세,중상
2018071400100445,2018년 7월 14일 17시,토요일,강원도 강릉시 포남동,중상사고,0,1,0,0,차대차 - 측면충돌,안전운전불이행,건조,맑음,교차로 - 교차로안,승용,여,61세,상해없음,승용,남,63세,중상
2018071400100446,2018년 7월 14일 17시,토요일,강원도 삼척시 가곡면,중상사고,0,1,1,0,차대차 - 측면충돌,안전운전불이행,건조,맑음,단일로 - 기타,화물,남,58세,상해없음,화물,남,60세,경상
2018071400100447,2018년 7월 14일 17시,토요일,강원도 평창군 평창읍,중상사고,0,1,0,0,차량단독 - 기타,기타,건조,맑음,주차장 - 주차장,승합,남,56세,상해없음,,,,
2018071400100487,2018년 7월 14일 18시,토요일,강원도 동해시 동회동,중상사고,0,1,0,0,차대사람 - 횡단중,안전운전불이행,건조,맑음,단일로 - 기타,승용,남,56세,상해없음,보행자,남,89세,중상
2018071400100520,2018년 7월 14일 19시,토요일,강원도 강릉시 교동,경상사고,0,0,1,0,차대차 - 기타,안전운전불이행,건조,맑음,교차로 - 교차로안,승용,남,78세,상해없음,승용,남,33세,경상
2018071400100591,2018년 7월 14일 21시,토요일,강원도 양양군 현남면,경상사고,0,0,1,0,차량단독 - 공작물충돌,안전운전불이행,건조,맑음,교차로 - 교차로부근,승용,여,35세,상해없음,,,,
2018071400100623,2018년 7월 14일 22시,토요일,강원도 강릉시 강동면,중상사고,0,1,1,0,차대차 - 추돌,안전운전불이행,건조,맑음,단일로 - 교량,화물,남,49세,상해없음,화물,남,52세,상해없음
2018071500100026,2018년 7월 15일 01시,일요일,강원도 춘천시 후평동,중상사고,0,1,0,0,차대사람 - 기타,안전운전불이행,건조,맑음,단일로 - 기타,승용,남,41세,상해없음,보행자,남,41세,중상
2018071500100059,2018년 7월 15일 05시,일요일,강원도 원주시 단계동,중상사고,0,1,1,0,차대차 - 추돌,안전운전불이행,건조,맑음,단일로 - 기타,승용,남,48세,상해없음,화물,남,44세,중상
2018071500100060,2018년 7월 15일 05시,일요일,강원도 고성군 죽왕면,중상사고,0,1,0,0,차량단독 - 기타,안전운전불이행,건조,맑음,단일로 - 기타,승용,남,65세,중상,,,,
2018071500100147,2018년 7월 15일 11시,일요일,강원도 춘천시 동내면,중상사고,0,1,0,0,차량단독 - 전도전복 - 전도,안전운전불이행,건조,맑음,단일로 - 기타,이륜,남,26세,상해없음,미분류,미분류,미분류,미분류
2018071500100148,2018년 7월 15일 11시,일요일,강원도 횡성군 둔내면,경상사고,0,0,5,0,차대차 - 측면충돌,신호위반,건조,맑음,교차로 - 교차로안,승용,남,52세,상해없음,승용,남,37세,경상
2018071500100173,2018년 7월 15일 12시,일요일,강원도 속초시 조양동,경상사고,0,0,1,0,차대차 - 측면충돌,신호위반,건조,맑음,교차로 - 교차로안,승용,여,44세,상해없음,승용,남,42세,경상
2018071500100174,2018년 7월 15일 12시,일요일,강원도 태백시 장성동,경상사고,0,0,1,0,차대차 - 측면충돌,안전운전불이행,건조,맑음,단일로 - 기타,승용,남,55세,상해없음,이륜,남,51세,경상
2018071500100203,2018년 7월 15일 13시,일요일,강원도 평창군 대화면,경상사고,0,0,3,0,차대차 - 측면충돌,안전운전불이행,건조,맑음,교차로 - 교차로안,승용,남,23세,상해없음,승용,남,67세,경상
2018071500100204,2018년 7월 15일 13시,일요일,강원도 동해시 동회동,경상사고,0,0,1,0,차대차 - 측면충돌,안전운전불이행,건조,맑음,교차로 - 교차로부근,승용,남,36세,상해없음,승용,남,33세,경상
2018071500100205,2018년 7월 15일 13시,일요일,강원도 동해시 천곡동,중상사고,0,2,1,0,차대차 - 측면충돌,교차로운행방법위반,건조,맑음,교차로 - 교차로안,승용,남,22세,상해없음,승용,남,46세,중상
2018071500100234,2018년 7월 15일 14시,일요일,강원도 원주시 행구동,중상사고,0,1,5,1,차대차 - 측면충돌,안전운전불이행,건조,맑음,교차로 - 교차로안,승용,남,69세,부상신고,승용,남,50세,경상
2018071500100235,2018년 7월 15일 14시,일요일,강원도 원주시 흥업면,부상신고사고,0,0,0,1,차대사람 - 횡단중,안전운전불이행,건조,맑음,교차로 - 교차로횡단보도내,기타불명,기타불명,미분류,기타불명,보행자,남,82세,부상신고
2018071500100236,2018년 7월 15일 14시,일요일,강원도 정선군 고한읍,경상사고,0,0,2,0,차대차 - 측면충돌,안전운전불이행,건조,맑음,단일로 - 기타,화물,남,54세,상해없음,승용,남,33세,경상
2018071500100292,2018년 7월 15일 16시,일요일,강원도 인제군 북면,중상사고,0,1,0,0,차대차 - 정면충돌,중앙선침범,건조,맑음,단일로 - 기타,승용,남,76세,상해없음,승합,남,53세,중상
2018071500100323,2018년 7월 15일 17시,일요일,강원도 양양군 손양면,중상사고,0,1,0,0,차량단독 - 기타,안전운전불이행,건조,맑음,단일로 - 기타,이륜,남,66세,상해없음,,,,
2018071500100357,2018년 7월 15일 18시,일요일,강원도 평창군 대화면,사망사고,1,0,0,0,차량단독 - 도로외이탈 - 추락,안전운전불이행,건조,맑음,단일로 - 기타,사륜오토바이(ATV),남,61세,사망,,,,
2018071500100375,2018년 7월 15일 19시,일요일,강원도 양구군 양구읍,경상사고,0,0,3,0,차대차 - 추돌,안전운전불이행,건조,맑음,교차로 - 교차로부근,승용,남,64세,상해없음,승용,남,52세,경상