사고번호,사고일시,요일,시군구,사고내용,사망자수,중상자수,경상자수,부상신고자수,사고유형,법규위반,노면상태,기상상태,도로형태,가해운전자 차종,가해운전자 성별,가해운전자 연령,가해운전자 상해정도,피해운전자 차종,피해운전자 성별,피해운전자 연령,피해운전자 상해정도
2018071500100400,2018년 7월 15일 20시,일요일,강원도 원주시 중앙동,경상사고,0,0,2,0,차대차 - 측면충돌,안전운전불이행,건조,맑음,교차로 - 교차로안,승용,남,30세,상해없음,승용,남,63세,경상
2018071500100401,2018년 7월 15일 20시,일요일,강원도 원주시 단계동,경상사고,0,0,1,0,차대차 - 기타,안전운전불이행,건조,맑음,교차로 - 교차로안,기타불명,기타불명,미분류,기타불명,이륜,여,39세,경상
2018071500100453,2018년 7월 15일 22시,일요일,강원도 삼척시 도계읍,경상사고,0,0,2,0,차대차 - 측면충돌,중앙선침범,건조,맑음,단일로 - 기타,화물,남,61세,상해없음,승용,여,56세,경상
2018071500100478,2018년 7월 15일 23시,일요일,강원도 홍천군 홍천읍,중상사고,0,1,0,0,차대사람 - 횡단중,안전운전불이행,건조,맑음,단일로 - 기타,승용,남,41세,상해없음,보행자,여,50세,중상
2018071600100045,2018년 7월 16일 05시,월요일,강원도 강릉시 임당동,경상사고,0,0,1,0,차대차 - 측면충돌,신호위반,건조,맑음,교차로 - 교차로안,화물,남,51세,상해없음,승합,남,62세,경상
2018071600100075,2018년 7월 16일 07시,월요일,강원도 정선군 임계면,경상사고,0,0,2,0,차대차 - 정면충돌,중앙선침범,건조,맑음,단일로 - 기타,건설기계,남,56세,경상,건설기계,남,58세,경상
2018071600100111,2018년 7월 16일 08시,월요일,강원도 원주시 신림면,경상사고,0,0,3,0,차대차 - 측면충돌,교차로운행방법위반,건조,맑음,기타 - 기타,승용,남,77세,상해없음,승용,여,25세,경상
2018071600100112,2018년 7월 16일 08시,월요일,강원도 원주시 우산동,중상사고,0,1,0,0,차대차 - 측면충돌,안전운전불이행,건조,맑음,교차로 - 교차로안,승용,남,29세,상해없음,이륜,남,63세,중상
2018071600100156,2018년 7월 16일 09시,월요일,강원도 양구군 동면,경상사고,0,0,1,0,차대사람 - 횡단중,보행자보호의무위반,건조,맑음,기타 - 기타,승용,남,56세,상해없음,보행자,여,84세,경상
2018071600100192,2018년 7월 16일 10시,월요일,강원도 고성군 죽왕면,경상사고,0,0,2,0,차대차 - 추돌,안전운전불이행,건조,맑음,교차로 - 교차로부근,화물,남,56세,상해없음,승용,남,56세,경상
2018071600100223,2018년 7월 16일 11시,월요일,강원도 춘천시 신동면,경상사고,0,0,1,0,차대차 - 기타,중앙선침범,건조,맑음,단일로 - 기타,승용,남,51세,상해없음,승합,남,51세,경상
2018071600100255,2018년 7월 16일 12시,월요일,강원도 원주시 개운동,중상사고,0,1,0,2,차대차 - 측면충돌,직진우회전진행방해,건조,맑음,교차로 - 교차로안,승용,남,84세,부상신고,승용,남,67세,상해없음
2018071600100256,2018년 7월 16일 12시,월요일,강원도 원주시 흥업면,경상사고,0,0,2,0,차대차 - 기타,기타,건조,맑음,단일로 - 기타,화물,남,35세,상해없음,승용,남,23세,경상
2018071600100285,2018년 7월 16일 13시,월요일,강원도 춘천시 퇴계동,사망사고,1,0,0,0,차대차 - 측면충돌,신호위반,건조,맑음,교차로 - 교차로안,이륜,남,90세 이상,사망,승용,남,60세,상해없음
2018071600100394,2018년 7월 16일 16시,월요일,강원도 춘천시 효자동,중상사고,0,1,0,0,차대차 - 측면충돌,교차로운행방법위반,건조,맑음,교차로 - 교차로안,승용,남,71세,상해없음,이륜,여,75세,중상
2018071600100395,2018년 7월 16일 16시,월요일,강원도 평창군 진부면,중상사고,0,1,0,0,차대차 - 측면충돌,안전운전불이행,건조,맑음,교차로 - 교차로안,승용,여,47세,상해없음,화물,여,43세,중상
2018071600100437,2018년 7월 16일 17시,월요일,강원도 원주시 학성동,중상사고,0,1,0,0,차대사람 - 횡단중,보행자보호의무위반,건조,맑음,교차로 - 교차로횡단보도내,승용,여,37세,상해없음,보행자,여,22세,중상
2018071600100490,2018년 7월 16일 18시,월요일,강원도 인제군 서화면,중상사고,0,1,0,0,차대차 - 측면충돌,안전운전불이행,건조,맑음,교차로 - 교차로안,승용,남,33세,상해없음,원동기,남,58세,중상
2018071600100538,2018년 7월 16일 19시,월요일,강원도 강릉시 교동,중상사고,0,1,0,0,차대사람 - 횡단중,중앙선침범,건조,맑음,단일로 - 기타,화물,남,27세,상해없음,보행자,남,56세,중상
2018071600100539,2018년 7월 16일 19시,월요일,강원도 양구군 양구읍,중상사고,0,1,0,0,차대차 - 정면충돌,안전운전불이행,건조,맑음,교차로 - 교차로부근,자전거,여,60세,중상,화물,남,49세,상해없음
2018071600100591,2018년 7월 16일 21시,월요일,강원도 영월군 중동면,중상사고,0,1,0,0,차대차 - 측면충돌,안전운전불이행,건조,맑음,단일로 - 지하차도(도로)내,승용,남,44세,상해없음,승용,남,46세,상해없음
2018071600100592,2018년 7월 16일 21시,월요일,강원도 철원군 동송읍,경상사고,0,0,1,0,차대차 - 측면충돌,신호위반,건조,맑음,교차로 - 교차로안,승합,남,45세,상해없음,승용,남,43세,경상
2018071700100076,2018년 7월 17일 06시,화요일,강원도 춘천시 동내면,중상사고,0,1,0,0,차대차 - 측면충돌,신호위반,건조,맑음,교차로 - 교차로안,승용,여,49세,상해없음,화물,남,30세,중상
2018071700100086,2018년 7월 17일 07시,화요일,강원도 양양군 양양읍,중상사고,0,1,0,0,차량단독 - 공작물충돌,안전운전불이행,건조,맑음,단일로 - 고가도로위,이륜,남,24세,중상,,,,
2018071700100122,2018년 7월 17일 08시,화요일,강원도 춘천시 효자동,중상사고,0,1,0,0,차대차 - 측면충돌,안전운전불이행,건조,맑음,기타 - 기타,승용,여,63세,상해없음,자전거,남,56세,중상
2018071700100123,2018년 7월 17일 08시,화요일,강원도 원주시 개운동,부상신고사고,0,0,0,1,차대차 - 기타,안전운전불이행,건조,맑음,교차로 - 교차로안,자전거,남,25세,부상신고,승용,남,31세,상해없음
2018071700100124,2018년 7월 17일 08시,화요일,강원도 양양군 양양읍,경상사고,0,0,1,0,차대차 - 추돌,안전거리미확보,건조,맑음,교차로 - 교차로부근,승용,여,59세,상해없음,승용,여,73세,경상
2018071700100125,2018년 7월 17일 08시,화요일,강원도 태백시 문곡동,중상사고,0,1,0,0,차대차 - 측면충돌,신호위반,건조,맑음,교차로 - 교차로안,승용,남,74세,상해없음,승용,여,63세,중상
2018071700100126,2018년 7월 17일 08시,화요일,강원도 횡성군 청일면,경상사고,0,0,1,0,차대차 - 정면충돌,안전운전불이행,건조,맑음,교차로 - 교차로안,승용,남,57세,상해없음,화물,남,45세,경상
2018071700100168,2018년 7월 17일 09시,화요일,강원도 춘천시 동내면,중상사고,0,1,0,0,차대차 - 기타,안전운전불이행,건조,맑음,단일로 - 기타,화물,남,22세,상해없음,승용,여,67세,중상
2018071700100169,2018년 7월 17일 09시,화요일,강원도 정선군 정선읍,경상사고,0,0,3,0,차대차 - 측면충돌,안전운전불이행,건조,맑음,교차로 - 교차로안,승용,남,27세,경상,승용,남,70세,상해없음
2018071700100200,2018년 7월 17일 10시,화요일,강원도 춘천시 후평동,중상사고,0,1,1,0,차대차 - 추돌,안전거리미확보,건조,맑음,단일로 - 기타,승합,남,50세,상해없음,승용,남,44세,중상
2018071700100201,2018년 7월 17일 10시,화요일,강원도 영월군 한반도면,중상사고,0,1,0,1,차량단독 - 도로외이탈 - 추락,안전운전불이행,건조,맑음,단일로 - 지하차도(도로)내,농기계,남,74세,부상신고,,,,
2018071700100202,2018년 7월 17일 10시,화요일,강원도 홍천군 남면,중상사고,0,1,0,0,차대차 - 기타,안전운전불이행,건조,맑음,교차로 - 교차로안,이륜,남,57세,중상,승합,남,27세,상해없음
2018071700100203,2018년 7월 17일 10시,화요일,강원도 정선군 북평면,중상사고,0,1,0,0,차대차 - 추돌,안전운전불이행,건조,맑음,단일로 - 기타,승용,남,36세,상해없음,승용,여,57세,중상
2018071700100204,2018년 7월 17일 10시,화요일,강원도 동해시 천곡동,경상사고,0,0,1,0,차대차 - 측면충돌,신호위반,건조,맑음,교차로 - 교차로안,승용,여,63세,상해없음,승용,여,31세,경상
2018071700100241,2018년 7월 17일 11시,화요일,강원도 강릉시 저동,경상사고,0,0,1,0,차대사람 - 기타,안전운전불이행,건조,맑음,단일로 - 기타,자전거,남,47세,상해없음,보행자,여,6세,경상
2018071700100242,2018년 7월 17일 11시,화요일,강원도 양양군 양양읍,경상사고,0,0,1,0,차대차 - 측면충돌,교차로운행방법위반,건조,맑음,교차로 - 교차로안,승용,남,52세,상해없음,승용,여,32세,경상
2018071700100282,2018년 7월 17일 12시,화요일,강원도 춘천시 효자동,경상사고,0,0,3,0,차대차 - 측면충돌,직진우회전진행방해,건조,맑음,교차로 - 교차로안,화물,남,56세,상해없음,화물,남,34세,경상
2018071700100313,2018년 7월 17일 13시,화요일,강원도 춘천시 후평동,중상사고,0,1,0,0,차대사람 - 기타,안전운전불이행,건조,맑음,단일로 - 기타,화물,남,60세,상해없음,보행자,여,76세,중상
2018071700100314,2018년 7월 17일 13시,화요일,강원도 원주시 단구동,경상사고,0,0,2,0,차대차 - 추돌,안전운전불이행,건조,맑음,단일로 - 기타,승용,남,49세,상해없음,승용,남,31세,경상
2018071700100315,2018년 7월 17일 13시,화요일,강원도 양양군 손양면,경상사고,0,0,1,0,차대차 - 측면충돌,중앙선침범,건조,맑음,기타 - 기타,화물,남,75세,상해없음,승용,남,62세,경상
2018071700100389,2018년 7월 17일 15시,화요일,강원도 화천군 화천읍,중상사고,0,1,1,0,차대차 - 측면충돌,안전운전불이행,건조,맑음,단일로 - 기타,승용,남,45세,중상,승용,여,62세,경상
2018071700100433,2018년 7월 17일 16시,화요일,강원도 원주시 단계동,경상사고,0,0,1,0,차대차 - 측면충돌,안전운전불이행,건조,맑음,교차로 - 교차로부근,승용,남,62세,상해없음,승합,남,50세,경상
2018071700100481,2018년 7월 17일 17시,화요일,강원도 영월군 영월읍,경상사고,0,0,1,1,차대차 - 측면충돌,중앙선침범,건조,맑음,단일로 - 지하차도(도로)내,승용,남,23세,상해없음,승용,남,57세,경상
2018071700100564,2018년 7월 17일 19시,화요일,강원도 정선군 고한읍,경상사고,0,0,2,0,차대차 - 측면충돌,안전운전불이행,건조,맑음,단일로 - 기타,건설기계,남,59세,상해없음,승용,남,58세,경상
2018071700100600,2018년 7월 17일 20시,화요일,강원도 원주시 일산동,중상사고,0,1,3,0,차대차 - 측면충돌,신호위반,건조,맑음,교차로 - 교차로안,승합,남,70세,상해없음,승용,남,51세,경상
2018071700100601,2018년 7월 17일 20시,화요일,강원도 원주시 평원동,경상사고,0,0,3,0,차대차 - 측면충돌,차로위반,건조,맑음,교차로 - 교차로부근,승합,남,65세,상해없음,승합,남,60세,경상
2018071700100630,2018년 7월 17일 21시,화요일,강원도 강릉시 교동,경상사고,0,0,2,0,차대차 - 측면충돌,중앙선침범,건조,맑음,교차로 - 교차로부근,승용,남,47세,상해없음,승용,여,47세,경상
2018071700100631,2018년 7월 17일 21시,화요일,강원도 원주시 무실동,중상사고,0,2,0,0,차대차 - 추돌,안전운전불이행,건조,흐림,단일로 - 기타,승용,남,23세,상해없음,승용,여,56세,중상
2018071800100010,2018년 7월 18일 00시,수요일,강원도 원주시 단계동,중상사고,0,1,0,0,차대차 - 측면충돌,안전운전불이행,건조,맑음,교차로 - 교차로안,승용,남,24세,상해없음,승용,남,49세,중상
2018071800100050,2018년 7월 18일 05시,수요일,강원도 삼척시 하장면,경상사고,0,0,1,0,차량단독 - 공작물충돌,안전운전불이행,건조,맑음,단일로 - 기타,승용,남,78세,상해없음,,,,
2018071800100080,2018년 7월 18일 07시,수요일,강원도 횡성군 횡성읍,중상사고,0,1,0,0,차대차 - 측면충돌,안전운전불이행,건조,맑음,교차로 - 교차로안,승용,남,28세,상해없음,승용,여,26세,중상
2018071800100119,2018년 7월 18일 08시,수요일,강원도 춘천시 남산면,경상사고,0,0,1,0,차대차 - 정면충돌,안전운전불이행,건조,맑음,단일로 - 기타,승용,여,58세,기타불명,승용,여,68세,경상
2018071800100120,2018년 7월 18일 08시,수요일,강원도 속초시 교동,중상사고,0,1,0,0,차대차 - 측면충돌,직진우회전진행방해,건조,맑음,교차로 - 교차로안,승용,여,46세,상해없음,이륜,남,76세,중상
2018071800100121,2018년 7월 18일 08시,수요일,강원도 삼척시 당저동,경상사고,0,0,1,0,차대사람 - 차도통행중,안전운전불이행,건조,맑음,교차로 - 교차로부근,승용,여,48세,상해없음,보행자,여,13세,경상
2018071800100122,2018년 7월 18일 08시,수요일,강원도 영월군 남면,중상사고,0,1,0,0,차량단독 - 공작물충돌,안전운전불이행,건조,맑음,단일로 - 지하차도(도로)내,승용,남,47세,중상,,,,
2018071800100123,2018년 7월 18일 08시,수요일,강원도 동해시 천곡동,중상사고,0,1,9,0,차대차 - 측면충돌,신호위반,건조,맑음,교차로 - 교차로안,승합,남,49세,상해없음,승용,남,50세,경상
2018071800100220,2018년 7월 18일 11시,수요일,강원도 원주시 문막읍,경상사고,0,0,1,0,차대차 - 측면충돌,교차로운행방법위반,건조,맑음,교차로 - 교차로안,승용,여,73세,상해없음,승합,남,54세,경상
2018071800100221,2018년 7월 18일 11시,수요일,강원도 원주시 단구동,경상사고,0,0,1,0,차대사람 - 기타,안전운전불이행,건조,맑음,주차장 - 주차장,승용,남,70세,상해없음,보행자,여,60세,경상
2018071800100245,2018년 7월 18일 12시,수요일,강원도 춘천시 소양로2가,사망사고,1,0,0,0,차대차 - 측면충돌,안전운전불이행,건조,맑음,단일로 - 기타,승용,남,71세,상해없음,자전거,남,79세,사망
2018071800100246,2018년 7월 18일 12시,수요일,강원도 화천군 화천읍,중상사고,0,1,1,0,차량단독 - 기타,안전운전불이행,건조,맑음,단일로 - 기타,승용,남,66세,경상,,,,
2018071800100280,2018년 7월 18일 13시,수요일,강원도 삼척시 교동,경상사고,0,0,2,0,차대차 - 측면충돌,안전운전불이행,건조,맑음,단일로 - 기타,화물,남,75세,상해없음,승용,남,68세,경상
2018071800100314,2018년 7월 18일 14시,수요일,강원도 강릉시 교동,경상사고,0,0,2,0,차대차 - 측면충돌,안전운전불이행,건조,맑음,단일로 - 기타,화물,남,43세,상해없음,승용,여,46세,경상
2018071800100315,2018년 7월 18일 14시,수요일,강원도 평창군 대관령면,중상사고,0,2,7,0,차대차 - 추돌,안전거리미확보,건조,맑음,단일로 - 터널,건설기계,남,43세,상해없음,승용,남,24세,경상
2018071800100343,2018년 7월 18일 15시,수요일,강원도 강릉시 성남동,중상사고,0,1,0,0,차대차 - 측면충돌,안전운전불이행,건조,맑음,교차로 - 교차로안,승용,여,41세,상해없음,자전거,남,81세,중상
2018071800100344,2018년 7월 18일 15시,수요일,강원도 속초시 교동,중상사고,0,2,1,1,차대차 - 추돌,안전운전불이행,건조,맑음,단일로 - 지하차도(도로)내,승용,남,60세,상해없음,승용,남,36세,중상
2018071800100345,2018년 7월 18일 15시,수요일,강원도 태백시 소도동,경상사고,0,0,1,0,차대차 - 측면충돌,안전운전불이행,건조,맑음,교차로 - 교차로부근,건설기계,남,43세,상해없음,승용,남,47세,경상
2018071800100346,2018년 7월 18일 15시,수요일,강원도 동해시 효가동,중상사고,0,1,2,0,차대차 - 추돌,안전운전불이행,건조,맑음,교차로 - 교차로부근,승용,여,59세,상해없음,승용,여,37세,경상
2018071800100383,2018년 7월 18일 16시,수요일,강원도 춘천시 퇴계동,중상사고,0,1,3,0,차대차 - 측면충돌,안전운전불이행,건조,맑음,교차로 - 교차로안,승용,남,58세,상해없음,승용,남,63세,경상
2018071800100427,2018년 7월 18일 17시,수요일,강원도 춘천시 후평동,경상사고,0,0,4,0,차대차 - 추돌,안전운전불이행,건조,맑음,단일로 - 기타,승용,여,54세,상해없음,승용,여,43세,경상
2018071800100428,2018년 7월 18일 17시,수요일,강원도 양양군 양양읍,경상사고,0,0,1,0,차대사람 - 보도통행중,안전운전불이행,건조,맑음,기타 - 기타,화물,남,52세,상해없음,보행자,여,60세,경상
2018071800100475,2018년 7월 18일 18시,수요일,강원도 강릉시 포남동,중상사고,0,1,1,0,차대차 - 추돌,안전운전불이행,건조,맑음,단일로 - 기타,승용,여,40세,상해없음,승용,여,49세,경상
2018071800100520,2018년 7월 18일 19시,수요일,강원도 강릉시 내곡동,중상사고,0,1,0,0,차대사람 - 보도통행중,보행자보호의무위반,건조,맑음,교차로 - 교차로횡단보도내,승용,남,85세,상해없음,보행자,여,7세,중상
2018071800100555,2018년 7월 18일 20시,수요일,강원도 속초시 중앙동,부상신고사고,0,0,0,1,차대사람 - 횡단중,안전운전불이행,건조,맑음,기타 - 기타,승용,남,46세,상해없음,보행자,남,62세,부상신고
2018071800100640,2018년 7월 18일 23시,수요일,강원도 원주시 단계동,경상사고,0,0,2,0,차대차 - 정면충돌,중앙선침범,건조,맑음,교차로 - 교차로부근,승용,남,29세,상해없음,화물,남,42세,경상
2018071900100007,2018년 7월 19일 00시,목요일,강원도 고성군 죽왕면,중상사고,0,1,0,0,차대사람 - 기타,안전운전불이행,건조,맑음,기타 - 기타,승합,남,40세,상해없음,보행자,여,4세,중상
2018071900100044,2018년 7월 19일 04시,목요일,강원도 춘천시 후평동,경상사고,0,0,1,0,차대차 - 측면충돌,교차로운행방법위반,건조,맑음,교차로 - 교차로부근,승용,여,38세,상해없음,승용,남,61세,경상
2018071900100058,2018년 7월 19일 05시,목요일,강원도 강릉시 옥천동,경상사고,0,0,1,0,차대사람 - 기타,안전운전불이행,건조,맑음,단일로 - 기타,승합,남,64세,상해없음,보행자,여,80세,경상
2018071900100071,2018년 7월 19일 06시,목요일,강원도 춘천시 옥천동,경상사고,0,0,1,0,차대차 - 기타,교차로운행방법위반,건조,맑음,교차로 - 교차로안,승용,남,52세,상해없음,승용,남,41세,경상
2018071900100072,2018년 7월 19일 06시,목요일,강원도 원주시 흥업면,중상사고,0,1,0,0,차대사람 - 횡단중,안전운전불이행,건조,맑음,단일로 - 기타,화물,남,21세,상해없음,보행자,여,86세,중상
2018071900100089,2018년 7월 19일 07시,목요일,강원도 춘천시 약사동,중상사고,0,1,0,0,차대차 - 측면충돌,직진우회전진행방해,건조,맑음,교차로 - 교차로안,승용,남,57세,상해없음,화물,남,75세,중상
2018071900100119,2018년 7월 19일 08시,목요일,강원도 강릉시 홍제동,경상사고,0,0,1,0,차대차 - 측면충돌,안전운전불이행,건조,맑음,교차로 - 교차로횡단보도내,승용,남,26세,상해없음,승용,남,32세,경상
2018071900100120,2018년 7월 19일 08시,목요일,강원도 원주시 반곡동,경상사고,0,0,1,0,차대차 - 측면충돌,안전운전불이행,건조,맑음,단일로 - 기타,승용,여,50세,상해없음,승용,남,32세,경상
2018071900100121,2018년 7월 19일 08시,목요일,강원도 횡성군 횡성읍,경상사고,0,0,1,0,차대차 - 추돌,안전운전불이행,건조,맑음,교차로 - 교차로안,이륜,남,16세,상해없음,승용,남,51세,상해없음
2018071900100177,2018년 7월 19일 09시,목요일,강원도 원주시 문막읍,경상사고,0,0,1,0,차대차 - 추돌,안전거리미확보,건조,맑음,단일로 - 기타,화물,남,37세,상해없음,건설기계,남,48세,경상
2018071900100178,2018년 7월 19일 09시,목요일,강원도 원주시 우산동,경상사고,0,0,1,0,차대차 - 측면충돌,안전운전불이행,건조,맑음,단일로 - 기타,승용,남,19세,상해없음,승용,여,44세,경상
2018071900100223,2018년 7월 19일 10시,목요일,강원도 원주시 명륜동,경상사고,0,0,2,0,차대차 - 추돌,안전운전불이행,건조,맑음,교차로 - 교차로부근,승용,여,59세,경상,승용,남,74세,경상
2018071900100254,2018년 7월 19일 11시,목요일,강원도 강릉시 주문진읍,경상사고,0,0,1,0,차대차 - 측면충돌,안전운전불이행,건조,맑음,교차로 - 교차로안,승용,남,39세,상해없음,원동기,남,74세,경상
2018071900100255,2018년 7월 19일 11시,목요일,강원도 삼척시 오분동,경상사고,0,0,4,0,차대차 - 추돌,안전거리미확보,건조,맑음,교차로 - 교차로부근,화물,남,70세,상해없음,승용,여,41세,경상
2018071900100284,2018년 7월 19일 12시,목요일,강원도 원주시 지정면,경상사고,0,0,1,0,차대차 - 측면충돌,직진우회전진행방해,건조,맑음,교차로 - 교차로안,승용,남,44세,상해없음,승용,남,26세,경상
2018071900100285,2018년 7월 19일 12시,목요일,강원도 횡성군 서원면,중상사고,0,2,1,0,차대차 - 측면충돌,안전운전불이행,건조,맑음,교차로 - 교차로안,승용,여,59세,상해없음,화물,남,25세,경상
2018071900100286,2018년 7월 19일 12시,목요일,강원도 고성군 죽왕면,중상사고,0,1,0,0,차대차 - 기타,안전운전불이행,건조,맑음,기타 - 기타,승용,남,57세,상해없음,자전거,남,67세,중상
2018071900100323,2018년 7월 19일 13시,목요일,강원도 강릉시 옥계면,경상사고,0,0,2,0,차대차 - 측면충돌,안전운전불이행,건조,맑음,교차로 - 교차로안,승용,여,42세,상해없음,화물,남,47세,경상
2018071900100360,2018년 7월 19일 14시,목요일,강원도 원주시 중앙동,경상사고,0,0,2,0,차대차 - 측면충돌,신호위반,건조,맑음,교차로 - 교차로안,승용,여,59세,기타불명,승용,여,53세,경상
2018071900100361,2018년 7월 19일 14시,목요일,강원도 동해시 발한동,중상사고,0,1,1,0,차대차 - 측면충돌,안전운전불이행,건조,맑음,교차로 - 교차로안,승용,남,55세,상해없음,승용,남,37세,중상
2018071900100385,2018년 7월 19일 15시,목요일,강원도 강릉시 포남동,경상사고,0,0,1,0,차대차 - 측면충돌,안전운전불이행,건조,맑음,교차로 - 교차로안,승용,남,27세,상해없음,승용,남,22세,경상
2018071900100386,2018년 7월 19일 15시,목요일,강원도 속초시 노학동,경상사고,0,0,2,0,차대차 - 측면충돌,안전운전불이행,건조,맑음,단일로 - 기타,승용,남,24세,상해없음,승합,남,50세,상해없음
2018071900100421,2018년 7월 19일 16시,목요일,강원도 원주시 단계동,경상사고,0,0,2,0,차대차 - 추돌,안전운전불이행,건조,맑음,단일로 - 기타,승용,남,21세,상해없음,승용,여,44세,경상
2018071900100475,2018년 7월 19일 17시,목요일,강원도 춘천시 동면,경상사고,0,0,1,0,차대차 - 측면충돌,안전운전불이행,건조,맑음,교차로 - 교차로안,승용,남,36세,상해없음,이륜,남,23세,경상
2018071900100476,2018년 7월 19일 17시,목요일,강원도 원주시 단구동,중상사고,0,2,0,0,차대차 - 측면충돌,신호위반,건조,맑음,교차로 - 교차로안,승용,남,44세,상해없음,승용,남,60세,중상
2018071900100477,2018년 7월 19일 17시,목요일,강원도 영월군 영월읍,경상사고,0,0,1,0,차대사람 - 횡단중,보행자보호의무위반,건조,맑음,단일로 - 기타,승용,여,53세,상해없음,보행자,남,12세,경상
2018071900100538,2018년 7월 19일 18시,목요일,강원도 춘천시 서면,경상사고,0,0,1,0,차대차 - 추돌,안전거리미확보,건조,맑음,단일로 - 기타,화물,남,80세,상해없음,승용,남,46세,경상
2018071900100539,2018년 7월 19일 18시,목요일,강원도 속초시 영랑동,경상사고,0,0,3,0,차대차 - 측면충돌,안전운전불이행,건조,맑음,교차로 - 교차로안,승용,여,63세,경상,승용,여,48세,경상
2018071900100586,2018년 7월 19일 19시,목요일,강원도 속초시 중앙동,경상사고,0,0,1,0,차대사람 - 기타,안전운전불이행,건조,맑음,단일로 - 지하차도(도로)내,기타불명,기타불명,미분류,기타불명,보행자,남,52세,경상
2018071900100617,2018년 7월 19일 20시,목요일,강원도 홍천군 홍천읍,경상사고,0,0,1,0,차대차 - 기타,신호위반,건조,맑음,교차로 - 교차로안,승용,여,58세,상해없음,승용,여,46세,경상
2018071900100685,2018년 7월 19일 22시,목요일,강원도 속초시 청학동,경상사고,0,0,2,0,차대차 - 기타,중앙선침범,건조,맑음,단일로 - 기타,이륜,남,18세,상해없음,승용,남,38세,상해없음
2018071900100708,2018년 7월 19일 23시,목요일,강원도 춘천시 석사동,경상사고,0,0,1,0,차대사람 - 횡단중,안전운전불이행,건조,맑음,교차로 - 교차로안,화물,남,48세,상해없음,보행자,남,41세,경상
2018071900100709,2018년 7월 19일 23시,목요일,강원도 원주시 단계동,경상사고,0,0,2,0,차대차 - 측면충돌,신호위반,건조,맑음,교차로 - 교차로안,승용,남,23세,상해없음,승용,남,67세,경상
2018072000100056,2018년 7월 20일 05시,금요일,강원도 춘천시 온의동,경상사고,0,0,1,0,차대사람 - 기타,안전운전불이행,건조,맑음,단일로 - 기타,승용,남,77세,상해없음,보행자,여,67세,경상
2018072000100125,2018년 7월 20일 08시,금요일,강원도 정선군 고한읍,경상사고,0,0,3,0,차대차 - 추돌,안전운전불이행,건조,맑음,단일로 - 기타,승용,남,53세,경상,승용,남,61세,경상
2018072000100126,2018년 7월 20일 08시,금요일,강원도 고성군 죽왕면,중상사고,0,1,0,0,차대차 - 측면충돌,안전운전불이행,건조,맑음,교차로 - 교차로안,이륜,남,77세,중상,승용,여,54세,상해없음
2018072000100178,2018년 7월 20일 09시,금요일,강원도 강릉시 구정면,경상사고,0,0,1,0,차대차 - 기타,안전운전불이행,건조,맑음,교차로 - 교차로안,승용,여,46세,상해없음,화물,남,34세,경상
2018072000100213,2018년 7월 20일 10시,금요일,강원도 강릉시 임당동,경상사고,0,0,1,0,차대차 - 추돌,안전운전불이행,건조,맑음,단일로 - 기타,승용,여,42세,상해없음,화물,남,61세,경상
2018072000100214,2018년 7월 20일 10시,금요일,강원도 속초시 동명동,경상사고,0,0,2,0,차대차 - 측면충돌,안전운전불이행,건조,맑음,교차로 - 교차로안,승용,여,47세,상해없음,승용,남,60세,경상
2018072000100284,2018년 7월 20일 12시,금요일,강원도 강릉시 사천면,경상사고,0,0,3,0,차대차 - 측면충돌,안전운전불이행,건조,맑음,교차로 - 교차로안,승용,여,49세,상해없음,승용,여,60세,경상
2018072000100285,2018년 7월 20일 12시,금요일,강원도 원주시 인동,중상사고,0,2,0,0,차대차 - 측면충돌,안전운전불이행,건조,맑음,기타 - 기타,승용,여,45세,기타불명,이륜,남,75세,중상
2018072000100286,2018년 7월 20일 12시,금요일,강원도 태백시 황지동,중상사고,0,1,0,1,차대차 - 측면충돌,안전운전불이행,건조,맑음,교차로 - 교차로안,승용,남,78세,상해없음,화물,남,28세,부상신고
2018072000100327,2018년 7월 20일 13시,금요일,강원도 춘천시 서면,사망사고,1,0,0,0,차량단독 - 기타,안전운전불이행,건조,맑음,단일로 - 기타,승용,남,38세,상해없음,,,,
2018072000100328,2018년 7월 20일 13시,금요일,강원도 강릉시 안현동,경상사고,0,0,2,0,차대차 - 측면충돌,안전운전불이행,건조,맑음,단일로 - 기타,승용,남,73세,상해없음,승용,남,32세,경상
2018072000100329,2018년 7월 20일 13시,금요일,강원도 속초시 교동,경상사고,0,0,2,0,차대차 - 추돌,안전운전불이행,건조,맑음,단일로 - 지하차도(도로)내,승합,남,73세,상해없음,승용,여,61세,경상
2018072000100358,2018년 7월 20일 14시,금요일,강원도 강릉시 교동,경상사고,0,0,1,0,차대사람 - 기타,안전운전불이행,건조,맑음,교차로 - 교차로안,승용,여,46세,상해없음,보행자,남,7세,경상
2018072000100359,2018년 7월 20일 14시,금요일,강원도 원주시 학성동,경상사고,0,0,1,0,차대차 - 측면충돌,신호위반,건조,맑음,교차로 - 교차로안,승용,남,23세,상해없음,승용,여,44세,경상