사고번호,사고일시,요일,시군구,사고내용,사망자수,중상자수,경상자수,부상신고자수,사고유형,법규위반,노면상태,기상상태,도로형태,가해운전자 차종,가해운전자 성별,가해운전자 연령,가해운전자 상해정도,피해운전자 차종,피해운전자 성별,피해운전자 연령,피해운전자 상해정도
2018072500100466,2018년 7월 25일 18시,수요일,강원도 강릉시 주문진읍,중상사고,0,1,0,0,차대사람 - 차도통행중,안전운전불이행,건조,맑음,교차로 - 교차로부근,승용,남,42세,상해없음,보행자,여,28세,중상
2018072500100467,2018년 7월 25일 18시,수요일,강원도 원주시 문막읍,경상사고,0,0,1,0,차대차 - 기타,안전운전불이행,건조,맑음,교차로 - 교차로부근,승용,남,27세,상해없음,이륜,남,20세,경상
2018072500100468,2018년 7월 25일 18시,수요일,강원도 평창군 대관령면,중상사고,0,4,0,0,차량단독 - 공작물충돌,안전운전불이행,기타,맑음,단일로 - 기타,화물,남,70세,상해없음,,,,
2018072500100518,2018년 7월 25일 19시,수요일,강원도 영월군 영월읍,중상사고,0,1,0,1,차대차 - 측면충돌,안전운전불이행,건조,맑음,단일로 - 지하차도(도로)내,이륜,남,38세,부상신고,승용,남,27세,중상
2018072500100604,2018년 7월 25일 22시,수요일,강원도 춘천시 효자동,경상사고,0,0,1,0,차대차 - 측면충돌,안전운전불이행,건조,맑음,교차로 - 교차로부근,이륜,남,17세,기타불명,이륜,남,47세,경상
2018072500100605,2018년 7월 25일 22시,수요일,강원도 강릉시 성내동,중상사고,0,1,0,0,차대사람 - 횡단중,보행자보호의무위반,건조,맑음,교차로 - 교차로횡단보도내,승용,여,54세,상해없음,보행자,남,50세,중상
2018072500100606,2018년 7월 25일 22시,수요일,강원도 횡성군 횡성읍,중상사고,0,1,0,0,차대차 - 측면충돌,안전운전불이행,건조,맑음,교차로 - 교차로안,승용,남,63세,상해없음,이륜,남,40세,중상
2018072500100638,2018년 7월 25일 23시,수요일,강원도 원주시 흥업면,경상사고,0,0,1,0,차대차 - 추돌,안전운전불이행,건조,맑음,단일로 - 기타,승용,남,72세,상해없음,승용,남,38세,경상
2018072600100127,2018년 7월 26일 08시,목요일,강원도 원주시 학성동,경상사고,0,0,1,0,차대차 - 측면충돌,안전거리미확보,건조,맑음,단일로 - 기타,승용,남,76세,상해없음,승용,남,25세,경상
2018072600100162,2018년 7월 26일 09시,목요일,강원도 원주시 무실동,경상사고,0,0,2,0,차대차 - 추돌,안전거리미확보,건조,맑음,교차로 - 교차로부근,승합,남,46세,상해없음,승용,남,69세,경상
2018072600100229,2018년 7월 26일 11시,목요일,강원도 강릉시 송정동,경상사고,0,0,1,0,차대차 - 측면충돌,중앙선침범,건조,맑음,단일로 - 기타,화물,남,62세,상해없음,승용,남,43세,경상
2018072600100252,2018년 7월 26일 12시,목요일,강원도 홍천군 홍천읍,중상사고,0,1,0,0,차대차 - 기타,교차로운행방법위반,건조,맑음,교차로 - 교차로안,승용,여,45세,상해없음,이륜,남,39세,중상
2018072600100287,2018년 7월 26일 13시,목요일,강원도 평창군 대화면,경상사고,0,0,1,0,차대차 - 추돌,안전운전불이행,건조,맑음,단일로 - 기타,승용,남,37세,상해없음,승용,남,72세,경상
2018072600100351,2018년 7월 26일 15시,목요일,강원도 춘천시 효자동,경상사고,0,0,1,0,차대차 - 기타,안전운전불이행,건조,맑음,단일로 - 기타,이륜,남,24세,상해없음,화물,남,58세,상해없음
2018072600100352,2018년 7월 26일 15시,목요일,강원도 평창군 대화면,경상사고,0,0,1,1,차대차 - 정면충돌,중앙선침범,기타,맑음,단일로 - 기타,화물,남,65세,부상신고,화물,남,50세,경상
2018072600100383,2018년 7월 26일 16시,목요일,강원도 속초시 대포동,중상사고,0,1,0,0,차대차 - 추돌,안전운전불이행,건조,맑음,교차로 - 교차로부근,화물,남,58세,상해없음,승용,남,54세,중상
2018072600100414,2018년 7월 26일 17시,목요일,강원도 강릉시 성남동,경상사고,0,0,1,0,차대차 - 측면충돌,안전운전불이행,건조,맑음,단일로 - 기타,승용,남,30세,상해없음,이륜,남,82세,경상
2018072600100415,2018년 7월 26일 17시,목요일,강원도 홍천군 남면,중상사고,0,1,0,0,차대차 - 측면충돌,직진우회전진행방해,건조,맑음,교차로 - 교차로안,승합,남,71세,상해없음,농기계,남,85세,중상
2018072600100582,2018년 7월 26일 22시,목요일,강원도 철원군 동송읍,중상사고,0,1,0,0,차대차 - 측면충돌,직진우회전진행방해,건조,맑음,교차로 - 교차로안,승용,남,19세,상해없음,이륜,남,33세,중상
2018072700100073,2018년 7월 27일 06시,금요일,강원도 태백시 황지동,경상사고,0,0,2,0,차대차 - 측면충돌,차로위반,건조,맑음,단일로 - 기타,화물,남,59세,상해없음,승용,남,57세,경상
2018072700100094,2018년 7월 27일 07시,금요일,강원도 고성군 거진읍,경상사고,0,0,2,0,차대차 - 추돌,직진우회전진행방해,건조,맑음,교차로 - 교차로안,승용,여,53세,상해없음,화물,남,74세,경상
2018072700100201,2018년 7월 27일 10시,금요일,강원도 춘천시 석사동,경상사고,0,0,1,0,차대차 - 추돌,안전운전불이행,건조,맑음,교차로 - 교차로안,승용,여,43세,상해없음,승용,남,64세,경상
2018072700100202,2018년 7월 27일 10시,금요일,강원도 원주시 명륜동,경상사고,0,0,2,0,차대차 - 측면충돌,안전운전불이행,건조,맑음,단일로 - 기타,건설기계,남,47세,상해없음,승용,여,34세,경상
2018072700100203,2018년 7월 27일 10시,금요일,강원도 삼척시 교동,경상사고,0,0,2,0,차대차 - 측면충돌,안전운전불이행,건조,맑음,교차로 - 교차로안,승용,여,57세,상해없음,승용,남,50세,경상
2018072700100301,2018년 7월 27일 13시,금요일,강원도 춘천시 남산면,경상사고,0,0,2,0,차대차 - 추돌,안전거리미확보,건조,맑음,교차로 - 교차로부근,승용,남,63세,상해없음,승용,남,49세,경상
2018072700100302,2018년 7월 27일 13시,금요일,강원도 원주시 반곡동,중상사고,0,1,3,0,차대차 - 정면충돌,중앙선침범,건조,맑음,교차로 - 교차로부근,승용,남,61세,기타불명,승용,남,41세,경상
2018072700100303,2018년 7월 27일 13시,금요일,강원도 원주시 학성동,경상사고,0,0,1,0,차대차 - 측면충돌,안전운전불이행,건조,맑음,교차로 - 교차로부근,승용,남,45세,기타불명,화물,남,59세,경상
2018072700100339,2018년 7월 27일 14시,금요일,강원도 춘천시 온의동,경상사고,0,0,1,0,차대차 - 기타,안전운전불이행,건조,맑음,교차로 - 교차로부근,기타불명,기타불명,미분류,기타불명,승용,남,25세,경상
2018072700100340,2018년 7월 27일 14시,금요일,강원도 춘천시 서면,경상사고,0,0,1,0,차대차 - 측면충돌,안전운전불이행,건조,맑음,단일로 - 기타,승용,남,38세,상해없음,화물,남,40세,경상
2018072700100341,2018년 7월 27일 14시,금요일,강원도 양구군 양구읍,경상사고,0,0,2,0,차대차 - 측면충돌,직진우회전진행방해,건조,맑음,교차로 - 교차로안,승용,여,45세,경상,승용,여,37세,경상
2018072700100381,2018년 7월 27일 15시,금요일,강원도 춘천시 신동면,경상사고,0,0,1,0,차대차 - 측면충돌,중앙선침범,건조,맑음,단일로 - 기타,승용,여,71세,상해없음,승용,여,53세,경상
2018072700100382,2018년 7월 27일 15시,금요일,강원도 태백시 화전동,경상사고,0,0,1,0,차대차 - 측면충돌,안전운전불이행,건조,맑음,단일로 - 기타,승용,남,60세,상해없음,승용,남,39세,경상
2018072700100424,2018년 7월 27일 16시,금요일,강원도 강릉시 교동,경상사고,0,0,5,0,차대차 - 측면충돌,안전운전불이행,건조,맑음,단일로 - 기타,승용,여,59세,상해없음,화물,남,48세,상해없음
2018072700100523,2018년 7월 27일 18시,금요일,강원도 춘천시 후평동,중상사고,0,1,0,0,차대사람 - 기타,안전운전불이행,건조,맑음,단일로 - 기타,화물,남,48세,상해없음,보행자,여,21세,중상
2018072700100558,2018년 7월 27일 19시,금요일,강원도 춘천시 신북읍,경상사고,0,0,1,0,차대차 - 측면충돌,안전운전불이행,건조,맑음,교차로 - 교차로부근,승용,여,59세,상해없음,자전거,남,74세,경상
2018072700100559,2018년 7월 27일 19시,금요일,강원도 원주시 일산동,경상사고,0,0,1,0,차대차 - 정면충돌,교차로운행방법위반,건조,맑음,교차로 - 교차로안,승용,남,30세,상해없음,이륜,남,48세,경상
2018072700100560,2018년 7월 27일 19시,금요일,강원도 양양군 서면,중상사고,0,1,0,0,차대차 - 측면충돌,안전운전불이행,건조,맑음,교차로 - 교차로안,승용,여,31세,상해없음,자전거,남,75세,중상
2018072700100601,2018년 7월 27일 20시,금요일,강원도 춘천시 남산면,중상사고,0,2,0,0,차대차 - 측면충돌,직진우회전진행방해,건조,맑음,교차로 - 교차로안,승용,여,34세,상해없음,화물,남,67세,중상
2018072700100602,2018년 7월 27일 20시,금요일,강원도 강릉시 옥천동,중상사고,0,1,0,0,차대사람 - 횡단중,보행자보호의무위반,건조,맑음,교차로 - 교차로횡단보도내,승용,여,71세,상해없음,보행자,남,76세,중상
2018072700100719,2018년 7월 27일 23시,금요일,강원도 원주시 학성동,경상사고,0,0,1,0,차대차 - 측면충돌,중앙선침범,건조,맑음,단일로 - 기타,승용,남,28세,상해없음,승용,남,24세,경상
2018072800100152,2018년 7월 28일 09시,토요일,강원도 속초시 조양동,경상사고,0,0,1,0,차대차 - 측면충돌,직진우회전진행방해,건조,맑음,교차로 - 교차로안,승용,남,56세,상해없음,승용,남,67세,경상
2018072800100184,2018년 7월 28일 10시,토요일,강원도 춘천시 근화동,경상사고,0,0,3,1,차대차 - 추돌,안전운전불이행,건조,맑음,단일로 - 기타,건설기계,남,61세,상해없음,승용,여,54세,경상
2018072800100185,2018년 7월 28일 10시,토요일,강원도 홍천군 홍천읍,경상사고,0,0,1,0,차대차 - 기타,교차로운행방법위반,건조,맑음,교차로 - 교차로안,화물,남,55세,상해없음,승용,남,50세,경상
2018072800100186,2018년 7월 28일 10시,토요일,강원도 철원군 동송읍,중상사고,0,4,1,0,차대차 - 측면충돌,직진우회전진행방해,건조,맑음,교차로 - 교차로안,화물,남,60세,경상,승용,남,27세,중상
2018072800100218,2018년 7월 28일 11시,토요일,강원도 정선군 남면,중상사고,0,4,0,0,차대차 - 정면충돌,중앙선침범,건조,맑음,단일로 - 기타,승용,남,43세,상해없음,승용,남,41세,상해없음
2018072800100263,2018년 7월 28일 12시,토요일,강원도 춘천시 칠전동,부상신고사고,0,0,0,1,차대차 - 측면충돌,안전거리미확보,건조,맑음,교차로 - 교차로안,승용,여,62세,상해없음,화물,남,65세,부상신고
2018072800100264,2018년 7월 28일 12시,토요일,강원도 춘천시 효자동,경상사고,0,0,1,0,차대차 - 측면충돌,중앙선침범,건조,맑음,단일로 - 기타,승용,남,21세,상해없음,승용,남,61세,경상
2018072800100265,2018년 7월 28일 12시,토요일,강원도 춘천시 효자동,경상사고,0,0,1,0,차대사람 - 횡단중,안전운전불이행,건조,맑음,교차로 - 교차로부근,기타불명,기타불명,미분류,기타불명,보행자,남,24세,경상
2018072800100298,2018년 7월 28일 13시,토요일,강원도 원주시 소초면,경상사고,0,0,1,0,차대차 - 추돌,안전운전불이행,건조,맑음,교차로 - 교차로부근,승용,남,58세,상해없음,승합,남,47세,경상
2018072800100299,2018년 7월 28일 13시,토요일,강원도 삼척시 근덕면,경상사고,0,0,2,0,차대차 - 측면충돌,안전운전불이행,건조,맑음,교차로 - 교차로안,이륜,남,71세,경상,승용,여,29세,경상
2018072800100300,2018년 7월 28일 13시,토요일,강원도 철원군 갈말읍,중상사고,0,1,1,0,차대차 - 측면충돌,신호위반,건조,맑음,교차로 - 교차로안,승용,여,31세,상해없음,승용,남,56세,중상
2018072800100333,2018년 7월 28일 14시,토요일,강원도 삼척시 근덕면,경상사고,0,0,3,0,차대차 - 측면충돌,안전운전불이행,건조,맑음,단일로 - 기타,승용,남,31세,상해없음,승용,남,50세,상해없음
2018072800100334,2018년 7월 28일 14시,토요일,강원도 인제군 남면,사망사고,1,0,0,0,차량단독 - 도로외이탈 - 추락,안전운전불이행,건조,맑음,단일로 - 기타,이륜,여,39세,사망,,,,
2018072800100392,2018년 7월 28일 16시,토요일,강원도 강릉시 연곡면,경상사고,0,0,1,0,차대차 - 측면충돌,안전운전불이행,건조,맑음,단일로 - 기타,이륜,남,49세,상해없음,이륜,남,60세,경상
2018072800100414,2018년 7월 28일 17시,토요일,강원도 정선군 사북읍,경상사고,0,0,1,0,차대차 - 측면충돌,안전운전불이행,건조,맑음,교차로 - 교차로부근,승용,남,47세,상해없음,승용,남,54세,경상
2018072800100452,2018년 7월 28일 18시,토요일,강원도 춘천시 남산면,중상사고,0,1,0,0,차대차 - 기타,안전운전불이행,건조,맑음,단일로 - 기타,화물,남,59세,상해없음,승합,남,35세,상해없음
2018072800100453,2018년 7월 28일 18시,토요일,강원도 원주시 태장동,부상신고사고,0,0,0,1,차대차 - 정면충돌,안전운전불이행,건조,맑음,단일로 - 기타,승용,여,44세,부상신고,이륜,남,45세,상해없음
2018072800100454,2018년 7월 28일 18시,토요일,강원도 철원군 철원읍,경상사고,0,0,1,0,차대차 - 측면충돌,직진우회전진행방해,건조,맑음,교차로 - 교차로안,승용,남,65세,상해없음,승용,여,51세,경상
2018072800100537,2018년 7월 28일 21시,토요일,강원도 고성군 죽왕면,경상사고,0,0,1,0,차대차 - 기타,안전운전불이행,건조,맑음,교차로 - 교차로안,화물,남,58세,상해없음,승용,남,44세,상해없음
2018072800100591,2018년 7월 28일 23시,토요일,강원도 양양군 강현면,중상사고,0,3,0,0,차대차 - 추돌,안전운전불이행,건조,맑음,단일로 - 기타,승용,여,24세,상해없음,승용,남,28세,중상
2018072900100005,2018년 7월 29일 00시,일요일,강원도 원주시 학성동,경상사고,0,0,1,0,차대차 - 측면충돌,교차로운행방법위반,건조,맑음,교차로 - 교차로안,화물,남,55세,기타불명,승용,남,62세,경상
2018072900100022,2018년 7월 29일 01시,일요일,강원도 춘천시 석사동,경상사고,0,0,2,0,차대차 - 추돌,안전운전불이행,건조,맑음,단일로 - 기타,승용,여,50세,상해없음,승용,남,52세,경상
2018072900100037,2018년 7월 29일 02시,일요일,강원도 고성군 죽왕면,중상사고,0,1,0,0,차대차 - 기타,안전운전불이행,건조,기타,단일로 - 기타,화물,남,44세,상해없음,승용,남,47세,중상
2018072900100095,2018년 7월 29일 08시,일요일,강원도 춘천시 신북읍,중상사고,0,1,0,0,차대차 - 측면충돌,직진우회전진행방해,건조,맑음,교차로 - 교차로안,승합,여,51세,상해없음,자전거,남,32세,중상
2018072900100114,2018년 7월 29일 09시,일요일,강원도 영월군 무릉도원면,경상사고,0,0,1,0,차대차 - 측면충돌,안전운전불이행,건조,맑음,단일로 - 기타,이륜,남,67세,경상,승용,남,49세,상해없음
2018072900100155,2018년 7월 29일 11시,일요일,강원도 정선군 남면,중상사고,0,2,0,0,차대차 - 측면충돌,안전운전불이행,건조,맑음,교차로 - 교차로안,승용,남,24세,상해없음,승용,남,34세,중상
2018072900100179,2018년 7월 29일 12시,일요일,강원도 양양군 양양읍,경상사고,0,0,1,0,차대차 - 측면충돌,안전운전불이행,건조,맑음,기타 - 기타,승용,남,20세,상해없음,화물,남,58세,경상
2018072900100206,2018년 7월 29일 13시,일요일,강원도 춘천시 효자동,경상사고,0,0,3,2,차대차 - 추돌,안전운전불이행,건조,맑음,교차로 - 교차로부근,승용,여,26세,상해없음,승용,남,38세,경상
2018072900100207,2018년 7월 29일 13시,일요일,강원도 춘천시 동내면,경상사고,0,0,1,0,차대차 - 기타,안전운전불이행,건조,맑음,교차로 - 교차로안,승합,남,59세,상해없음,이륜,남,25세,경상
2018072900100208,2018년 7월 29일 13시,일요일,강원도 강릉시 연곡면,중상사고,0,3,0,0,차대차 - 기타,안전운전불이행,건조,맑음,교차로 - 교차로안,승용,남,46세,상해없음,승용,남,65세,상해없음
2018072900100268,2018년 7월 29일 15시,일요일,강원도 춘천시 동산면,사망사고,1,0,0,0,차량단독 - 전도전복 - 전도,안전운전불이행,건조,맑음,단일로 - 기타,이륜,남,31세,사망,미분류,미분류,미분류,미분류
2018072900100299,2018년 7월 29일 16시,일요일,강원도 평창군 용평면,중상사고,0,2,0,4,차대차 - 정면충돌,중앙선침범,건조,맑음,단일로 - 기타,승용,여,53세,부상신고,승용,여,63세,중상
2018072900100300,2018년 7월 29일 16시,일요일,강원도 철원군 동송읍,중상사고,0,1,0,0,차대차 - 추돌,안전거리미확보,건조,맑음,단일로 - 기타,화물,남,45세,상해없음,화물,남,55세,중상
2018072900100331,2018년 7월 29일 17시,일요일,강원도 강릉시 저동,중상사고,0,1,0,0,차대사람 - 횡단중,보행자보호의무위반,건조,맑음,교차로 - 교차로횡단보도내,승용,남,62세,상해없음,보행자,남,35세,중상
2018072900100332,2018년 7월 29일 17시,일요일,강원도 강릉시 연곡면,중상사고,0,4,0,0,차대차 - 정면충돌,중앙선침범,건조,맑음,단일로 - 기타,승용,남,19세,상해없음,승용,여,58세,중상
2018072900100333,2018년 7월 29일 17시,일요일,강원도 원주시 개운동,경상사고,0,0,2,0,차대차 - 측면충돌,안전운전불이행,건조,맑음,교차로 - 교차로안,승합,남,58세,상해없음,승용,남,55세,경상
2018072900100365,2018년 7월 29일 18시,일요일,강원도 원주시 소초면,경상사고,0,0,1,0,차대차 - 추돌,안전운전불이행,건조,맑음,단일로 - 기타,화물,남,24세,상해없음,승용,여,52세,경상
2018072900100366,2018년 7월 29일 18시,일요일,강원도 속초시 교동,경상사고,0,0,2,0,차대차 - 기타,안전운전불이행,건조,맑음,단일로 - 기타,이륜,남,19세,상해없음,승용,남,72세,상해없음
2018072900100367,2018년 7월 29일 18시,일요일,강원도 영월군 영월읍,중상사고,0,1,0,0,차대차 - 측면충돌,교차로운행방법위반,건조,맑음,교차로 - 교차로안,승용,남,47세,상해없음,이륜,남,60세,중상
2018072900100399,2018년 7월 29일 19시,일요일,강원도 철원군 근남면,중상사고,0,2,2,0,차대차 - 측면충돌,중앙선침범,건조,맑음,교차로 - 교차로부근,승용,남,56세,중상,승합,남,49세,경상
2018072900100424,2018년 7월 29일 20시,일요일,강원도 춘천시 후평동,경상사고,0,0,1,0,차대차 - 측면충돌,교차로운행방법위반,건조,맑음,교차로 - 교차로안,승용,남,48세,상해없음,이륜,남,17세,경상
2018072900100425,2018년 7월 29일 20시,일요일,강원도 속초시 장사동,경상사고,0,0,2,0,차대차 - 추돌,안전운전불이행,건조,맑음,기타 - 기타,화물,남,56세,상해없음,승용,남,39세,경상
2018072900100426,2018년 7월 29일 20시,일요일,강원도 태백시 황지동,경상사고,0,0,1,0,차대차 - 측면충돌,안전운전불이행,젖음/습기,비,단일로 - 기타,승용,남,46세,상해없음,승용,남,48세,경상
2018072900100459,2018년 7월 29일 21시,일요일,강원도 원주시 우산동,경상사고,0,0,1,0,차대차 - 측면충돌,안전운전불이행,건조,맑음,교차로 - 교차로부근,화물,남,52세,상해없음,승용,남,28세,상해없음
2018073000100056,2018년 7월 30일 06시,월요일,강원도 동해시 이도동,경상사고,0,0,1,0,차대차 - 측면충돌,직진우회전진행방해,건조,맑음,교차로 - 교차로안,승용,남,67세,상해없음,승용,남,47세,경상
2018073000100107,2018년 7월 30일 08시,월요일,강원도 영월군 남면,사망사고,1,1,0,0,차대차 - 정면충돌,교차로운행방법위반,건조,맑음,교차로 - 교차로안,화물,여,59세,중상,승용,여,68세,사망
2018073000100150,2018년 7월 30일 09시,월요일,강원도 강릉시 주문진읍,경상사고,0,0,1,0,차대차 - 측면충돌,안전운전불이행,건조,흐림,교차로 - 교차로안,승용,남,70세,상해없음,화물,남,30세,경상
2018073000100151,2018년 7월 30일 09시,월요일,강원도 원주시 판부면,경상사고,0,0,1,1,차대차 - 측면충돌,안전운전불이행,건조,맑음,교차로 - 교차로안,승용,여,58세,부상신고,승용,여,65세,경상
2018073000100217,2018년 7월 30일 11시,월요일,강원도 고성군 현내면,경상사고,0,0,1,0,차대차 - 측면충돌,중앙선침범,건조,맑음,기타 - 기타,승용,남,79세,상해없음,승용,여,24세,경상
2018073000100269,2018년 7월 30일 12시,월요일,강원도 횡성군 우천면,경상사고,0,0,3,0,차대차 - 기타,기타,건조,맑음,단일로 - 교량,화물,남,51세,상해없음,승용,남,21세,경상
2018073000100301,2018년 7월 30일 13시,월요일,강원도 강릉시 옥천동,경상사고,0,0,1,0,차대차 - 기타,안전운전불이행,건조,맑음,단일로 - 기타,승용,남,43세,상해없음,승용,여,62세,경상
2018073000100302,2018년 7월 30일 13시,월요일,강원도 강릉시 유산동,경상사고,0,0,1,1,차대차 - 추돌,안전운전불이행,건조,맑음,단일로 - 기타,승용,여,54세,상해없음,승용,남,60세,경상
2018073000100303,2018년 7월 30일 13시,월요일,강원도 속초시 교동,경상사고,0,0,2,0,차대차 - 측면충돌,안전운전불이행,건조,맑음,단일로 - 기타,승용,남,45세,상해없음,승용,남,59세,경상
2018073000100304,2018년 7월 30일 13시,월요일,강원도 속초시 교동,중상사고,0,1,0,0,차대사람 - 보도통행중,기타,건조,맑음,단일로 - 기타,승용,남,67세,상해없음,보행자,여,69세,중상
2018073000100341,2018년 7월 30일 14시,월요일,강원도 인제군 북면,경상사고,0,0,1,0,차대차 - 측면충돌,안전운전불이행,건조,맑음,단일로 - 기타,승용,남,40세,상해없음,승용,남,64세,경상
2018073000100420,2018년 7월 30일 16시,월요일,강원도 고성군 죽왕면,경상사고,0,0,2,0,차대차 - 추돌,안전운전불이행,건조,맑음,기타 - 기타,승용,남,38세,상해없음,승용,여,22세,경상
2018073000100421,2018년 7월 30일 16시,월요일,강원도 고성군 토성면,경상사고,0,0,1,0,차대차 - 기타,안전운전불이행,건조,맑음,단일로 - 기타,건설기계,남,61세,상해없음,화물,남,60세,상해없음
2018073000100422,2018년 7월 30일 16시,월요일,강원도 평창군 봉평면,경상사고,0,0,1,0,차대차 - 기타,안전거리미확보,건조,맑음,단일로 - 기타,승용,여,43세,상해없음,승용,여,43세,경상
2018073000100459,2018년 7월 30일 17시,월요일,강원도 춘천시 동산면,경상사고,0,0,1,0,차대차 - 기타,중앙선침범,건조,맑음,단일로 - 기타,승용,남,36세,상해없음,승용,남,60세,경상
2018073000100460,2018년 7월 30일 17시,월요일,강원도 춘천시 효자동,중상사고,0,1,0,0,차대사람 - 차도통행중,안전운전불이행,건조,맑음,단일로 - 기타,승용,남,36세,상해없음,보행자,여,78세,중상
2018073000100560,2018년 7월 30일 19시,월요일,강원도 춘천시 운교동,경상사고,0,0,1,0,차대차 - 후진중충돌,안전운전불이행,건조,맑음,교차로 - 교차로부근,승용,여,38세,상해없음,승용,여,33세,경상
2018073000100587,2018년 7월 30일 20시,월요일,강원도 강릉시 성산면,중상사고,0,1,1,0,차량단독 - 공작물충돌,안전운전불이행,건조,맑음,단일로 - 기타,화물,남,56세,경상,,,,
2018073000100617,2018년 7월 30일 21시,월요일,강원도 원주시 단계동,경상사고,0,0,1,0,차대사람 - 횡단중,안전운전불이행,건조,맑음,단일로 - 기타,승용,남,62세,상해없음,보행자,남,81세,경상
2018073000100652,2018년 7월 30일 22시,월요일,강원도 동해시 천곡동,경상사고,0,0,3,0,차대차 - 측면충돌,안전거리미확보,건조,맑음,단일로 - 지하차도(도로)내,승용,여,63세,상해없음,승용,남,25세,경상
2018073100100016,2018년 7월 31일 01시,화요일,강원도 속초시 교동,경상사고,0,0,1,0,차대차 - 측면충돌,신호위반,건조,맑음,교차로 - 교차로안,승용,여,53세,상해없음,승용,남,63세,경상
2018073100100081,2018년 7월 31일 07시,화요일,강원도 춘천시 동면,경상사고,0,0,1,0,차대차 - 측면충돌,안전운전불이행,건조,맑음,단일로 - 기타,이륜,남,60세,경상,화물,남,47세,상해없음
2018073100100082,2018년 7월 31일 07시,화요일,강원도 원주시 평원동,경상사고,0,0,2,0,차대차 - 추돌,안전거리미확보,건조,맑음,단일로 - 기타,승용,남,40세,경상,승용,남,45세,경상
2018073100100107,2018년 7월 31일 08시,화요일,강원도 원주시 소초면,경상사고,0,0,3,0,차대차 - 측면충돌,직진우회전진행방해,건조,맑음,교차로 - 교차로안,화물,남,43세,상해없음,승용,남,51세,경상
2018073100100108,2018년 7월 31일 08시,화요일,강원도 삼척시 갈천동,경상사고,0,0,1,0,차대차 - 측면충돌,직진우회전진행방해,건조,맑음,교차로 - 교차로안,승용,남,61세,상해없음,승용,남,48세,경상
2018073100100145,2018년 7월 31일 09시,화요일,강원도 홍천군 서석면,부상신고사고,0,0,0,1,차량단독 - 전도전복 - 전복,안전운전불이행,건조,맑음,단일로 - 기타,승용,남,75세,부상신고,미분류,미분류,미분류,미분류
2018073100100179,2018년 7월 31일 10시,화요일,강원도 원주시 문막읍,경상사고,0,0,1,0,차대차 - 측면충돌,안전운전불이행,건조,맑음,단일로 - 기타,건설기계,남,62세,상해없음,승용,남,51세,경상
2018073100100242,2018년 7월 31일 12시,화요일,강원도 춘천시 우두동,경상사고,0,0,1,0,차대차 - 측면충돌,교차로운행방법위반,건조,맑음,교차로 - 교차로안,승합,남,41세,상해없음,승용,남,40세,상해없음
2018073100100243,2018년 7월 31일 12시,화요일,강원도 원주시 판부면,경상사고,0,0,5,0,차대차 - 추돌,안전운전불이행,건조,맑음,교차로 - 교차로안,승용,남,60세,상해없음,승용,여,46세,경상
2018073100100244,2018년 7월 31일 12시,화요일,강원도 속초시 영랑동,중상사고,0,3,3,0,차대차 - 측면충돌,안전운전불이행,건조,맑음,교차로 - 교차로안,승용,남,66세,상해없음,승용,남,42세,중상
2018073100100278,2018년 7월 31일 13시,화요일,강원도 속초시 장사동,중상사고,0,2,2,0,차대차 - 측면충돌,중앙선침범,건조,맑음,단일로 - 기타,승용,남,60세,상해없음,승용,남,46세,중상
2018073100100279,2018년 7월 31일 13시,화요일,강원도 홍천군 내면,중상사고,0,2,2,0,차대차 - 기타,안전운전불이행,건조,맑음,교차로 - 교차로부근,화물,남,66세,중상,승용,남,31세,경상
2018073100100280,2018년 7월 31일 13시,화요일,강원도 고성군 간성읍,경상사고,0,0,2,0,차대차 - 기타,안전운전불이행,건조,맑음,교차로 - 교차로안,승용,남,30세,상해없음,승용,여,36세,경상
2018073100100352,2018년 7월 31일 15시,화요일,강원도 강릉시 강동면,중상사고,0,1,0,0,차대사람 - 기타,안전운전불이행,건조,맑음,기타 - 기타,승용,여,45세,상해없음,보행자,여,46세,중상
2018073100100353,2018년 7월 31일 15시,화요일,강원도 인제군 기린면,중상사고,0,1,0,0,차대차 - 정면충돌,안전운전불이행,건조,맑음,단일로 - 기타,승용,남,37세,상해없음,이륜,여,72세,중상
2018073100100354,2018년 7월 31일 15시,화요일,강원도 동해시 용정동,중상사고,0,1,0,0,차대차 - 측면충돌,중앙선침범,건조,맑음,단일로 - 기타,승용,여,64세,중상,승합,남,51세,상해없음
2018073100100385,2018년 7월 31일 16시,화요일,강원도 고성군 죽왕면,경상사고,0,0,2,0,차대차 - 측면충돌,안전운전불이행,건조,맑음,교차로 - 교차로안,승용,남,71세,상해없음,승용,남,28세,경상
2018073100100419,2018년 7월 31일 17시,화요일,강원도 원주시 반곡동,경상사고,0,0,1,0,차대차 - 추돌,안전운전불이행,건조,맑음,교차로 - 교차로부근,승용,남,39세,상해없음,승용,여,64세,경상
2018073100100420,2018년 7월 31일 17시,화요일,강원도 홍천군 서면,경상사고,0,0,2,0,차대차 - 정면충돌,안전운전불이행,건조,맑음,단일로 - 기타,화물,남,58세,상해없음,승용,남,62세,경상
2018073100100466,2018년 7월 31일 18시,화요일,강원도 춘천시 효자동,중상사고,0,1,0,0,차대사람 - 횡단중,보행자보호의무위반,건조,맑음,단일로 - 지하차도(도로)내,화물,여,37세,상해없음,보행자,남,59세,중상