사고번호,사고일시,요일,시군구,사고내용,사망자수,중상자수,경상자수,부상신고자수,사고유형,법규위반,노면상태,기상상태,도로형태,가해운전자 차종,가해운전자 성별,가해운전자 연령,가해운전자 상해정도,피해운전자 차종,피해운전자 성별,피해운전자 연령,피해운전자 상해정도
2018080500100090,2018년 8월 5일 07시,일요일,강원도 홍천군 홍천읍,중상사고,0,2,0,0,차량단독 - 공작물충돌,안전운전불이행,건조,맑음,단일로 - 기타,이륜,남,16세,중상,,,,
2018080500100099,2018년 8월 5일 08시,일요일,강원도 고성군 죽왕면,경상사고,0,0,2,0,차대차 - 후진중충돌,직진우회전진행방해,건조,맑음,기타 - 기타,화물,남,69세,상해없음,승용,남,36세,경상
2018080500100137,2018년 8월 5일 10시,일요일,강원도 원주시 무실동,부상신고사고,0,0,0,1,차대차 - 기타,과속,건조,맑음,교차로 - 교차로안,승용,남,62세,상해없음,승용,남,34세,상해없음
2018080500100138,2018년 8월 5일 10시,일요일,강원도 속초시 청호동,경상사고,0,0,1,0,차대차 - 측면충돌,안전운전불이행,건조,맑음,단일로 - 기타,승용,남,40세,상해없음,화물,남,55세,경상
2018080500100139,2018년 8월 5일 10시,일요일,강원도 횡성군 둔내면,중상사고,0,1,0,0,차대차 - 측면충돌,안전운전불이행,건조,맑음,단일로 - 기타,승용,남,75세,상해없음,이륜,남,35세,중상
2018080500100159,2018년 8월 5일 11시,일요일,강원도 정선군 고한읍,경상사고,0,0,2,0,차대차 - 추돌,안전운전불이행,건조,맑음,교차로 - 교차로부근,화물,남,57세,상해없음,승용,여,44세,경상
2018080500100160,2018년 8월 5일 11시,일요일,강원도 고성군 토성면,경상사고,0,0,2,0,차대차 - 측면충돌,안전거리미확보,건조,맑음,기타 - 기타,승용,여,20세,상해없음,승용,여,34세,상해없음
2018080500100179,2018년 8월 5일 12시,일요일,강원도 원주시 흥업면,경상사고,0,0,2,1,차대차 - 측면충돌,직진우회전진행방해,건조,맑음,교차로 - 교차로부근,승합,여,35세,상해없음,승용,여,54세,경상
2018080500100180,2018년 8월 5일 12시,일요일,강원도 횡성군 우천면,중상사고,0,1,2,0,차대차 - 기타,안전운전불이행,건조,맑음,교차로 - 교차로안,승용,남,50세,상해없음,승용,여,48세,경상
2018080500100205,2018년 8월 5일 13시,일요일,강원도 강릉시 포남동,경상사고,0,0,1,0,차대차 - 기타,안전운전불이행,건조,맑음,교차로 - 교차로부근,승용,남,80세,상해없음,자전거,남,72세,경상
2018080500100206,2018년 8월 5일 13시,일요일,강원도 평창군 대화면,중상사고,0,1,5,1,차대차 - 측면충돌,교차로운행방법위반,건조,맑음,단일로 - 기타,승용,남,42세,경상,승용,여,42세,경상
2018080500100207,2018년 8월 5일 13시,일요일,강원도 횡성군 우천면,경상사고,0,0,2,0,차대차 - 기타,안전운전불이행,건조,맑음,기타 - 기타,승용,남,31세,상해없음,승용,여,30세,경상
2018080500100238,2018년 8월 5일 14시,일요일,강원도 강릉시 주문진읍,경상사고,0,0,2,0,차대차 - 측면충돌,신호위반,건조,맑음,교차로 - 교차로안,승용,남,59세,상해없음,승용,남,72세,경상
2018080500100239,2018년 8월 5일 14시,일요일,강원도 속초시 조양동,중상사고,0,1,0,0,차대차 - 측면충돌,안전운전불이행,건조,맑음,단일로 - 기타,승용,여,55세,상해없음,이륜,남,18세,중상
2018080500100240,2018년 8월 5일 14시,일요일,강원도 속초시 노학동,경상사고,0,0,2,0,차대차 - 추돌,안전운전불이행,건조,맑음,단일로 - 지하차도(도로)내,승용,여,74세,상해없음,승용,남,47세,경상
2018080500100273,2018년 8월 5일 15시,일요일,강원도 속초시 교동,경상사고,0,0,4,0,차대차 - 측면충돌,신호위반,건조,맑음,교차로 - 교차로안,승용,남,57세,상해없음,승용,남,47세,경상
2018080500100274,2018년 8월 5일 15시,일요일,강원도 삼척시 정하동,중상사고,0,1,0,0,차대차 - 측면충돌,안전운전불이행,건조,맑음,단일로 - 기타,승용,여,72세,상해없음,원동기,남,79세,중상
2018080500100275,2018년 8월 5일 15시,일요일,강원도 동해시 구호동,중상사고,0,3,2,0,차대차 - 측면충돌,직진우회전진행방해,건조,맑음,교차로 - 교차로안,승용,남,47세,중상,건설기계,남,66세,경상
2018080500100303,2018년 8월 5일 16시,일요일,강원도 원주시 단계동,경상사고,0,0,1,0,차대사람 - 횡단중,안전운전불이행,건조,맑음,교차로 - 교차로부근,기타불명,기타불명,미분류,기타불명,보행자,여,21세,경상
2018080500100331,2018년 8월 5일 17시,일요일,강원도 강릉시 연곡면,경상사고,0,0,4,0,차대차 - 기타,중앙선침범,건조,맑음,단일로 - 기타,승용,남,64세,상해없음,승용,남,50세,경상
2018080500100332,2018년 8월 5일 17시,일요일,강원도 양양군 서면,중상사고,0,1,0,1,차대차 - 측면충돌,안전운전불이행,건조,맑음,단일로 - 기타,승용,여,53세,상해없음,승용,여,64세,중상
2018080500100359,2018년 8월 5일 18시,일요일,강원도 양양군 현남면,경상사고,0,0,1,0,차대차 - 측면충돌,안전운전불이행,건조,맑음,단일로 - 기타,승용,남,46세,상해없음,승용,남,35세,경상
2018080500100360,2018년 8월 5일 18시,일요일,강원도 속초시 교동,중상사고,0,1,0,0,차대차 - 측면충돌,안전운전불이행,건조,맑음,교차로 - 교차로안,승용,여,58세,상해없음,이륜,남,54세,중상
2018080500100442,2018년 8월 5일 21시,일요일,강원도 춘천시 동내면,경상사고,0,0,1,0,차대차 - 측면충돌,신호위반,건조,맑음,교차로 - 교차로안,승용,여,63세,상해없음,승용,남,35세,경상
2018080500100470,2018년 8월 5일 22시,일요일,강원도 춘천시 석사동,경상사고,0,0,1,0,차대차 - 측면충돌,직진우회전진행방해,건조,맑음,교차로 - 교차로안,승용,남,54세,상해없음,승합,남,47세,경상
2018080500100489,2018년 8월 5일 23시,일요일,강원도 강릉시 교동,중상사고,0,1,0,0,차대차 - 기타,과속,건조,맑음,단일로 - 기타,승용,남,40세,상해없음,승용,남,58세,중상
2018080600100017,2018년 8월 6일 02시,월요일,강원도 강릉시 강문동,중상사고,0,1,4,0,차대차 - 기타,안전운전불이행,젖음/습기,비,단일로 - 기타,승용,남,29세,상해없음,승용,남,27세,경상
2018080600100050,2018년 8월 6일 06시,월요일,강원도 원주시 태장동,경상사고,0,0,3,0,차대차 - 측면충돌,안전거리미확보,건조,맑음,교차로 - 교차로안,승용,남,42세,경상,승합,남,61세,상해없음
2018080600100113,2018년 8월 6일 09시,월요일,강원도 강릉시 금학동,경상사고,0,0,1,0,차대사람 - 횡단중,보행자보호의무위반,젖음/습기,비,단일로 - 기타,승용,남,51세,상해없음,보행자,남,70세,경상
2018080600100140,2018년 8월 6일 10시,월요일,강원도 홍천군 서석면,중상사고,0,1,0,0,차대차 - 기타,안전운전불이행,건조,맑음,단일로 - 기타,화물,남,34세,상해없음,자전거,남,79세,중상
2018080600100141,2018년 8월 6일 10시,월요일,강원도 횡성군 횡성읍,경상사고,0,0,5,0,차대차 - 추돌,신호위반,건조,맑음,단일로 - 기타,건설기계,남,37세,상해없음,화물,남,50세,경상
2018080600100177,2018년 8월 6일 11시,월요일,강원도 춘천시 후평동,경상사고,0,0,1,0,차대차 - 측면충돌,신호위반,건조,맑음,교차로 - 교차로안,승용,여,40세,상해없음,승용,남,51세,경상
2018080600100178,2018년 8월 6일 11시,월요일,강원도 춘천시 신동,중상사고,0,1,2,0,차대차 - 측면충돌,직진우회전진행방해,건조,맑음,교차로 - 교차로안,승용,남,77세,경상,승용,남,56세,경상
2018080600100180,2018년 8월 6일 11시,월요일,강원도 삼척시 근덕면,중상사고,0,1,1,0,차량단독 - 공작물충돌,안전운전불이행,젖음/습기,비,단일로 - 기타,승용,여,59세,경상,,,,
2018080600100181,2018년 8월 6일 11시,월요일,강원도 화천군 사내면,경상사고,0,0,1,0,차대차 - 측면충돌,안전운전불이행,건조,맑음,주차장 - 주차장,기타불명,기타불명,미분류,기타불명,승용,여,60세,경상
2018080600100226,2018년 8월 6일 12시,월요일,강원도 춘천시 약사동,중상사고,0,1,1,0,차대차 - 측면충돌,안전운전불이행,건조,맑음,교차로 - 교차로안,승용,남,64세,경상,승용,여,55세,중상
2018080600100227,2018년 8월 6일 12시,월요일,강원도 춘천시 석사동,경상사고,0,0,1,0,차대차 - 기타,안전운전불이행,건조,맑음,교차로 - 교차로부근,승용,여,53세,상해없음,자전거,남,10세,경상
2018080600100228,2018년 8월 6일 12시,월요일,강원도 강릉시 왕산면,경상사고,0,0,2,0,차대차 - 정면충돌,중앙선침범,젖음/습기,비,단일로 - 기타,승용,남,61세,상해없음,화물,남,55세,경상
2018080600100274,2018년 8월 6일 14시,월요일,강원도 춘천시 사농동,경상사고,0,0,6,0,차대차 - 추돌,안전거리미확보,건조,맑음,교차로 - 교차로안,승용,남,26세,경상,승용,남,61세,경상
2018080600100275,2018년 8월 6일 14시,월요일,강원도 춘천시 동면,경상사고,0,0,1,0,차대차 - 측면충돌,중앙선침범,건조,맑음,단일로 - 기타,승용,남,50세,상해없음,화물,남,27세,경상
2018080600100276,2018년 8월 6일 14시,월요일,강원도 춘천시 효자동,경상사고,0,0,1,0,차대차 - 측면충돌,교차로운행방법위반,건조,맑음,교차로 - 교차로안,승용,여,37세,상해없음,원동기,남,34세,경상
2018080600100277,2018년 8월 6일 14시,월요일,강원도 강릉시 안현동,중상사고,0,1,1,0,차대차 - 측면충돌,중앙선침범,젖음/습기,비,단일로 - 기타,승용,남,24세,상해없음,승용,남,49세,경상
2018080600100278,2018년 8월 6일 14시,월요일,강원도 평창군 방림면,경상사고,0,0,2,0,차대차 - 추돌,안전운전불이행,건조,맑음,단일로 - 기타,승용,여,35세,상해없음,승용,남,53세,경상
2018080600100354,2018년 8월 6일 16시,월요일,강원도 속초시 조양동,경상사고,0,0,1,0,차대차 - 측면충돌,신호위반,젖음/습기,비,교차로 - 교차로안,화물,남,32세,상해없음,승용,남,63세,경상
2018080600100393,2018년 8월 6일 17시,월요일,강원도 춘천시 석사동,경상사고,0,0,1,0,차대차 - 추돌,안전운전불이행,건조,맑음,교차로 - 교차로부근,승합,남,63세,상해없음,승용,여,55세,경상
2018080600100394,2018년 8월 6일 17시,월요일,강원도 춘천시 퇴계동,경상사고,0,0,1,0,차대차 - 추돌,안전운전불이행,건조,맑음,교차로 - 교차로안,화물,남,64세,상해없음,승용,여,57세,경상
2018080600100395,2018년 8월 6일 17시,월요일,강원도 태백시 황지동,경상사고,0,0,2,0,차대차 - 추돌,안전운전불이행,젖음/습기,비,단일로 - 기타,승용,여,36세,상해없음,승용,여,34세,경상
2018080600100438,2018년 8월 6일 18시,월요일,강원도 춘천시 신북읍,중상사고,0,1,0,0,차대차 - 측면충돌,교차로운행방법위반,건조,맑음,교차로 - 교차로안,화물,남,55세,상해없음,승용,남,77세,중상
2018080600100439,2018년 8월 6일 18시,월요일,강원도 원주시 우산동,경상사고,0,0,2,0,차대차 - 측면충돌,안전운전불이행,건조,맑음,교차로 - 교차로안,승용,남,78세,상해없음,승용,남,55세,경상
2018080600100440,2018년 8월 6일 18시,월요일,강원도 속초시 교동,경상사고,0,0,1,0,차대사람 - 차도통행중,안전운전불이행,기타,흐림,단일로 - 기타,승용,남,52세,상해없음,보행자,여,77세,경상
2018080600100441,2018년 8월 6일 18시,월요일,강원도 인제군 북면,경상사고,0,0,1,0,차대차 - 기타,안전운전불이행,건조,맑음,교차로 - 교차로부근,화물,남,78세,상해없음,승용,여,33세,경상
2018080600100529,2018년 8월 6일 21시,월요일,강원도 속초시 교동,중상사고,0,1,2,0,차대차 - 추돌,안전운전불이행,건조,맑음,단일로 - 지하차도(도로)내,화물,남,45세,상해없음,특수,남,35세,경상
2018080600100530,2018년 8월 6일 21시,월요일,강원도 평창군 용평면,경상사고,0,0,1,1,차대차 - 기타,안전거리미확보,건조,맑음,단일로 - 기타,화물,남,65세,상해없음,승용,남,46세,부상신고
2018080700100027,2018년 8월 7일 02시,화요일,강원도 춘천시 서면,경상사고,0,0,1,0,차대차 - 기타,차로위반,건조,맑음,단일로 - 기타,화물,남,36세,상해없음,승용,남,20세,경상
2018080700100044,2018년 8월 7일 04시,화요일,강원도 속초시 조양동,중상사고,0,1,0,0,차대사람 - 횡단중,중앙선침범,젖음/습기,흐림,단일로 - 기타,승용,남,53세,상해없음,보행자,남,43세,중상
2018080700100058,2018년 8월 7일 06시,화요일,강원도 춘천시 사북면,경상사고,0,0,1,0,차대차 - 기타,안전운전불이행,건조,맑음,단일로 - 기타,승용,남,61세,상해없음,특수,남,47세,경상
2018080700100071,2018년 8월 7일 07시,화요일,강원도 강릉시 주문진읍,경상사고,0,0,1,0,차대사람 - 횡단중,보행자보호의무위반,건조,맑음,단일로 - 기타,승용,여,37세,상해없음,보행자,여,6세,경상
2018080700100072,2018년 8월 7일 07시,화요일,강원도 원주시 지정면,중상사고,0,1,2,0,차대차 - 측면충돌,신호위반,건조,맑음,교차로 - 교차로안,승용,남,36세,중상,승용,남,30세,경상
2018080700100073,2018년 8월 7일 07시,화요일,강원도 고성군 토성면,경상사고,0,0,1,0,차대차 - 측면충돌,직진우회전진행방해,건조,맑음,교차로 - 교차로안,승용,남,58세,상해없음,특수,남,22세,경상
2018080700100099,2018년 8월 7일 08시,화요일,강원도 원주시 단계동,경상사고,0,0,2,0,차대차 - 측면충돌,교차로운행방법위반,건조,맑음,교차로 - 교차로안,승용,여,35세,상해없음,승용,남,23세,경상
2018080700100194,2018년 8월 7일 11시,화요일,강원도 영월군 영월읍,부상신고사고,0,0,0,1,차량단독 - 도로외이탈 - 추락,안전운전불이행,건조,맑음,단일로 - 기타,승용,남,78세,상해없음,,,,
2018080700100224,2018년 8월 7일 12시,화요일,강원도 원주시 태장동,경상사고,0,0,1,0,차대차 - 추돌,안전거리미확보,건조,맑음,단일로 - 기타,승용,남,59세,상해없음,화물,남,67세,경상
2018080700100225,2018년 8월 7일 12시,화요일,강원도 원주시 단구동,중상사고,0,1,0,0,차대사람 - 횡단중,보행자보호의무위반,건조,맑음,교차로 - 교차로안,승용,남,27세,상해없음,보행자,여,17세,중상
2018080700100261,2018년 8월 7일 13시,화요일,강원도 원주시 소초면,중상사고,0,1,0,0,차대차 - 기타,안전운전불이행,건조,맑음,단일로 - 기타,승용,남,28세,상해없음,화물,남,48세,중상
2018080700100330,2018년 8월 7일 15시,화요일,강원도 원주시 일산동,중상사고,0,2,0,0,차대차 - 추돌,안전거리미확보,건조,맑음,단일로 - 기타,승용,남,25세,상해없음,승용,남,68세,중상
2018080700100331,2018년 8월 7일 15시,화요일,강원도 원주시 단계동,경상사고,0,0,2,0,차대차 - 추돌,교차로운행방법위반,건조,맑음,교차로 - 교차로안,승용,여,55세,상해없음,승용,여,47세,경상
2018080700100332,2018년 8월 7일 15시,화요일,강원도 태백시 문곡동,중상사고,0,1,2,0,차대차 - 추돌,안전운전불이행,건조,맑음,교차로 - 교차로부근,승용,남,63세,상해없음,승용,남,37세,중상
2018080700100361,2018년 8월 7일 16시,화요일,강원도 강릉시 포남동,경상사고,0,0,2,0,차대차 - 측면충돌,안전운전불이행,건조,맑음,교차로 - 교차로안,승용,여,61세,상해없음,승용,남,27세,경상
2018080700100400,2018년 8월 7일 17시,화요일,강원도 춘천시 석사동,경상사고,0,0,2,0,차대차 - 측면충돌,신호위반,건조,맑음,교차로 - 교차로안,승용,여,51세,상해없음,승용,남,76세,경상
2018080700100401,2018년 8월 7일 17시,화요일,강원도 원주시 문막읍,경상사고,0,0,2,0,차대차 - 측면충돌,신호위반,건조,맑음,교차로 - 교차로안,화물,남,59세,상해없음,승용,남,31세,경상
2018080700100449,2018년 8월 7일 18시,화요일,강원도 춘천시 동면,경상사고,0,0,1,0,차대차 - 측면충돌,안전거리미확보,건조,맑음,단일로 - 기타,화물,남,63세,상해없음,승용,남,33세,경상
2018080700100450,2018년 8월 7일 18시,화요일,강원도 원주시 단계동,경상사고,0,0,1,0,차대차 - 측면충돌,중앙선침범,건조,맑음,교차로 - 교차로부근,승용,남,36세,상해없음,승용,여,48세,경상
2018080700100510,2018년 8월 7일 20시,화요일,강원도 양양군 서면,사망사고,1,4,2,0,차대차 - 추돌,안전운전불이행,건조,맑음,단일로 - 기타,특수,남,48세,사망,승용,남,21세,상해없음
2018080700100511,2018년 8월 7일 20시,화요일,강원도 양양군 양양읍,중상사고,0,2,2,1,차대차 - 추돌,안전운전불이행,건조,맑음,단일로 - 기타,승용,남,48세,경상,특수,남,25세,경상
2018080700100585,2018년 8월 7일 23시,화요일,강원도 태백시 황지동,중상사고,0,1,0,0,차대차 - 측면충돌,신호위반,건조,맑음,교차로 - 교차로안,승용,여,53세,상해없음,승용,남,56세,중상
2018080800100037,2018년 8월 8일 04시,수요일,강원도 강릉시 포남동,경상사고,0,0,2,0,차대차 - 측면충돌,안전운전불이행,건조,맑음,단일로 - 기타,승용,여,27세,상해없음,승용,여,49세,경상
2018080800100055,2018년 8월 8일 06시,수요일,강원도 원주시 무실동,중상사고,0,2,2,0,차대차 - 추돌,안전운전불이행,건조,맑음,교차로 - 교차로부근,화물,남,61세,상해없음,승합,남,48세,경상
2018080800100097,2018년 8월 8일 08시,수요일,강원도 강릉시 성산면,사망사고,1,0,0,0,차대사람 - 기타,안전운전불이행,건조,맑음,단일로 - 기타,화물,남,60세,상해없음,보행자,남,50세,사망
2018080800100098,2018년 8월 8일 08시,수요일,강원도 원주시 단구동,경상사고,0,0,1,0,차대차 - 측면충돌,안전운전불이행,건조,맑음,교차로 - 교차로안,승용,남,22세,상해없음,승용,여,41세,경상
2018080800100173,2018년 8월 8일 10시,수요일,강원도 원주시 우산동,중상사고,0,1,1,0,차대차 - 추돌,안전운전불이행,건조,맑음,단일로 - 기타,승합,남,50세,경상,화물,남,70세,중상
2018080800100199,2018년 8월 8일 11시,수요일,강원도 강릉시 옥계면,사망사고,1,0,0,0,차량단독 - 도로외이탈 - 추락,안전운전불이행,건조,흐림,교차로 - 교차로안,사륜오토바이(ATV),남,70세,사망,,,,
2018080800100200,2018년 8월 8일 11시,수요일,강원도 원주시 판부면,중상사고,0,1,0,0,차대사람 - 횡단중,안전운전불이행,건조,맑음,교차로 - 교차로안,화물,남,75세,상해없음,보행자,남,85세,중상
2018080800100201,2018년 8월 8일 11시,수요일,강원도 영월군 주천면,부상신고사고,0,0,0,1,차대사람 - 길가장자리구역통행중,안전운전불이행,건조,맑음,단일로 - 터널,건설기계,남,59세,상해없음,보행자,남,90세 이상,부상신고
2018080800100223,2018년 8월 8일 12시,수요일,강원도 원주시 개운동,경상사고,0,0,3,0,차대차 - 추돌,안전거리미확보,건조,맑음,단일로 - 기타,승용,남,41세,상해없음,승용,남,58세,경상
2018080800100257,2018년 8월 8일 13시,수요일,강원도 강릉시 교동,중상사고,0,1,0,0,차대사람 - 횡단중,안전운전불이행,건조,맑음,교차로 - 교차로안,승용,남,71세,상해없음,보행자,여,81세,중상
2018080800100287,2018년 8월 8일 14시,수요일,강원도 춘천시 사농동,경상사고,0,0,4,0,차대차 - 추돌,안전운전불이행,젖음/습기,비,단일로 - 기타,화물,남,55세,상해없음,승용,남,34세,경상
2018080800100328,2018년 8월 8일 15시,수요일,강원도 평창군 봉평면,중상사고,0,1,2,0,차대차 - 측면충돌,안전운전불이행,젖음/습기,흐림,단일로 - 기타,화물,남,62세,상해없음,승용,남,37세,중상
2018080800100358,2018년 8월 8일 16시,수요일,강원도 태백시 황지동,경상사고,0,0,1,1,차대차 - 측면충돌,교차로운행방법위반,건조,맑음,교차로 - 교차로안,승용,여,39세,기타불명,화물,남,67세,경상
2018080800100384,2018년 8월 8일 17시,수요일,강원도 동해시 망상동,경상사고,0,0,1,0,차대차 - 기타,안전운전불이행,젖음/습기,비,기타 - 기타,승합,남,50세,상해없음,승용,남,34세,경상
2018080800100431,2018년 8월 8일 18시,수요일,강원도 원주시 무실동,경상사고,0,0,1,0,차대차 - 측면충돌,안전운전불이행,건조,맑음,교차로 - 교차로안,승용,남,38세,상해없음,승용,남,52세,상해없음
2018080800100470,2018년 8월 8일 19시,수요일,강원도 원주시 단구동,경상사고,0,0,2,0,차대차 - 측면충돌,교차로운행방법위반,젖음/습기,비,교차로 - 교차로안,승용,남,41세,상해없음,승용,남,65세,경상
2018080800100471,2018년 8월 8일 19시,수요일,강원도 속초시 교동,중상사고,0,1,1,0,차대차 - 측면충돌,신호위반,건조,맑음,교차로 - 교차로안,승용,여,47세,상해없음,승용,남,57세,경상
2018080800100472,2018년 8월 8일 19시,수요일,강원도 홍천군 서석면,중상사고,0,1,1,0,차대차 - 기타,신호위반,건조,맑음,단일로 - 터널,승용,남,26세,상해없음,승용,남,26세,경상
2018080800100498,2018년 8월 8일 20시,수요일,강원도 원주시 중앙동,경상사고,0,0,3,1,차대차 - 측면충돌,신호위반,건조,맑음,교차로 - 교차로안,승용,여,57세,부상신고,승용,남,26세,경상
2018080800100524,2018년 8월 8일 21시,수요일,강원도 원주시 단구동,중상사고,0,1,0,0,차대차 - 측면충돌,중앙선침범,건조,맑음,교차로 - 교차로안,승용,여,22세,상해없음,이륜,여,24세,중상
2018080800100567,2018년 8월 8일 23시,수요일,강원도 원주시 문막읍,경상사고,0,0,1,0,차대차 - 추돌,안전운전불이행,건조,맑음,교차로 - 교차로부근,화물,남,40세,상해없음,승용,남,32세,경상
2018080900100048,2018년 8월 9일 04시,목요일,강원도 춘천시 중앙로2가,경상사고,0,0,1,0,차대사람 - 기타,안전운전불이행,건조,맑음,단일로 - 기타,승용,남,59세,상해없음,보행자,남,34세,경상
2018080900100214,2018년 8월 9일 11시,목요일,강원도 양양군 강현면,경상사고,0,0,2,0,차대차 - 측면충돌,중앙선침범,건조,맑음,단일로 - 지하차도(도로)내,화물,남,75세,상해없음,화물,남,35세,상해없음
2018080900100276,2018년 8월 9일 13시,목요일,강원도 원주시 단구동,경상사고,0,0,1,0,차대차 - 측면충돌,교차로운행방법위반,건조,맑음,교차로 - 교차로안,화물,남,78세,상해없음,승용,남,34세,경상
2018080900100277,2018년 8월 9일 13시,목요일,강원도 원주시 명륜동,경상사고,0,0,1,0,차대사람 - 횡단중,안전운전불이행,건조,맑음,단일로 - 기타,승용,남,48세,상해없음,보행자,여,19세,경상
2018080900100278,2018년 8월 9일 13시,목요일,강원도 원주시 판부면,경상사고,0,0,1,0,차대차 - 측면충돌,안전운전불이행,건조,맑음,교차로 - 교차로부근,승용,남,54세,상해없음,승용,남,52세,경상
2018080900100279,2018년 8월 9일 13시,목요일,강원도 인제군 북면,경상사고,0,0,2,0,차대차 - 후진중충돌,안전운전불이행,젖음/습기,비,단일로 - 기타,승용,남,56세,상해없음,승용,남,58세,경상
2018080900100343,2018년 8월 9일 15시,목요일,강원도 춘천시 온의동,중상사고,0,1,0,0,차대차 - 측면충돌,안전거리미확보,건조,맑음,교차로 - 교차로안,화물,남,50세,기타불명,승용,남,49세,중상
2018080900100344,2018년 8월 9일 15시,목요일,강원도 양양군 강현면,경상사고,0,0,2,0,차대차 - 측면충돌,안전운전불이행,건조,맑음,단일로 - 지하차도(도로)내,승용,남,50세,상해없음,승용,남,57세,경상
2018080900100345,2018년 8월 9일 15시,목요일,강원도 홍천군 북방면,중상사고,0,1,4,0,차대차 - 기타,과속,건조,맑음,교차로 - 교차로안,승용,남,18세,상해없음,승용,여,51세,경상
2018080900100389,2018년 8월 9일 16시,목요일,강원도 원주시 단계동,경상사고,0,0,1,0,차대차 - 측면충돌,신호위반,건조,맑음,교차로 - 교차로안,승용,남,62세,상해없음,승용,여,25세,경상
2018080900100390,2018년 8월 9일 16시,목요일,강원도 평창군 진부면,중상사고,0,1,3,6,차대차 - 정면충돌,중앙선침범,젖음/습기,흐림,단일로 - 기타,승용,남,46세,상해없음,승합,여,41세,경상
2018080900100391,2018년 8월 9일 16시,목요일,강원도 횡성군 횡성읍,중상사고,0,1,0,0,차대사람 - 차도통행중,안전운전불이행,건조,맑음,교차로 - 교차로안,승용,남,58세,상해없음,보행자,여,71세,중상
2018080900100427,2018년 8월 9일 17시,목요일,강원도 춘천시 동면,경상사고,0,0,1,0,차대차 - 측면충돌,불법유턴,건조,맑음,단일로 - 기타,승용,여,63세,기타불명,승용,여,61세,경상
2018080900100428,2018년 8월 9일 17시,목요일,강원도 춘천시 퇴계동,중상사고,0,1,0,0,차대차 - 기타,안전운전불이행,건조,맑음,교차로 - 교차로안,승용,여,37세,상해없음,이륜,남,59세,중상
2018080900100429,2018년 8월 9일 17시,목요일,강원도 평창군 평창읍,중상사고,0,1,0,0,차대사람 - 기타,기타,건조,맑음,단일로 - 기타,승합,여,56세,상해없음,보행자,여,79세,중상
2018080900100430,2018년 8월 9일 17시,목요일,강원도 화천군 간동면,중상사고,0,1,1,0,차대차 - 측면충돌,안전운전불이행,건조,맑음,교차로 - 교차로부근,승합,여,57세,상해없음,화물,남,31세,경상
2018080900100467,2018년 8월 9일 18시,목요일,강원도 원주시 단계동,경상사고,0,0,1,0,차대차 - 후진중충돌,안전운전불이행,건조,맑음,단일로 - 기타,승용,남,39세,상해없음,이륜,남,34세,경상
2018080900100469,2018년 8월 9일 18시,목요일,강원도 속초시 노학동,중상사고,0,1,0,0,차대차 - 정면충돌,안전운전불이행,건조,흐림,단일로 - 지하차도(도로)내,승용,남,49세,상해없음,승용,여,53세,중상
2018080900100513,2018년 8월 9일 19시,목요일,강원도 춘천시 후평동,경상사고,0,0,2,0,차대차 - 측면충돌,안전운전불이행,건조,맑음,단일로 - 기타,승용,여,81세,상해없음,승용,남,30세,경상
2018080900100514,2018년 8월 9일 19시,목요일,강원도 강릉시 성남동,경상사고,0,0,1,0,차대사람 - 보도통행중,보행자보호의무위반,건조,맑음,교차로 - 교차로횡단보도내,승용,여,54세,기타불명,보행자,남,57세,경상
2018080900100515,2018년 8월 9일 19시,목요일,강원도 영월군 영월읍,중상사고,0,1,0,0,차대차 - 측면충돌,안전운전불이행,젖음/습기,비,교차로 - 교차로부근,승용,여,27세,상해없음,승용,여,37세,중상
2018080900100539,2018년 8월 9일 20시,목요일,강원도 춘천시 교동,경상사고,0,0,1,0,차대사람 - 횡단중,보행자보호의무위반,건조,맑음,단일로 - 기타,이륜,남,54세,상해없음,보행자,남,19세,경상
2018080900100591,2018년 8월 9일 22시,목요일,강원도 평창군 대관령면,중상사고,0,1,0,0,차대차 - 추돌,직진우회전진행방해,젖음/습기,비,교차로 - 교차로안,승합,남,29세,상해없음,화물,남,22세,중상
2018080900100620,2018년 8월 9일 23시,목요일,강원도 원주시 태장동,중상사고,0,1,3,0,차대차 - 측면충돌,신호위반,건조,맑음,교차로 - 교차로안,승용,남,56세,기타불명,승용,남,39세,경상
2018081000100021,2018년 8월 10일 01시,금요일,강원도 춘천시 효자동,경상사고,0,0,1,0,차대차 - 추돌,안전운전불이행,건조,맑음,단일로 - 기타,이륜,남,16세,상해없음,승용,남,64세,경상
2018081000100052,2018년 8월 10일 05시,금요일,강원도 고성군 토성면,사망사고,1,0,0,0,차대사람 - 횡단중,보행자보호의무위반,건조,맑음,교차로 - 교차로횡단보도내,승용,남,34세,상해없음,보행자,여,67세,사망
2018081000100122,2018년 8월 10일 08시,금요일,강원도 원주시 단계동,경상사고,0,0,2,0,차대차 - 측면충돌,안전거리미확보,건조,맑음,단일로 - 기타,화물,남,23세,상해없음,승용,남,52세,경상
2018081000100123,2018년 8월 10일 08시,금요일,강원도 원주시 단계동,경상사고,0,0,1,0,차대차 - 추돌,신호위반,건조,맑음,교차로 - 교차로안,승용,여,61세,상해없음,승용,남,54세,경상