사고번호,사고일시,요일,시군구,사고내용,사망자수,중상자수,경상자수,부상신고자수,사고유형,법규위반,노면상태,기상상태,도로형태,가해운전자 차종,가해운전자 성별,가해운전자 연령,가해운전자 상해정도,피해운전자 차종,피해운전자 성별,피해운전자 연령,피해운전자 상해정도
2018081400100500,2018년 8월 14일 18시,화요일,강원도 양양군 양양읍,경상사고,0,0,1,0,차대사람 - 보도통행중,안전운전불이행,건조,맑음,단일로 - 지하차도(도로)내,승용,남,63세,상해없음,보행자,여,67세,경상
2018081400100634,2018년 8월 14일 22시,화요일,강원도 원주시 단구동,경상사고,0,0,1,0,차대사람 - 기타,보행자보호의무위반,건조,흐림,교차로 - 교차로부근,이륜,남,18세,상해없음,보행자,여,49세,경상
2018081400100635,2018년 8월 14일 22시,화요일,강원도 원주시 관설동,중상사고,0,1,4,0,차대차 - 정면충돌,중앙선침범,건조,맑음,단일로 - 기타,승합,여,54세,상해없음,승용,남,61세,경상
2018081400100655,2018년 8월 14일 23시,화요일,강원도 양양군 현북면,경상사고,0,0,8,0,차대차 - 추돌,안전운전불이행,건조,맑음,단일로 - 지하차도(도로)내,화물,남,58세,상해없음,승합,남,39세,경상
2018081400100656,2018년 8월 14일 23시,화요일,강원도 영월군 영월읍,부상신고사고,0,0,0,1,차량단독 - 전도전복 - 전도,안전운전불이행,건조,맑음,단일로 - 지하차도(도로)내,이륜,남,54세,부상신고,미분류,미분류,미분류,미분류
2018081500100071,2018년 8월 15일 05시,수요일,강원도 태백시 화전동,부상신고사고,0,0,0,1,차대사람 - 길가장자리구역통행중,안전운전불이행,건조,맑음,단일로 - 기타,승용,남,60세,상해없음,보행자,남,38세,부상신고
2018081500100127,2018년 8월 15일 08시,수요일,강원도 삼척시 도계읍,중상사고,0,1,0,0,차량단독 - 전도전복 - 전도,안전운전불이행,건조,맑음,단일로 - 기타,화물,남,28세,중상,미분류,미분류,미분류,미분류
2018081500100128,2018년 8월 15일 08시,수요일,강원도 동해시 평릉동,경상사고,0,0,4,0,차대차 - 측면충돌,안전거리미확보,건조,맑음,교차로 - 교차로부근,승합,남,76세,상해없음,승용,남,62세,경상
2018081500100162,2018년 8월 15일 10시,수요일,강원도 삼척시 도계읍,경상사고,0,0,1,0,차대사람 - 기타,안전운전불이행,건조,맑음,주차장 - 주차장,화물,남,47세,상해없음,보행자,여,78세,경상
2018081500100181,2018년 8월 15일 11시,수요일,강원도 춘천시 동면,경상사고,0,0,1,0,차대차 - 측면충돌,신호위반,건조,맑음,교차로 - 교차로안,승용,여,47세,상해없음,승용,남,34세,경상
2018081500100182,2018년 8월 15일 11시,수요일,강원도 속초시 교동,중상사고,0,1,0,0,차대차 - 기타,안전운전불이행,건조,맑음,교차로 - 교차로안,화물,남,63세,상해없음,자전거,남,61세,중상
2018081500100183,2018년 8월 15일 11시,수요일,강원도 홍천군 내촌면,경상사고,0,0,3,0,차대차 - 추돌,안전거리미확보,건조,맑음,교차로 - 교차로부근,화물,남,61세,상해없음,화물,남,64세,경상
2018081500100246,2018년 8월 15일 13시,수요일,강원도 강릉시 주문진읍,경상사고,0,0,1,0,차대차 - 측면충돌,안전운전불이행,건조,맑음,단일로 - 기타,승합,남,51세,상해없음,자전거,남,73세,경상
2018081500100247,2018년 8월 15일 13시,수요일,강원도 동해시 대구동,경상사고,0,0,1,0,차대차 - 측면충돌,안전거리미확보,건조,맑음,단일로 - 기타,건설기계,남,60세,상해없음,승용,남,31세,상해없음
2018081500100275,2018년 8월 15일 14시,수요일,강원도 원주시 태장동,부상신고사고,0,0,0,1,차대사람 - 차도통행중,안전운전불이행,건조,맑음,단일로 - 기타,승합,남,62세,상해없음,보행자,남,3세,부상신고
2018081500100345,2018년 8월 15일 16시,수요일,강원도 춘천시 옥천동,중상사고,0,1,0,0,차량단독 - 전도전복 - 전도,안전운전불이행,젖음/습기,비,단일로 - 기타,이륜,남,16세,상해없음,미분류,미분류,미분류,미분류
2018081500100346,2018년 8월 15일 16시,수요일,강원도 춘천시 동내면,경상사고,0,0,2,0,차대차 - 기타,안전거리미확보,젖음/습기,비,단일로 - 기타,승합,남,51세,상해없음,승합,남,53세,경상
2018081500100373,2018년 8월 15일 17시,수요일,강원도 평창군 진부면,경상사고,0,0,2,1,차대차 - 측면충돌,안전운전불이행,건조,맑음,단일로 - 기타,승용,여,37세,경상,승용,남,64세,경상
2018081500100433,2018년 8월 15일 19시,수요일,강원도 춘천시 석사동,경상사고,0,0,1,0,차대차 - 측면충돌,안전운전불이행,건조,맑음,단일로 - 기타,승용,여,51세,상해없음,이륜,남,24세,경상
2018081500100434,2018년 8월 15일 19시,수요일,강원도 양양군 손양면,중상사고,0,1,2,0,차대차 - 추돌,안전운전불이행,건조,흐림,교차로 - 교차로안,승용,남,47세,상해없음,승용,남,45세,중상
2018081500100435,2018년 8월 15일 19시,수요일,강원도 홍천군 홍천읍,경상사고,0,0,1,0,차대사람 - 횡단중,안전운전불이행,건조,맑음,교차로 - 교차로안,화물,여,61세,상해없음,보행자,남,51세,경상
2018081500100457,2018년 8월 15일 20시,수요일,강원도 춘천시 온의동,경상사고,0,0,1,0,차대차 - 측면충돌,신호위반,건조,맑음,교차로 - 교차로안,승용,남,25세,상해없음,원동기,남,30세,경상
2018081500100458,2018년 8월 15일 20시,수요일,강원도 삼척시 사직동,부상신고사고,0,0,0,1,차대차 - 측면충돌,안전운전불이행,건조,맑음,교차로 - 교차로부근,기타불명,기타불명,미분류,기타불명,승용,남,34세,부상신고
2018081500100491,2018년 8월 15일 21시,수요일,강원도 춘천시 남산면,경상사고,0,0,1,0,차대차 - 추돌,안전운전불이행,건조,맑음,단일로 - 기타,승용,남,62세,상해없음,승용,남,42세,경상
2018081500100492,2018년 8월 15일 21시,수요일,강원도 속초시 교동,중상사고,0,1,0,0,차대사람 - 횡단중,안전운전불이행,젖음/습기,비,교차로 - 교차로안,승용,남,50세,상해없음,보행자,여,47세,중상
2018081500100493,2018년 8월 15일 21시,수요일,강원도 속초시 금호동,경상사고,0,0,1,0,차대사람 - 횡단중,신호위반,젖음/습기,비,교차로 - 교차로안,승용,남,81세,상해없음,보행자,남,56세,경상
2018081500100524,2018년 8월 15일 22시,수요일,강원도 원주시 흥업면,경상사고,0,0,3,1,차대차 - 측면충돌,안전운전불이행,건조,맑음,단일로 - 기타,화물,남,30세,부상신고,승용,남,39세,경상
2018081600100007,2018년 8월 16일 00시,목요일,강원도 평창군 대관령면,경상사고,0,0,2,0,차량단독 - 공작물충돌,안전운전불이행,건조,맑음,단일로 - 기타,승용,남,23세,경상,,,,
2018081600100018,2018년 8월 16일 01시,목요일,강원도 강릉시 포남동,경상사고,0,0,1,0,차대사람 - 기타,안전운전불이행,젖음/습기,흐림,단일로 - 기타,승합,남,32세,상해없음,보행자,여,35세,경상
2018081600100019,2018년 8월 16일 01시,목요일,강원도 인제군 상남면,경상사고,0,0,5,0,차대차 - 기타,안전운전불이행,건조,맑음,단일로 - 기타,승용,남,18세,경상,기타불명,남,21세,상해없음
2018081600100062,2018년 8월 16일 06시,목요일,강원도 춘천시 퇴계동,사망사고,1,0,0,0,차대차 - 측면충돌,안전운전불이행,건조,맑음,교차로 - 교차로안,승합,남,34세,상해없음,자전거,남,76세,사망
2018081600100150,2018년 8월 16일 09시,목요일,강원도 춘천시 후평동,경상사고,0,0,1,0,차대차 - 추돌,안전운전불이행,건조,맑음,단일로 - 기타,화물,남,57세,상해없음,승용,여,42세,경상
2018081600100151,2018년 8월 16일 09시,목요일,강원도 태백시 황지동,중상사고,0,1,0,0,차량단독 - 공작물충돌,안전운전불이행,젖음/습기,비,단일로 - 기타,승합,남,52세,상해없음,,,,
2018081600100183,2018년 8월 16일 10시,목요일,강원도 춘천시 석사동,경상사고,0,0,1,0,차대차 - 기타,신호위반,건조,맑음,교차로 - 교차로안,승용,남,57세,상해없음,자전거,여,22세,경상
2018081600100297,2018년 8월 16일 13시,목요일,강원도 춘천시 신동면,중상사고,0,2,0,0,차대차 - 정면충돌,신호위반,건조,맑음,교차로 - 교차로안,승용,남,49세,상해없음,승용,남,67세,중상
2018081600100298,2018년 8월 16일 13시,목요일,강원도 양구군 남면,경상사고,0,0,1,0,차량단독 - 공작물충돌,안전운전불이행,건조,맑음,기타 - 기타,화물,남,28세,상해없음,,,,
2018081600100343,2018년 8월 16일 14시,목요일,강원도 원주시 명륜동,중상사고,0,1,0,0,차대사람 - 길가장자리구역통행중,안전운전불이행,건조,맑음,기타 - 기타,화물,남,54세,상해없음,보행자,여,71세,중상
2018081600100344,2018년 8월 16일 14시,목요일,강원도 영월군 한반도면,중상사고,0,1,3,3,차대차 - 정면충돌,중앙선침범,건조,맑음,기타 - 기타,화물,남,63세,상해없음,승합,남,70세,경상
2018081600100410,2018년 8월 16일 16시,목요일,강원도 고성군 죽왕면,경상사고,0,0,1,0,차대차 - 추돌,안전운전불이행,건조,맑음,교차로 - 교차로부근,승용,남,70세,상해없음,승용,남,60세,경상
2018081600100464,2018년 8월 16일 17시,목요일,강원도 원주시 단구동,경상사고,0,0,1,0,차대차 - 측면충돌,안전운전불이행,건조,맑음,교차로 - 교차로부근,화물,남,41세,기타불명,화물,남,45세,경상
2018081600100465,2018년 8월 16일 17시,목요일,강원도 속초시 조양동,경상사고,0,0,1,0,차대사람 - 횡단중,안전운전불이행,건조,맑음,교차로 - 교차로부근,승용,남,71세,상해없음,보행자,여,45세,경상
2018081600100466,2018년 8월 16일 17시,목요일,강원도 홍천군 남면,부상신고사고,0,0,0,1,차대차 - 측면충돌,안전운전불이행,건조,맑음,단일로 - 기타,이륜,남,60세,부상신고,화물,남,57세,상해없음
2018081600100467,2018년 8월 16일 17시,목요일,강원도 평창군 봉평면,부상신고사고,0,0,0,2,차대사람 - 차도통행중,안전운전불이행,건조,맑음,단일로 - 기타,승용,여,77세,상해없음,보행자,남,24세,부상신고
2018081600100468,2018년 8월 16일 17시,목요일,강원도 평창군 평창읍,경상사고,0,0,1,0,차대차 - 추돌,안전운전불이행,건조,맑음,교차로 - 교차로부근,화물,남,57세,상해없음,승용,여,48세,경상
2018081600100504,2018년 8월 16일 18시,목요일,강원도 춘천시 효자동,경상사고,0,0,1,0,차대사람 - 횡단중,보행자보호의무위반,건조,맑음,단일로 - 기타,승용,여,33세,상해없음,보행자,남,55세,경상
2018081600100505,2018년 8월 16일 18시,목요일,강원도 홍천군 홍천읍,경상사고,0,0,1,0,차대차 - 기타,안전운전불이행,건조,맑음,단일로 - 기타,화물,남,54세,상해없음,자전거,남,64세,경상
2018081600100535,2018년 8월 16일 19시,목요일,강원도 춘천시 남산면,경상사고,0,0,1,0,차대사람 - 길가장자리구역통행중,안전운전불이행,건조,맑음,단일로 - 기타,승용,남,58세,상해없음,보행자,남,18세,경상
2018081600100536,2018년 8월 16일 19시,목요일,강원도 동해시 천곡동,중상사고,0,1,0,0,차대사람 - 횡단중,신호위반,건조,맑음,교차로 - 교차로부근,승용,남,62세,상해없음,보행자,남,73세,중상
2018081600100567,2018년 8월 16일 20시,목요일,강원도 강릉시 강동면,경상사고,0,0,1,0,차대사람 - 기타,안전운전불이행,건조,맑음,단일로 - 기타,승용,남,55세,상해없음,보행자,여,75세,경상
2018081700100042,2018년 8월 17일 04시,금요일,강원도 속초시 노학동,중상사고,0,2,0,0,차대차 - 측면충돌,불법유턴,건조,맑음,단일로 - 지하차도(도로)내,승용,남,23세,상해없음,승용,남,73세,중상
2018081700100051,2018년 8월 17일 05시,금요일,강원도 강릉시 교동,중상사고,0,1,0,0,차대사람 - 횡단중,보행자보호의무위반,건조,맑음,단일로 - 기타,승용,여,67세,상해없음,보행자,남,79세,중상
2018081700100132,2018년 8월 17일 08시,금요일,강원도 강릉시 교동,경상사고,0,0,1,0,차대차 - 추돌,안전운전불이행,건조,맑음,교차로 - 교차로부근,승합,남,68세,상해없음,승용,여,57세,경상
2018081700100133,2018년 8월 17일 08시,금요일,강원도 삼척시 도계읍,경상사고,0,0,1,0,차대사람 - 차도통행중,안전운전불이행,건조,맑음,단일로 - 기타,승용,남,54세,상해없음,보행자,남,50세,경상
2018081700100210,2018년 8월 17일 10시,금요일,강원도 춘천시 석사동,경상사고,0,0,1,0,차대차 - 기타,중앙선침범,건조,맑음,단일로 - 기타,승합,남,22세,상해없음,승용,여,67세,경상
2018081700100211,2018년 8월 17일 10시,금요일,강원도 강릉시 성남동,중상사고,0,1,0,0,차대사람 - 보도통행중,안전운전불이행,건조,맑음,단일로 - 기타,승용,여,30세,상해없음,보행자,여,71세,중상
2018081700100212,2018년 8월 17일 10시,금요일,강원도 양구군 방산면,중상사고,0,1,0,0,차대차 - 측면충돌,안전운전불이행,건조,맑음,기타 - 기타,건설기계,남,52세,상해없음,승용,여,45세,중상
2018081700100267,2018년 8월 17일 12시,금요일,강원도 춘천시 사농동,경상사고,0,0,1,0,차대차 - 측면충돌,안전운전불이행,건조,맑음,교차로 - 교차로부근,승용,남,32세,상해없음,화물,남,60세,경상
2018081700100338,2018년 8월 17일 14시,금요일,강원도 원주시 우산동,중상사고,0,1,1,0,차대차 - 정면충돌,안전운전불이행,건조,맑음,단일로 - 기타,화물,남,45세,상해없음,승합,남,53세,경상
2018081700100339,2018년 8월 17일 14시,금요일,강원도 고성군 거진읍,경상사고,0,0,1,0,차대차 - 기타,안전운전불이행,건조,맑음,교차로 - 교차로안,승용,남,64세,상해없음,승용,여,57세,경상
2018081700100340,2018년 8월 17일 14시,금요일,강원도 춘천시 남면,경상사고,0,0,8,0,차대차 - 추돌,안전거리미확보,건조,맑음,단일로 - 터널,승용,남,32세,경상,승용,남,39세,경상
2018081700100382,2018년 8월 17일 15시,금요일,강원도 속초시 대포동,경상사고,0,0,2,0,차대차 - 추돌,안전운전불이행,건조,맑음,단일로 - 기타,건설기계,남,55세,상해없음,승용,남,48세,경상
2018081700100530,2018년 8월 17일 18시,금요일,강원도 원주시 단계동,경상사고,0,0,2,0,차대차 - 측면충돌,안전운전불이행,건조,맑음,단일로 - 기타,승용,남,60세,상해없음,승용,남,47세,경상
2018081700100531,2018년 8월 17일 18시,금요일,강원도 삼척시 원덕읍,중상사고,0,1,0,0,차대차 - 측면충돌,안전운전불이행,건조,맑음,교차로 - 교차로안,승용,남,30세,상해없음,이륜,남,38세,중상
2018081700100532,2018년 8월 17일 18시,금요일,강원도 태백시 소도동,경상사고,0,0,1,0,차대차 - 추돌,안전운전불이행,건조,맑음,교차로 - 교차로안,승용,남,34세,상해없음,화물,남,58세,경상
2018081700100575,2018년 8월 17일 19시,금요일,강원도 고성군 간성읍,부상신고사고,0,0,0,1,차대사람 - 기타,안전운전불이행,건조,맑음,주차장 - 주차장,승용,남,61세,상해없음,보행자,남,78세,부상신고
2018081700100576,2018년 8월 17일 19시,금요일,강원도 양구군 양구읍,중상사고,0,1,0,0,차대차 - 기타,차로위반,건조,맑음,단일로 - 기타,승용,여,65세,상해없음,승합,남,37세,상해없음
2018081700100648,2018년 8월 17일 21시,금요일,강원도 강릉시 교동,경상사고,0,0,2,0,차대차 - 측면충돌,안전운전불이행,건조,맑음,교차로 - 교차로부근,승용,남,29세,상해없음,승용,여,23세,경상
2018081700100649,2018년 8월 17일 21시,금요일,강원도 강릉시 교동,경상사고,0,0,1,0,차대차 - 측면충돌,안전운전불이행,건조,맑음,단일로 - 기타,승용,여,46세,상해없음,개인형이동수단(PM),여,22세,경상
2018081700100674,2018년 8월 17일 22시,금요일,강원도 춘천시 온의동,중상사고,0,1,1,0,차대차 - 추돌,안전거리미확보,건조,맑음,교차로 - 교차로안,승용,남,55세,상해없음,승용,남,44세,중상
2018081700100675,2018년 8월 17일 22시,금요일,강원도 영월군 김삿갓면,중상사고,0,1,0,4,차대차 - 측면충돌,기타,건조,맑음,교차로 - 교차로안,승용,남,68세,중상,승용,남,43세,부상신고
2018081800100008,2018년 8월 18일 00시,토요일,강원도 속초시 교동,중상사고,0,1,0,0,차대차 - 측면충돌,안전운전불이행,건조,맑음,단일로 - 기타,승용,여,30세,상해없음,승용,남,46세,기타불명
2018081800100089,2018년 8월 18일 06시,토요일,강원도 삼척시 근덕면,경상사고,0,0,2,0,차대차 - 측면충돌,안전운전불이행,건조,맑음,교차로 - 교차로안,화물,남,60세,상해없음,승용,남,61세,경상
2018081800100125,2018년 8월 18일 08시,토요일,강원도 인제군 북면,중상사고,0,1,0,0,차대차 - 기타,안전운전불이행,건조,맑음,단일로 - 기타,승용,남,30세,상해없음,승용,여,62세,중상
2018081800100167,2018년 8월 18일 09시,토요일,강원도 양양군 현북면,사망사고,1,0,0,0,차대사람 - 길가장자리구역통행중,안전운전불이행,건조,맑음,기타 - 기타,승용,남,70세,상해없음,보행자,여,81세,사망
2018081800100168,2018년 8월 18일 09시,토요일,강원도 화천군 상서면,경상사고,0,0,1,0,차대차 - 후진중충돌,안전운전불이행,건조,맑음,단일로 - 기타,승용,여,44세,상해없음,승용,남,33세,경상
2018081800100191,2018년 8월 18일 10시,토요일,강원도 원주시 단구동,부상신고사고,0,0,0,1,차대차 - 추돌,안전거리미확보,건조,맑음,기타 - 기타,승용,남,47세,상해없음,승용,여,38세,부상신고
2018081800100192,2018년 8월 18일 10시,토요일,강원도 삼척시 도계읍,중상사고,0,1,1,0,차량단독 - 공작물충돌,안전운전불이행,건조,맑음,단일로 - 교량,승용,남,53세,경상,,,,
2018081800100193,2018년 8월 18일 10시,토요일,강원도 태백시 통동,경상사고,0,0,1,0,차대차 - 측면충돌,신호위반,건조,맑음,교차로 - 교차로안,승용,남,56세,상해없음,승용,여,56세,경상
2018081800100194,2018년 8월 18일 10시,토요일,강원도 동해시 천곡동,경상사고,0,0,2,0,차대사람 - 보도통행중,신호위반,건조,맑음,교차로 - 교차로횡단보도내,이륜,남,52세,상해없음,보행자,여,66세,경상
2018081800100267,2018년 8월 18일 12시,토요일,강원도 춘천시 후평동,경상사고,0,0,2,0,차대차 - 추돌,안전거리미확보,건조,맑음,단일로 - 기타,승용,남,46세,상해없음,승용,남,35세,경상
2018081800100300,2018년 8월 18일 13시,토요일,강원도 영월군 김삿갓면,중상사고,0,1,0,0,차량단독 - 기타,안전운전불이행,건조,맑음,단일로 - 기타,승합,남,57세,상해없음,,,,
2018081800100329,2018년 8월 18일 14시,토요일,강원도 원주시 단계동,경상사고,0,0,1,0,차대차 - 측면충돌,안전운전불이행,건조,맑음,교차로 - 교차로부근,건설기계,남,51세,상해없음,승용,남,64세,경상
2018081800100330,2018년 8월 18일 14시,토요일,강원도 양양군 현남면,경상사고,0,0,1,0,차대차 - 후진중충돌,안전운전불이행,건조,맑음,단일로 - 기타,승용,남,45세,상해없음,이륜,남,63세,경상
2018081800100379,2018년 8월 18일 15시,토요일,강원도 화천군 상서면,중상사고,0,1,1,0,차대차 - 측면충돌,중앙선침범,건조,맑음,단일로 - 기타,승용,여,44세,상해없음,승용,남,28세,경상
2018081800100380,2018년 8월 18일 15시,토요일,강원도 태백시 화전동,중상사고,0,1,1,0,차대차 - 측면충돌,안전운전불이행,건조,맑음,단일로 - 기타,승용,여,60세,중상,승용,남,37세,경상
2018081800100417,2018년 8월 18일 16시,토요일,강원도 춘천시 효자동,경상사고,0,0,2,0,차대차 - 측면충돌,안전거리미확보,건조,맑음,단일로 - 기타,이륜,남,22세,상해없음,승용,남,53세,경상
2018081800100418,2018년 8월 18일 16시,토요일,강원도 삼척시 남양동,중상사고,0,1,0,0,차대사람 - 횡단중,안전운전불이행,건조,맑음,교차로 - 교차로안,화물,남,27세,상해없음,보행자,여,69세,중상
2018081800100449,2018년 8월 18일 17시,토요일,강원도 춘천시 효자동,중상사고,0,1,1,0,차대차 - 측면충돌,과속,건조,맑음,교차로 - 교차로안,이륜,남,24세,경상,자전거,남,75세,중상
2018081800100450,2018년 8월 18일 17시,토요일,강원도 원주시 단계동,중상사고,0,1,0,0,차대차 - 측면충돌,신호위반,건조,맑음,교차로 - 교차로횡단보도내,승용,여,43세,상해없음,이륜,남,80세,중상
2018081800100451,2018년 8월 18일 17시,토요일,강원도 원주시 우산동,경상사고,0,0,1,0,차대차 - 측면충돌,안전운전불이행,건조,맑음,교차로 - 교차로안,승용,남,60세,상해없음,승용,남,51세,상해없음
2018081800100481,2018년 8월 18일 18시,토요일,강원도 강릉시 임당동,경상사고,0,0,1,0,차대사람 - 기타,기타,건조,맑음,단일로 - 기타,승용,남,52세,상해없음,보행자,여,63세,경상
2018081800100482,2018년 8월 18일 18시,토요일,강원도 고성군 죽왕면,경상사고,0,0,1,0,차대차 - 측면충돌,안전운전불이행,건조,맑음,기타 - 기타,승용,남,40세,상해없음,자전거,남,69세,경상
2018081800100518,2018년 8월 18일 19시,토요일,강원도 강릉시 송정동,중상사고,0,1,1,0,차량단독 - 기타,안전운전불이행,건조,맑음,단일로 - 기타,승합,남,54세,상해없음,,,,
2018081800100519,2018년 8월 18일 19시,토요일,강원도 강릉시 노암동,중상사고,0,1,0,0,차대사람 - 기타,안전운전불이행,건조,맑음,교차로 - 교차로횡단보도내,승용,남,47세,상해없음,보행자,여,68세,중상
2018081800100553,2018년 8월 18일 20시,토요일,강원도 원주시 문막읍,중상사고,0,2,0,0,차대차 - 측면충돌,안전운전불이행,건조,맑음,단일로 - 기타,승용,여,53세,상해없음,승용,남,50세,중상
2018081800100614,2018년 8월 18일 22시,토요일,강원도 홍천군 서면,경상사고,0,0,1,0,차량단독 - 공작물충돌,안전운전불이행,건조,맑음,단일로 - 기타,화물,남,57세,경상,,,,
2018081800100631,2018년 8월 18일 23시,토요일,강원도 춘천시 사북면,경상사고,0,0,1,0,차대사람 - 차도통행중,보행자보호의무위반,건조,맑음,단일로 - 기타,승용,남,32세,상해없음,보행자,남,36세,경상
2018081800100632,2018년 8월 18일 23시,토요일,강원도 원주시 단계동,중상사고,0,3,0,0,차대차 - 측면충돌,안전운전불이행,건조,맑음,교차로 - 교차로안,승용,남,40세,상해없음,승용,남,34세,중상
2018081800100633,2018년 8월 18일 23시,토요일,강원도 원주시 단계동,경상사고,0,0,3,0,차대차 - 측면충돌,신호위반,건조,맑음,교차로 - 교차로안,승합,남,48세,상해없음,승용,남,40세,경상
2018081900100008,2018년 8월 19일 00시,일요일,강원도 삼척시 갈천동,경상사고,0,0,1,0,차대차 - 기타,안전운전불이행,건조,맑음,단일로 - 기타,화물,남,44세,상해없음,화물,남,53세,경상
2018081900100046,2018년 8월 19일 02시,일요일,강원도 춘천시 서면,경상사고,0,0,1,0,차대차 - 추돌,안전운전불이행,건조,맑음,교차로 - 교차로부근,승용,남,38세,상해없음,원동기,남,29세,경상
2018081900100057,2018년 8월 19일 03시,일요일,강원도 정선군 고한읍,중상사고,0,2,0,0,차대차 - 기타,안전운전불이행,건조,맑음,교차로 - 교차로부근,승용,여,58세,상해없음,승용,남,58세,중상
2018081900100106,2018년 8월 19일 07시,일요일,강원도 인제군 북면,경상사고,0,0,2,0,차대차 - 측면충돌,안전운전불이행,건조,맑음,단일로 - 기타,승용,남,24세,상해없음,승용,여,63세,경상
2018081900100118,2018년 8월 19일 08시,일요일,강원도 원주시 우산동,경상사고,0,0,2,0,차대차 - 측면충돌,안전운전불이행,건조,맑음,단일로 - 기타,승용,남,53세,상해없음,승용,남,42세,경상
2018081900100119,2018년 8월 19일 08시,일요일,강원도 양양군 손양면,경상사고,0,0,1,0,차대차 - 측면충돌,안전운전불이행,건조,맑음,교차로 - 교차로부근,승합,남,49세,상해없음,화물,남,45세,경상
2018081900100131,2018년 8월 19일 09시,일요일,강원도 춘천시 동면,경상사고,0,0,1,0,차대차 - 측면충돌,교차로운행방법위반,건조,맑음,교차로 - 교차로부근,승용,남,66세,상해없음,자전거,남,60세,경상
2018081900100132,2018년 8월 19일 09시,일요일,강원도 영월군 한반도면,경상사고,0,0,2,0,차대차 - 측면충돌,안전운전불이행,건조,맑음,단일로 - 지하차도(도로)내,승용,여,75세,상해없음,승용,여,44세,경상
2018081900100173,2018년 8월 19일 11시,일요일,강원도 화천군 사내면,경상사고,0,0,1,0,차대차 - 추돌,안전운전불이행,건조,맑음,단일로 - 기타,승용,남,56세,상해없음,승용,남,26세,상해없음
2018081900100196,2018년 8월 19일 12시,일요일,강원도 평창군 진부면,중상사고,0,1,0,0,차대사람 - 길가장자리구역통행중,안전운전불이행,건조,맑음,단일로 - 기타,승용,여,53세,상해없음,보행자,여,60세,중상
2018081900100234,2018년 8월 19일 13시,일요일,강원도 춘천시 근화동,중상사고,0,1,0,0,차대차 - 측면충돌,교차로운행방법위반,건조,맑음,교차로 - 교차로안,승용,남,29세,상해없음,승용,여,63세,중상
2018081900100235,2018년 8월 19일 13시,일요일,강원도 강릉시 옥천동,경상사고,0,0,3,0,차대차 - 측면충돌,안전운전불이행,건조,맑음,교차로 - 교차로안,승용,남,65세,상해없음,승용,남,40세,경상
2018081900100236,2018년 8월 19일 13시,일요일,강원도 평창군 진부면,경상사고,0,0,1,0,차량단독 - 공작물충돌,안전운전불이행,건조,맑음,교차로 - 교차로안,승용,남,17세,경상,,,,
2018081900100262,2018년 8월 19일 14시,일요일,강원도 홍천군 홍천읍,경상사고,0,0,1,0,차대차 - 추돌,안전운전불이행,건조,맑음,교차로 - 교차로부근,이륜,남,29세,경상,승용,남,57세,상해없음
2018081900100285,2018년 8월 19일 15시,일요일,강원도 홍천군 홍천읍,경상사고,0,0,1,0,차대차 - 기타,중앙선침범,건조,맑음,단일로 - 기타,승용,여,56세,상해없음,승용,남,61세,경상
2018081900100322,2018년 8월 19일 16시,일요일,강원도 원주시 중앙동,경상사고,0,0,2,0,차대차 - 측면충돌,안전운전불이행,건조,맑음,교차로 - 교차로안,승용,남,32세,상해없음,승용,남,50세,경상
2018081900100323,2018년 8월 19일 16시,일요일,강원도 동해시 천곡동,경상사고,0,0,1,0,차대차 - 측면충돌,신호위반,건조,맑음,교차로 - 교차로안,화물,남,58세,상해없음,승용,여,59세,경상
2018081900100355,2018년 8월 19일 17시,일요일,강원도 원주시 태장동,경상사고,0,0,1,0,차대차 - 추돌,안전거리미확보,건조,맑음,교차로 - 교차로부근,승용,여,53세,상해없음,승용,여,62세,경상
2018081900100356,2018년 8월 19일 17시,일요일,강원도 인제군 기린면,경상사고,0,0,3,0,차대차 - 추돌,안전운전불이행,건조,맑음,단일로 - 기타,승용,여,40세,상해없음,승용,여,49세,경상
2018081900100379,2018년 8월 19일 18시,일요일,강원도 강릉시 노암동,경상사고,0,0,1,0,차대차 - 추돌,안전운전불이행,건조,흐림,단일로 - 교량,승용,남,67세,상해없음,승용,여,36세,경상
2018081900100380,2018년 8월 19일 18시,일요일,강원도 영월군 영월읍,중상사고,0,1,0,0,차대차 - 측면충돌,안전운전불이행,건조,맑음,교차로 - 교차로안,승용,남,30세,상해없음,이륜,남,73세,중상
2018081900100414,2018년 8월 19일 19시,일요일,강원도 홍천군 홍천읍,경상사고,0,0,1,0,차대차 - 기타,안전운전불이행,건조,맑음,단일로 - 기타,승용,남,24세,상해없음,이륜,남,17세,경상
2018081900100446,2018년 8월 19일 20시,일요일,강원도 철원군 서면,부상신고사고,0,0,0,1,차대차 - 후진중충돌,안전운전불이행,건조,맑음,주차장 - 주차장,승용,남,43세,상해없음,승용,남,44세,부상신고
2018081900100472,2018년 8월 19일 21시,일요일,강원도 속초시 교동,경상사고,0,0,1,0,차대차 - 측면충돌,안전운전불이행,건조,맑음,교차로 - 교차로안,승용,남,63세,상해없음,자전거,여,30세,경상