사고번호,사고일시,요일,시군구,사고내용,사망자수,중상자수,경상자수,부상신고자수,사고유형,법규위반,노면상태,기상상태,도로형태,가해운전자 차종,가해운전자 성별,가해운전자 연령,가해운전자 상해정도,피해운전자 차종,피해운전자 성별,피해운전자 연령,피해운전자 상해정도
2018081900100473,2018년 8월 19일 21시,일요일,강원도 철원군 김화읍,경상사고,0,0,3,0,차대차 - 측면충돌,직진우회전진행방해,건조,맑음,교차로 - 교차로안,승용,남,32세,상해없음,승용,남,56세,경상
2018081900100498,2018년 8월 19일 22시,일요일,강원도 속초시 교동,경상사고,0,0,1,0,차대차 - 추돌,안전운전불이행,건조,맑음,교차로 - 교차로부근,승용,남,60세,상해없음,화물,남,46세,경상
2018082000100206,2018년 8월 20일 11시,월요일,강원도 속초시 조양동,경상사고,0,0,2,0,차대차 - 측면충돌,신호위반,건조,맑음,교차로 - 교차로안,승용,여,36세,상해없음,승용,남,47세,경상
2018082000100207,2018년 8월 20일 11시,월요일,강원도 삼척시 정상동,경상사고,0,0,3,0,차대차 - 측면충돌,안전운전불이행,건조,맑음,단일로 - 기타,승용,여,49세,상해없음,승용,남,27세,경상
2018082000100208,2018년 8월 20일 11시,월요일,강원도 삼척시 남양동,경상사고,0,0,1,0,차대차 - 후진중충돌,안전운전불이행,건조,맑음,교차로 - 교차로안,승용,남,73세,상해없음,승용,남,56세,경상
2018082000100209,2018년 8월 20일 11시,월요일,강원도 홍천군 내촌면,경상사고,0,0,4,0,차대차 - 추돌,안전거리미확보,건조,맑음,단일로 - 기타,승용,남,63세,상해없음,승용,남,42세,경상
2018082000100253,2018년 8월 20일 12시,월요일,강원도 횡성군 횡성읍,경상사고,0,0,3,0,차대차 - 추돌,안전운전불이행,건조,맑음,단일로 - 기타,승용,여,50세,상해없음,승용,남,36세,경상
2018082000100254,2018년 8월 20일 12시,월요일,강원도 고성군 토성면,중상사고,0,3,0,0,차대차 - 기타,과속,건조,맑음,기타 - 기타,승용,여,55세,중상,화물,남,47세,기타불명
2018082000100294,2018년 8월 20일 13시,월요일,강원도 춘천시 송암동,경상사고,0,0,1,0,차대사람 - 기타,안전운전불이행,건조,맑음,단일로 - 기타,승합,남,62세,상해없음,보행자,남,54세,경상
2018082000100295,2018년 8월 20일 13시,월요일,강원도 양양군 강현면,경상사고,0,0,1,0,차대차 - 측면충돌,안전운전불이행,건조,맑음,교차로 - 교차로안,승용,남,67세,상해없음,승용,여,49세,경상
2018082000100329,2018년 8월 20일 14시,월요일,강원도 평창군 평창읍,경상사고,0,0,1,0,차대차 - 측면충돌,안전운전불이행,기타,맑음,기타 - 기타,승용,남,71세,경상,화물,남,77세,상해없음
2018082000100348,2018년 8월 20일 15시,월요일,강원도 강릉시 유천동,중상사고,0,1,0,0,차대차 - 기타,안전운전불이행,건조,맑음,단일로 - 기타,승용,남,38세,상해없음,이륜,남,51세,중상
2018082000100349,2018년 8월 20일 15시,월요일,강원도 원주시 무실동,경상사고,0,0,1,0,차대차 - 기타,신호위반,건조,맑음,교차로 - 교차로안,승용,남,67세,상해없음,이륜,남,33세,경상
2018082000100421,2018년 8월 20일 17시,월요일,강원도 춘천시 소양로1가,경상사고,0,0,1,0,차대차 - 추돌,안전운전불이행,건조,맑음,단일로 - 기타,승용,남,62세,상해없음,이륜,남,34세,경상
2018082000100460,2018년 8월 20일 18시,월요일,강원도 춘천시 석사동,경상사고,0,0,1,0,차대차 - 측면충돌,안전운전불이행,건조,맑음,교차로 - 교차로횡단보도내,원동기,남,31세,상해없음,원동기,남,24세,경상
2018082000100496,2018년 8월 20일 19시,월요일,강원도 원주시 단계동,경상사고,0,0,1,0,차대차 - 측면충돌,교차로운행방법위반,건조,흐림,교차로 - 교차로부근,승용,남,74세,상해없음,승용,여,44세,경상
2018082000100523,2018년 8월 20일 20시,월요일,강원도 춘천시 퇴계동,경상사고,0,0,1,0,차대사람 - 기타,안전운전불이행,건조,맑음,기타 - 기타,승용,여,32세,상해없음,보행자,여,79세,경상
2018082000100524,2018년 8월 20일 20시,월요일,강원도 춘천시 사농동,경상사고,0,0,1,0,차대차 - 측면충돌,신호위반,건조,맑음,교차로 - 교차로안,승용,여,39세,상해없음,화물,남,64세,경상
2018082000100603,2018년 8월 20일 23시,월요일,강원도 고성군 토성면,사망사고,2,2,1,1,차대차 - 정면충돌,중앙선침범,건조,맑음,단일로 - 기타,승용,남,66세,부상신고,승용,남,59세,사망
2018082100100009,2018년 8월 21일 00시,화요일,강원도 춘천시 퇴계동,중상사고,0,1,0,0,차대사람 - 기타,안전운전불이행,건조,맑음,주차장 - 주차장,승용,남,47세,상해없음,보행자,남,43세,중상
2018082100100036,2018년 8월 21일 03시,화요일,강원도 횡성군 횡성읍,중상사고,0,1,0,0,차량단독 - 공작물충돌,안전운전불이행,건조,맑음,단일로 - 기타,화물,남,78세,중상,,,,
2018082100100127,2018년 8월 21일 08시,화요일,강원도 원주시 우산동,경상사고,0,0,1,0,차대사람 - 길가장자리구역통행중,안전운전불이행,건조,맑음,교차로 - 교차로안,승용,남,27세,상해없음,보행자,여,70세,경상
2018082100100128,2018년 8월 21일 08시,화요일,강원도 속초시 교동,경상사고,0,0,1,0,차대사람 - 차도통행중,안전운전불이행,건조,맑음,단일로 - 지하차도(도로)내,승용,여,45세,상해없음,보행자,남,51세,경상
2018082100100162,2018년 8월 21일 09시,화요일,강원도 삼척시 신기면,경상사고,0,0,1,0,차대차 - 측면충돌,기타,건조,맑음,단일로 - 기타,승용,남,64세,상해없음,사륜오토바이(ATV),남,77세,경상
2018082100100229,2018년 8월 21일 11시,화요일,강원도 춘천시 신동,부상신고사고,0,0,0,7,차대차 - 기타,차로위반,건조,맑음,단일로 - 기타,화물,남,60세,상해없음,승합,여,60세,부상신고
2018082100100230,2018년 8월 21일 11시,화요일,강원도 동해시 천곡동,경상사고,0,0,3,0,차대차 - 측면충돌,교차로운행방법위반,건조,맑음,교차로 - 교차로안,승용,여,43세,상해없음,승용,남,36세,경상
2018082100100256,2018년 8월 21일 12시,화요일,강원도 삼척시 사직동,경상사고,0,0,1,0,차대차 - 측면충돌,안전거리미확보,건조,맑음,단일로 - 기타,승용,남,44세,상해없음,승용,남,51세,경상
2018082100100320,2018년 8월 21일 14시,화요일,강원도 원주시 명륜동,경상사고,0,0,3,0,차대차 - 측면충돌,차로위반,건조,맑음,단일로 - 기타,승용,남,73세,상해없음,승용,여,60세,경상
2018082100100321,2018년 8월 21일 14시,화요일,강원도 양양군 양양읍,중상사고,0,1,0,0,차대차 - 측면충돌,안전운전불이행,건조,맑음,단일로 - 지하차도(도로)내,승용,남,33세,상해없음,승용,남,27세,중상
2018082100100322,2018년 8월 21일 14시,화요일,강원도 삼척시 원덕읍,경상사고,0,0,1,0,차량단독 - 전도전복 - 전도,안전운전불이행,건조,맑음,교차로 - 교차로안,농기계,남,76세,경상,미분류,미분류,미분류,미분류
2018082100100323,2018년 8월 21일 14시,화요일,강원도 영월군 상동읍,경상사고,0,0,1,0,차대차 - 측면충돌,안전운전불이행,건조,맑음,단일로 - 지하차도(도로)내,승용,남,57세,상해없음,특수,남,43세,경상
2018082100100363,2018년 8월 21일 15시,화요일,강원도 원주시 단구동,경상사고,0,0,1,4,차대차 - 추돌,안전거리미확보,건조,맑음,단일로 - 기타,화물,남,64세,상해없음,승합,남,43세,경상
2018082100100364,2018년 8월 21일 15시,화요일,강원도 삼척시 남양동,경상사고,0,0,2,0,차대차 - 측면충돌,직진우회전진행방해,건조,맑음,교차로 - 교차로안,화물,남,41세,상해없음,승용,남,62세,경상
2018082100100365,2018년 8월 21일 15시,화요일,강원도 화천군 사내면,경상사고,0,0,2,0,차대차 - 측면충돌,안전운전불이행,건조,맑음,교차로 - 교차로안,승용,여,39세,상해없음,승용,남,61세,상해없음
2018082100100406,2018년 8월 21일 16시,화요일,강원도 춘천시 후평동,경상사고,0,0,1,0,차대차 - 추돌,안전거리미확보,건조,맑음,단일로 - 기타,승용,여,57세,상해없음,승용,남,42세,경상
2018082100100407,2018년 8월 21일 16시,화요일,강원도 원주시 개운동,경상사고,0,0,1,0,차대차 - 측면충돌,안전운전불이행,건조,맑음,교차로 - 교차로횡단보도내,승용,여,54세,상해없음,자전거,남,66세,경상
2018082100100456,2018년 8월 21일 17시,화요일,강원도 원주시 호저면,경상사고,0,0,1,0,차대차 - 측면충돌,안전운전불이행,건조,맑음,단일로 - 기타,화물,남,58세,상해없음,승용,남,63세,상해없음
2018082100100457,2018년 8월 21일 17시,화요일,강원도 원주시 단계동,경상사고,0,0,1,0,차대차 - 측면충돌,차로위반,건조,맑음,단일로 - 기타,승용,여,57세,상해없음,승용,남,53세,경상
2018082100100506,2018년 8월 21일 18시,화요일,강원도 원주시 판부면,경상사고,0,0,1,0,차대차 - 측면충돌,직진우회전진행방해,건조,맑음,교차로 - 교차로안,승용,여,37세,상해없음,승용,여,39세,상해없음
2018082100100507,2018년 8월 21일 18시,화요일,강원도 동해시 평릉동,경상사고,0,0,2,0,차대차 - 측면충돌,안전거리미확보,건조,맑음,단일로 - 기타,승용,여,47세,상해없음,승용,남,71세,경상
2018082100100544,2018년 8월 21일 19시,화요일,강원도 춘천시 요선동,경상사고,0,0,2,0,차대차 - 측면충돌,신호위반,건조,맑음,교차로 - 교차로부근,승용,여,23세,상해없음,승용,남,72세,경상
2018082100100545,2018년 8월 21일 19시,화요일,강원도 평창군 평창읍,경상사고,0,0,1,0,차대차 - 측면충돌,안전운전불이행,젖음/습기,맑음,단일로 - 기타,승용,남,58세,상해없음,이륜,여,58세,경상
2018082100100578,2018년 8월 21일 20시,화요일,강원도 원주시 문막읍,경상사고,0,0,1,0,차대차 - 추돌,안전거리미확보,건조,맑음,교차로 - 교차로부근,승용,남,59세,상해없음,화물,남,43세,경상
2018082100100579,2018년 8월 21일 20시,화요일,강원도 삼척시 남양동,중상사고,0,1,0,0,차대차 - 측면충돌,안전운전불이행,젖음/습기,흐림,교차로 - 교차로안,승용,남,26세,상해없음,이륜,남,27세,중상
2018082100100652,2018년 8월 21일 22시,화요일,강원도 춘천시 석사동,경상사고,0,0,2,0,차대차 - 측면충돌,직진우회전진행방해,건조,맑음,교차로 - 교차로안,승용,남,62세,상해없음,승용,여,45세,경상
2018082100100653,2018년 8월 21일 22시,화요일,강원도 원주시 단계동,중상사고,0,2,0,0,차대차 - 측면충돌,안전운전불이행,건조,맑음,교차로 - 교차로부근,승용,남,67세,상해없음,승용,남,21세,중상
2018082100100670,2018년 8월 21일 23시,화요일,강원도 태백시 통동,경상사고,0,0,1,0,차대사람 - 길가장자리구역통행중,안전운전불이행,건조,맑음,단일로 - 기타,승용,남,36세,기타불명,보행자,남,64세,경상
2018082200100127,2018년 8월 22일 08시,수요일,강원도 원주시 지정면,경상사고,0,0,1,0,차대차 - 측면충돌,교차로운행방법위반,건조,맑음,교차로 - 교차로안,승합,남,60세,상해없음,건설기계,남,50세,경상
2018082200100128,2018년 8월 22일 08시,수요일,강원도 양양군 양양읍,중상사고,0,2,0,0,차대차 - 추돌,안전거리미확보,건조,맑음,교차로 - 교차로부근,화물,남,32세,상해없음,승용,여,48세,중상
2018082200100163,2018년 8월 22일 09시,수요일,강원도 원주시 명륜동,중상사고,0,3,0,0,차대차 - 측면충돌,신호위반,건조,맑음,교차로 - 교차로안,승용,여,20세,상해없음,승용,남,64세,중상
2018082200100222,2018년 8월 22일 11시,수요일,강원도 인제군 인제읍,중상사고,0,1,0,0,차대차 - 정면충돌,중앙선침범,건조,맑음,단일로 - 기타,승용,남,74세,상해없음,승합,남,46세,중상
2018082200100256,2018년 8월 22일 12시,수요일,강원도 원주시 개운동,중상사고,0,1,1,0,차대차 - 기타,신호위반,건조,맑음,교차로 - 교차로안,이륜,남,77세,상해없음,승용,남,54세,경상
2018082200100284,2018년 8월 22일 13시,수요일,강원도 춘천시 석사동,경상사고,0,0,1,0,차대사람 - 횡단중,보행자보호의무위반,건조,맑음,교차로 - 교차로횡단보도내,승용,여,41세,상해없음,보행자,여,72세,경상
2018082200100285,2018년 8월 22일 13시,수요일,강원도 춘천시 온의동,경상사고,0,0,1,0,차대차 - 측면충돌,직진우회전진행방해,건조,맑음,교차로 - 교차로안,승용,여,42세,상해없음,승용,남,57세,경상
2018082200100286,2018년 8월 22일 13시,수요일,강원도 강릉시 사천면,중상사고,0,1,0,0,차대사람 - 기타,안전운전불이행,건조,맑음,미분류 - 미분류,승용,여,51세,상해없음,보행자,남,59세,중상
2018082200100409,2018년 8월 22일 16시,수요일,강원도 춘천시 신동면,경상사고,0,0,2,0,차대차 - 추돌,과속,건조,맑음,단일로 - 기타,승용,남,43세,경상,화물,남,28세,경상
2018082200100410,2018년 8월 22일 16시,수요일,강원도 동해시 천곡동,경상사고,0,0,1,0,차대차 - 측면충돌,안전운전불이행,건조,맑음,교차로 - 교차로안,화물,남,68세,상해없음,승용,여,39세,경상
2018082200100447,2018년 8월 22일 17시,수요일,강원도 원주시 단계동,경상사고,0,0,1,0,차대차 - 측면충돌,안전운전불이행,건조,맑음,단일로 - 기타,승용,여,44세,상해없음,승용,남,58세,경상
2018082200100448,2018년 8월 22일 17시,수요일,강원도 속초시 교동,경상사고,0,0,1,0,차대사람 - 횡단중,안전운전불이행,건조,맑음,교차로 - 교차로안,승용,남,40세,상해없음,보행자,남,5세,경상
2018082200100500,2018년 8월 22일 18시,수요일,강원도 원주시 학성동,경상사고,0,0,2,0,차대차 - 추돌,교차로운행방법위반,건조,맑음,교차로 - 교차로안,승용,남,54세,상해없음,승용,남,51세,경상
2018082200100536,2018년 8월 22일 19시,수요일,강원도 삼척시 남양동,경상사고,0,0,1,0,차대차 - 측면충돌,안전운전불이행,건조,맑음,주차장 - 주차장,승합,남,55세,상해없음,승용,여,44세,경상
2018082200100605,2018년 8월 22일 21시,수요일,강원도 원주시 명륜동,중상사고,0,2,0,0,차대차 - 추돌,안전운전불이행,건조,맑음,단일로 - 기타,승용,여,51세,상해없음,승용,남,49세,중상
2018082200100634,2018년 8월 22일 22시,수요일,강원도 정선군 사북읍,경상사고,0,0,1,0,차대차 - 측면충돌,안전운전불이행,건조,맑음,단일로 - 기타,승용,남,54세,상해없음,승용,남,57세,상해없음
2018082200100661,2018년 8월 22일 23시,수요일,강원도 춘천시 후평동,경상사고,0,0,1,0,차대차 - 추돌,안전운전불이행,건조,맑음,교차로 - 교차로부근,승용,남,39세,상해없음,승용,남,65세,경상
2018082300100050,2018년 8월 23일 05시,목요일,강원도 강릉시 주문진읍,중상사고,0,1,0,0,차대차 - 측면충돌,안전운전불이행,건조,맑음,교차로 - 교차로안,화물,남,54세,상해없음,이륜,남,27세,중상
2018082300100093,2018년 8월 23일 08시,목요일,강원도 원주시 개운동,경상사고,0,0,2,0,차대차 - 측면충돌,신호위반,건조,맑음,교차로 - 교차로안,승용,여,64세,상해없음,승용,남,51세,경상
2018082300100094,2018년 8월 23일 08시,목요일,강원도 홍천군 동면,경상사고,0,0,2,0,차대차 - 기타,중앙선침범,건조,맑음,단일로 - 기타,승용,남,69세,상해없음,승용,남,60세,경상
2018082300100125,2018년 8월 23일 09시,목요일,강원도 원주시 명륜동,경상사고,0,0,1,0,차대차 - 측면충돌,안전거리미확보,건조,맑음,단일로 - 기타,승합,여,48세,상해없음,승용,여,55세,경상
2018082300100126,2018년 8월 23일 09시,목요일,강원도 원주시 판부면,경상사고,0,0,1,0,차대차 - 측면충돌,안전운전불이행,건조,맑음,단일로 - 기타,승용,여,35세,상해없음,이륜,남,37세,경상
2018082300100146,2018년 8월 23일 10시,목요일,강원도 원주시 태장동,부상신고사고,0,0,0,1,차대차 - 추돌,안전운전불이행,건조,맑음,교차로 - 교차로부근,기타불명,기타불명,미분류,기타불명,이륜,남,90세 이상,부상신고
2018082300100147,2018년 8월 23일 10시,목요일,강원도 태백시 황지동,경상사고,0,0,1,1,차대차 - 추돌,교차로운행방법위반,건조,맑음,교차로 - 교차로안,승용,남,29세,상해없음,승용,남,51세,경상
2018082300100170,2018년 8월 23일 11시,목요일,강원도 춘천시 동내면,경상사고,0,0,1,0,차대차 - 측면충돌,안전운전불이행,건조,맑음,단일로 - 기타,승용,여,46세,상해없음,자전거,남,71세,경상
2018082300100171,2018년 8월 23일 11시,목요일,강원도 원주시 문막읍,경상사고,0,0,1,0,차대차 - 측면충돌,안전운전불이행,건조,맑음,단일로 - 기타,이륜,남,57세,기타불명,승용,남,31세,경상
2018082300100246,2018년 8월 23일 15시,목요일,강원도 원주시 평원동,경상사고,0,0,1,0,차대차 - 측면충돌,교차로운행방법위반,건조,맑음,교차로 - 교차로안,승용,남,55세,상해없음,승용,남,65세,경상
2018082300100247,2018년 8월 23일 15시,목요일,강원도 화천군 사내면,경상사고,0,0,1,0,차대차 - 측면충돌,중앙선침범,건조,맑음,단일로 - 기타,기타불명,남,21세,상해없음,이륜,남,73세,경상
2018082300100275,2018년 8월 23일 16시,목요일,강원도 동해시 지흥동,중상사고,0,1,0,0,차대차 - 추돌,안전거리미확보,건조,맑음,교차로 - 교차로안,승용,여,57세,상해없음,승합,남,37세,중상
2018082300100340,2018년 8월 23일 18시,목요일,강원도 춘천시 석사동,경상사고,0,0,1,0,차대차 - 측면충돌,안전운전불이행,건조,맑음,교차로 - 교차로안,승용,남,59세,상해없음,승용,여,39세,경상
2018082300100341,2018년 8월 23일 18시,목요일,강원도 철원군 동송읍,경상사고,0,0,1,0,차대차 - 측면충돌,직진우회전진행방해,건조,흐림,교차로 - 교차로안,화물,남,58세,상해없음,승용,여,51세,경상
2018082300100390,2018년 8월 23일 19시,목요일,강원도 원주시 단계동,경상사고,0,0,2,1,차대차 - 측면충돌,교차로운행방법위반,건조,맑음,교차로 - 교차로안,승용,여,30세,부상신고,승용,남,32세,경상
2018082300100455,2018년 8월 23일 21시,목요일,강원도 춘천시 석사동,경상사고,0,0,4,0,차대차 - 측면충돌,안전운전불이행,젖음/습기,맑음,교차로 - 교차로안,승용,남,37세,상해없음,승용,여,25세,경상
2018082300100494,2018년 8월 23일 22시,목요일,강원도 원주시 단계동,경상사고,0,0,1,0,차대사람 - 차도통행중,안전운전불이행,건조,맑음,단일로 - 기타,승용,남,68세,상해없음,보행자,여,16세,경상
2018082400100033,2018년 8월 24일 02시,금요일,강원도 홍천군 화촌면,경상사고,0,0,1,0,차량단독 - 기타,안전운전불이행,젖음/습기,비,단일로 - 교량,승용,남,68세,경상,,,,
2018082400100043,2018년 8월 24일 03시,금요일,강원도 춘천시 효자동,중상사고,0,1,4,0,차대차 - 추돌,안전운전불이행,젖음/습기,비,교차로 - 교차로부근,승용,여,55세,중상,승용,남,28세,경상
2018082400100181,2018년 8월 24일 11시,금요일,강원도 인제군 인제읍,중상사고,0,1,1,0,차대차 - 정면충돌,중앙선침범,젖음/습기,비,교차로 - 교차로부근,승용,여,64세,상해없음,승용,남,82세,중상
2018082400100342,2018년 8월 24일 16시,금요일,강원도 원주시 반곡동,중상사고,0,1,0,0,차대사람 - 횡단중,신호위반,젖음/습기,비,교차로 - 교차로횡단보도내,승용,남,45세,상해없음,보행자,남,43세,중상
2018082400100369,2018년 8월 24일 17시,금요일,강원도 원주시 중앙동,경상사고,0,0,1,1,차대차 - 측면충돌,안전운전불이행,건조,맑음,교차로 - 교차로부근,승용,남,39세,부상신고,승용,여,51세,경상
2018082400100459,2018년 8월 24일 19시,금요일,강원도 철원군 갈말읍,중상사고,0,2,1,0,차대차 - 측면충돌,직진우회전진행방해,젖음/습기,비,교차로 - 교차로안,화물,남,57세,상해없음,승용,여,34세,경상
2018082400100562,2018년 8월 24일 22시,금요일,강원도 속초시 조양동,중상사고,0,1,0,0,차대사람 - 횡단중,신호위반,젖음/습기,비,교차로 - 교차로안,승용,남,42세,상해없음,보행자,여,17세,중상
2018082500100156,2018년 8월 25일 09시,토요일,강원도 춘천시 사농동,중상사고,0,1,0,0,차대차 - 측면충돌,안전운전불이행,건조,맑음,교차로 - 교차로부근,승용,남,52세,기타불명,승용,남,27세,중상
2018082500100157,2018년 8월 25일 09시,토요일,강원도 강릉시 교동,중상사고,0,1,0,0,차대차 - 측면충돌,중앙선침범,건조,맑음,단일로 - 기타,승용,여,58세,상해없음,원동기,남,75세,중상
2018082500100158,2018년 8월 25일 09시,토요일,강원도 속초시 청호동,중상사고,0,1,2,0,차대차 - 측면충돌,안전운전불이행,건조,맑음,교차로 - 교차로안,승용,남,39세,상해없음,승용,남,34세,경상
2018082500100184,2018년 8월 25일 10시,토요일,강원도 속초시 교동,경상사고,0,0,1,0,차대차 - 측면충돌,교차로운행방법위반,건조,맑음,교차로 - 교차로안,화물,남,63세,상해없음,승용,여,55세,경상
2018082500100185,2018년 8월 25일 10시,토요일,강원도 평창군 평창읍,경상사고,0,0,1,0,차대차 - 측면충돌,안전운전불이행,건조,맑음,교차로 - 교차로안,승용,남,58세,상해없음,이륜,남,63세,경상
2018082500100225,2018년 8월 25일 11시,토요일,강원도 강릉시 홍제동,경상사고,0,0,4,0,차대차 - 측면충돌,신호위반,건조,맑음,교차로 - 교차로안,승용,남,70세,상해없음,승용,남,51세,경상
2018082500100258,2018년 8월 25일 12시,토요일,강원도 춘천시 소양로2가,중상사고,0,1,0,0,차대차 - 측면충돌,안전운전불이행,건조,맑음,교차로 - 교차로횡단보도내,승용,남,43세,상해없음,자전거,남,51세,중상
2018082500100259,2018년 8월 25일 12시,토요일,강원도 원주시 관설동,경상사고,0,0,3,0,차대차 - 후진중충돌,안전운전불이행,건조,맑음,단일로 - 기타,승용,남,30세,상해없음,승용,여,47세,경상
2018082500100293,2018년 8월 25일 13시,토요일,강원도 춘천시 석사동,중상사고,0,1,0,0,차대차 - 측면충돌,안전운전불이행,건조,맑음,단일로 - 기타,승용,남,46세,상해없음,이륜,남,37세,중상
2018082500100329,2018년 8월 25일 14시,토요일,강원도 강릉시 성산면,경상사고,0,0,1,0,차대차 - 기타,안전운전불이행,건조,맑음,단일로 - 기타,승용,남,61세,상해없음,승용,남,58세,경상
2018082500100330,2018년 8월 25일 14시,토요일,강원도 홍천군 북방면,경상사고,0,0,1,0,차대차 - 기타,안전운전불이행,건조,맑음,단일로 - 기타,승용,남,29세,상해없음,승용,남,38세,경상
2018082500100368,2018년 8월 25일 15시,토요일,강원도 원주시 태장동,경상사고,0,0,1,0,차대사람 - 길가장자리구역통행중,안전운전불이행,건조,맑음,단일로 - 기타,승용,여,42세,상해없음,보행자,남,42세,경상
2018082500100369,2018년 8월 25일 15시,토요일,강원도 원주시 지정면,경상사고,0,0,2,0,차대차 - 추돌,신호위반,건조,맑음,교차로 - 교차로안,화물,남,56세,상해없음,승용,여,24세,경상
2018082500100370,2018년 8월 25일 15시,토요일,강원도 평창군 대관령면,경상사고,0,0,1,0,차대차 - 측면충돌,안전운전불이행,건조,맑음,단일로 - 기타,승용,여,61세,상해없음,승용,여,64세,경상
2018082500100402,2018년 8월 25일 16시,토요일,강원도 영월군 영월읍,경상사고,0,0,1,1,차대차 - 측면충돌,신호위반,건조,맑음,단일로 - 교량,승용,여,62세,부상신고,승용,여,50세,경상
2018082500100403,2018년 8월 25일 16시,토요일,강원도 홍천군 화촌면,경상사고,0,0,2,0,차대차 - 기타,안전운전불이행,건조,맑음,교차로 - 교차로안,승용,남,55세,상해없음,승용,여,26세,경상
2018082500100404,2018년 8월 25일 16시,토요일,강원도 양구군 양구읍,경상사고,0,0,2,0,차대차 - 추돌,불법유턴,건조,맑음,단일로 - 기타,승용,남,61세,경상,승용,남,24세,경상
2018082500100460,2018년 8월 25일 18시,토요일,강원도 강릉시 송정동,중상사고,0,1,0,0,차대차 - 기타,안전운전불이행,건조,흐림,단일로 - 기타,승용,남,49세,상해없음,자전거,남,15세,중상
2018082500100482,2018년 8월 25일 19시,토요일,강원도 원주시 우산동,경상사고,0,0,1,0,차대사람 - 횡단중,안전운전불이행,건조,맑음,교차로 - 교차로안,승용,여,40세,상해없음,보행자,남,79세,경상
2018082500100567,2018년 8월 25일 22시,토요일,강원도 강릉시 안현동,경상사고,0,0,1,0,차대사람 - 기타,안전운전불이행,건조,맑음,단일로 - 기타,승용,남,21세,상해없음,보행자,남,16세,경상
2018082500100568,2018년 8월 25일 22시,토요일,강원도 원주시 명륜동,경상사고,0,0,3,0,차대차 - 추돌,안전거리미확보,건조,맑음,교차로 - 교차로부근,승용,남,66세,상해없음,승용,남,62세,경상
2018082500100587,2018년 8월 25일 23시,토요일,강원도 삼척시 교동,중상사고,0,1,2,0,차대차 - 측면충돌,신호위반,건조,맑음,교차로 - 교차로안,승용,남,26세,상해없음,승용,남,53세,경상
2018082600100011,2018년 8월 26일 00시,일요일,강원도 강릉시 주문진읍,경상사고,0,0,1,0,차대차 - 기타,신호위반,건조,맑음,교차로 - 교차로안,승용,남,32세,상해없음,승용,남,59세,경상
2018082600100012,2018년 8월 26일 00시,일요일,강원도 강릉시 주문진읍,경상사고,0,0,1,0,차대차 - 기타,중앙선침범,건조,맑음,단일로 - 기타,승용,남,62세,상해없음,이륜,남,44세,경상
2018082600100077,2018년 8월 26일 03시,일요일,강원도 홍천군 화촌면,경상사고,0,0,2,0,차대차 - 기타,안전운전불이행,건조,맑음,교차로 - 교차로부근,승용,여,25세,상해없음,승용,남,67세,경상
2018082600100112,2018년 8월 26일 06시,일요일,강원도 인제군 인제읍,사망사고,1,0,0,0,차대차 - 정면충돌,신호위반,건조,맑음,교차로 - 교차로부근,승용,남,47세,상해없음,이륜,남,26세,사망
2018082600100147,2018년 8월 26일 09시,일요일,강원도 춘천시 후평동,중상사고,0,1,0,0,차대사람 - 횡단중,안전운전불이행,건조,맑음,교차로 - 교차로부근,승용,남,49세,상해없음,보행자,여,76세,중상
2018082600100159,2018년 8월 26일 10시,일요일,강원도 춘천시 후평동,부상신고사고,0,0,0,1,차대차 - 측면충돌,안전운전불이행,건조,맑음,교차로 - 교차로안,승용,남,54세,상해없음,승합,남,57세,부상신고
2018082600100160,2018년 8월 26일 10시,일요일,강원도 고성군 토성면,경상사고,0,0,1,0,차대차 - 측면충돌,직진우회전진행방해,건조,맑음,교차로 - 교차로안,승용,남,27세,상해없음,승용,여,70세,상해없음
2018082600100177,2018년 8월 26일 11시,일요일,강원도 춘천시 후평동,중상사고,0,1,0,0,차대차 - 측면충돌,교차로운행방법위반,건조,맑음,단일로 - 기타,승용,여,57세,상해없음,이륜,남,17세,중상
2018082600100178,2018년 8월 26일 11시,일요일,강원도 강릉시 옥천동,중상사고,0,1,0,0,차대사람 - 기타,보행자보호의무위반,건조,맑음,교차로 - 교차로횡단보도내,승용,남,20세,상해없음,보행자,남,80세,중상
2018082600100195,2018년 8월 26일 12시,일요일,강원도 속초시 조양동,중상사고,0,1,0,0,차대차 - 측면충돌,차로위반,건조,맑음,기타 - 기타,승용,여,52세,상해없음,이륜,남,56세,중상
2018082600100228,2018년 8월 26일 13시,일요일,강원도 춘천시 동내면,경상사고,0,0,1,0,차대차 - 후진중충돌,안전운전불이행,건조,맑음,단일로 - 기타,승용,남,50세,상해없음,승용,여,56세,경상
2018082600100229,2018년 8월 26일 13시,일요일,강원도 원주시 우산동,중상사고,0,3,0,0,차량단독 - 기타,안전운전불이행,젖음/습기,비,단일로 - 기타,승합,남,54세,상해없음,,,,
2018082600100259,2018년 8월 26일 14시,일요일,강원도 원주시 소초면,경상사고,0,0,3,0,차대차 - 측면충돌,안전운전불이행,젖음/습기,비,단일로 - 기타,승용,남,39세,상해없음,화물,남,69세,경상