사고번호,사고일시,요일,시군구,사고내용,사망자수,중상자수,경상자수,부상신고자수,사고유형,법규위반,노면상태,기상상태,도로형태,가해운전자 차종,가해운전자 성별,가해운전자 연령,가해운전자 상해정도,피해운전자 차종,피해운전자 성별,피해운전자 연령,피해운전자 상해정도
2018082600100284,2018년 8월 26일 15시,일요일,강원도 강릉시 교동,경상사고,0,0,1,0,차대차 - 기타,안전운전불이행,건조,맑음,교차로 - 교차로안,화물,남,60세,상해없음,승용,남,64세,상해없음
2018082600100338,2018년 8월 26일 17시,일요일,강원도 고성군 토성면,경상사고,0,0,1,0,차대사람 - 기타,안전운전불이행,건조,맑음,기타 - 기타,승용,남,67세,상해없음,보행자,여,37세,경상
2018082600100339,2018년 8월 26일 17시,일요일,강원도 동해시 용정동,경상사고,0,0,1,0,차대차 - 측면충돌,교차로운행방법위반,건조,흐림,교차로 - 교차로안,승용,남,62세,상해없음,승용,남,24세,상해없음
2018082600100368,2018년 8월 26일 18시,일요일,강원도 원주시 우산동,경상사고,0,0,1,0,차대차 - 측면충돌,안전운전불이행,건조,맑음,교차로 - 교차로부근,승용,여,46세,상해없음,화물,남,21세,경상
2018082600100401,2018년 8월 26일 19시,일요일,강원도 원주시 단구동,중상사고,0,1,0,0,차대차 - 측면충돌,교차로운행방법위반,젖음/습기,비,교차로 - 교차로안,승용,남,59세,상해없음,승용,여,46세,중상
2018082600100402,2018년 8월 26일 19시,일요일,강원도 동해시 이도동,중상사고,0,1,0,0,차대사람 - 횡단중,안전운전불이행,젖음/습기,비,교차로 - 교차로안,승합,남,58세,상해없음,보행자,여,24세,중상
2018082600100424,2018년 8월 26일 20시,일요일,강원도 춘천시 후평동,경상사고,0,0,1,0,차대차 - 측면충돌,교차로운행방법위반,건조,맑음,교차로 - 교차로안,승용,여,59세,상해없음,이륜,남,35세,경상
2018082600100425,2018년 8월 26일 20시,일요일,강원도 속초시 조양동,경상사고,0,0,1,0,차대차 - 측면충돌,안전운전불이행,건조,맑음,교차로 - 교차로안,승용,남,32세,상해없음,승용,남,38세,경상
2018082600100458,2018년 8월 26일 21시,일요일,강원도 강릉시 교동,경상사고,0,0,1,0,차대차 - 측면충돌,안전운전불이행,건조,맑음,교차로 - 교차로안,승용,여,48세,상해없음,이륜,남,36세,경상
2018082600100479,2018년 8월 26일 22시,일요일,강원도 원주시 단계동,경상사고,0,0,1,0,차대사람 - 길가장자리구역통행중,안전운전불이행,젖음/습기,비,단일로 - 기타,승용,남,57세,상해없음,보행자,남,23세,경상
2018082700100007,2018년 8월 27일 00시,월요일,강원도 춘천시 동면,중상사고,0,1,0,0,차대차 - 기타,교차로운행방법위반,젖음/습기,비,교차로 - 교차로안,승용,여,52세,상해없음,화물,남,64세,중상
2018082700100008,2018년 8월 27일 00시,월요일,강원도 강릉시 포남동,경상사고,0,0,3,0,차대차 - 추돌,안전운전불이행,젖음/습기,비,단일로 - 기타,승용,남,29세,상해없음,승용,여,48세,경상
2018082700100050,2018년 8월 27일 04시,월요일,강원도 원주시 관설동,중상사고,0,2,0,0,차대차 - 기타,안전운전불이행,젖음/습기,비,기타 - 기타,화물,남,65세,상해없음,승용,여,45세,상해없음
2018082700100063,2018년 8월 27일 05시,월요일,강원도 강릉시 홍제동,경상사고,0,0,1,0,차량단독 - 전도전복 - 전도,안전운전불이행,젖음/습기,비,단일로 - 기타,승합,남,33세,상해없음,미분류,미분류,미분류,미분류
2018082700100097,2018년 8월 27일 07시,월요일,강원도 원주시 반곡동,중상사고,0,1,1,0,차대차 - 측면충돌,직진우회전진행방해,젖음/습기,비,교차로 - 교차로안,승용,남,58세,경상,승합,여,46세,중상
2018082700100139,2018년 8월 27일 08시,월요일,강원도 춘천시 약사동,경상사고,0,0,1,0,차대차 - 추돌,안전거리미확보,젖음/습기,흐림,단일로 - 기타,승용,여,44세,상해없음,승용,여,47세,경상
2018082700100140,2018년 8월 27일 08시,월요일,강원도 춘천시 중앙로1가,경상사고,0,0,2,0,차대차 - 측면충돌,안전거리미확보,젖음/습기,비,교차로 - 교차로안,승용,남,38세,경상,승합,남,45세,경상
2018082700100141,2018년 8월 27일 08시,월요일,강원도 강릉시 홍제동,경상사고,0,0,1,0,차대차 - 측면충돌,신호위반,젖음/습기,비,교차로 - 교차로안,승용,여,62세,상해없음,승용,남,26세,경상
2018082700100142,2018년 8월 27일 08시,월요일,강원도 원주시 학성동,경상사고,0,0,2,0,차대차 - 측면충돌,교차로운행방법위반,건조,맑음,교차로 - 교차로안,승용,남,62세,상해없음,승용,여,58세,경상
2018082700100143,2018년 8월 27일 08시,월요일,강원도 삼척시 당저동,중상사고,0,1,2,0,차대차 - 정면충돌,직진우회전진행방해,젖음/습기,비,교차로 - 교차로안,승용,여,52세,중상,승용,여,34세,경상
2018082700100218,2018년 8월 27일 10시,월요일,강원도 철원군 동송읍,경상사고,0,0,1,0,차대차 - 기타,중앙선침범,건조,맑음,단일로 - 기타,승용,여,46세,상해없음,승용,남,31세,경상
2018082700100261,2018년 8월 27일 11시,월요일,강원도 인제군 기린면,중상사고,0,1,0,0,차대사람 - 횡단중,안전운전불이행,젖음/습기,흐림,단일로 - 기타,승용,남,56세,상해없음,보행자,여,76세,중상
2018082700100292,2018년 8월 27일 12시,월요일,강원도 속초시 동명동,중상사고,0,1,0,1,차대차 - 측면충돌,불법유턴,건조,맑음,단일로 - 지하차도(도로)내,승용,여,34세,상해없음,이륜,남,27세,중상
2018082700100293,2018년 8월 27일 12시,월요일,강원도 고성군 토성면,경상사고,0,0,1,0,차대사람 - 길가장자리구역통행중,안전운전불이행,건조,맑음,기타 - 기타,승용,남,34세,상해없음,보행자,여,77세,경상
2018082700100320,2018년 8월 27일 13시,월요일,강원도 삼척시 근덕면,경상사고,0,0,1,0,차대차 - 측면충돌,안전운전불이행,젖음/습기,비,교차로 - 교차로안,승용,남,65세,상해없음,화물,여,51세,경상
2018082700100321,2018년 8월 27일 13시,월요일,강원도 횡성군 횡성읍,중상사고,0,1,0,0,차대사람 - 길가장자리구역통행중,중앙선침범,젖음/습기,비,단일로 - 기타,화물,남,66세,상해없음,보행자,남,64세,중상
2018082700100410,2018년 8월 27일 16시,월요일,강원도 강릉시 옥천동,경상사고,0,0,1,0,차대차 - 측면충돌,안전운전불이행,건조,맑음,교차로 - 교차로안,승용,남,77세,기타불명,승용,남,65세,상해없음
2018082700100441,2018년 8월 27일 17시,월요일,강원도 홍천군 서면,중상사고,0,1,0,0,차량단독 - 전도전복 - 전도,안전운전불이행,젖음/습기,비,단일로 - 교량,사륜오토바이(ATV),남,80세,중상,미분류,미분류,미분류,미분류
2018082700100483,2018년 8월 27일 18시,월요일,강원도 원주시 우산동,경상사고,0,0,1,0,차대차 - 측면충돌,안전운전불이행,젖음/습기,비,교차로 - 교차로부근,승용,남,56세,상해없음,승용,남,53세,경상
2018082700100484,2018년 8월 27일 18시,월요일,강원도 삼척시 가곡면,경상사고,0,0,1,0,차량단독 - 도로외이탈 - 추락,안전운전불이행,건조,흐림,단일로 - 기타,화물,남,38세,경상,,,,
2018082700100485,2018년 8월 27일 18시,월요일,강원도 동해시 용정동,경상사고,0,0,2,0,차대차 - 기타,안전운전불이행,건조,맑음,단일로 - 기타,승용,여,49세,상해없음,승용,여,57세,경상
2018082700100534,2018년 8월 27일 19시,월요일,강원도 속초시 중앙동,중상사고,0,1,0,0,차대사람 - 차도통행중,안전운전불이행,건조,맑음,단일로 - 기타,승용,남,24세,상해없음,보행자,여,57세,중상
2018082700100560,2018년 8월 27일 20시,월요일,강원도 원주시 반곡동,중상사고,0,1,0,0,차대차 - 측면충돌,교차로운행방법위반,건조,맑음,교차로 - 교차로안,승용,남,33세,상해없음,원동기,남,47세,중상
2018082700100583,2018년 8월 27일 21시,월요일,강원도 강릉시 교동,경상사고,0,0,1,0,차대차 - 측면충돌,신호위반,건조,맑음,교차로 - 교차로안,승용,남,47세,상해없음,승용,남,54세,경상
2018082700100608,2018년 8월 27일 22시,월요일,강원도 원주시 중앙동,경상사고,0,0,1,0,차대차 - 측면충돌,차로위반,건조,맑음,교차로 - 교차로부근,승용,남,59세,상해없음,승용,남,25세,경상
2018082800100065,2018년 8월 28일 06시,화요일,강원도 강릉시 노암동,경상사고,0,0,1,0,차대차 - 추돌,안전운전불이행,건조,맑음,교차로 - 교차로부근,승용,여,36세,상해없음,승용,남,65세,경상
2018082800100136,2018년 8월 28일 09시,화요일,강원도 속초시 노학동,중상사고,0,1,1,0,차대차 - 측면충돌,교차로운행방법위반,건조,맑음,교차로 - 교차로안,승용,남,29세,상해없음,화물,남,48세,경상
2018082800100137,2018년 8월 28일 09시,화요일,강원도 영월군 중동면,경상사고,0,0,2,0,차대차 - 측면충돌,안전운전불이행,젖음/습기,비,단일로 - 기타,승용,남,67세,상해없음,승용,남,35세,경상
2018082800100138,2018년 8월 28일 09시,화요일,강원도 동해시 천곡동,경상사고,0,0,1,0,차대차 - 기타,안전운전불이행,건조,흐림,단일로 - 기타,승용,여,56세,상해없음,승용,여,36세,경상
2018082800100190,2018년 8월 28일 11시,화요일,강원도 홍천군 홍천읍,중상사고,0,1,0,0,차대차 - 기타,교차로운행방법위반,건조,맑음,교차로 - 교차로안,승용,남,65세,상해없음,승용,여,25세,중상
2018082800100249,2018년 8월 28일 13시,화요일,강원도 춘천시 후평동,경상사고,0,0,1,0,차대차 - 측면충돌,안전운전불이행,젖음/습기,흐림,단일로 - 기타,화물,남,28세,상해없음,승용,남,26세,경상
2018082800100283,2018년 8월 28일 14시,화요일,강원도 춘천시 석사동,경상사고,0,0,1,0,차대차 - 추돌,안전운전불이행,젖음/습기,비,교차로 - 교차로부근,승용,여,44세,상해없음,승용,여,43세,경상
2018082800100310,2018년 8월 28일 15시,화요일,강원도 춘천시 온의동,경상사고,0,0,1,0,차대차 - 측면충돌,안전운전불이행,젖음/습기,비,단일로 - 기타,승용,여,44세,상해없음,승용,남,34세,경상
2018082800100311,2018년 8월 28일 15시,화요일,강원도 홍천군 북방면,경상사고,0,0,1,0,차대차 - 추돌,안전운전불이행,건조,맑음,단일로 - 기타,승용,남,45세,상해없음,화물,남,55세,상해없음
2018082800100447,2018년 8월 28일 18시,화요일,강원도 춘천시 후평동,경상사고,0,0,1,0,차대차 - 측면충돌,안전운전불이행,젖음/습기,비,교차로 - 교차로횡단보도내,승용,남,25세,상해없음,자전거,남,57세,경상
2018082800100448,2018년 8월 28일 18시,화요일,강원도 원주시 명륜동,경상사고,0,0,1,0,차대차 - 측면충돌,교차로운행방법위반,젖음/습기,비,교차로 - 교차로안,승용,남,20세,상해없음,이륜,남,34세,경상
2018082800100488,2018년 8월 28일 19시,화요일,강원도 강릉시 포남동,경상사고,0,0,1,0,차대사람 - 횡단중,안전운전불이행,젖음/습기,비,단일로 - 기타,승용,남,32세,상해없음,보행자,남,56세,경상
2018082800100489,2018년 8월 28일 19시,화요일,강원도 원주시 단구동,경상사고,0,0,1,0,차대차 - 측면충돌,신호위반,건조,맑음,교차로 - 교차로안,승합,남,66세,상해없음,승용,여,44세,경상
2018082800100523,2018년 8월 28일 20시,화요일,강원도 원주시 문막읍,경상사고,0,0,1,0,차대차 - 측면충돌,중앙선침범,건조,맑음,단일로 - 기타,승용,남,66세,상해없음,승용,여,62세,경상
2018082800100524,2018년 8월 28일 20시,화요일,강원도 삼척시 남양동,경상사고,0,0,1,0,차대사람 - 길가장자리구역통행중,안전운전불이행,젖음/습기,비,단일로 - 기타,승용,남,27세,상해없음,보행자,남,44세,경상
2018082800100525,2018년 8월 28일 20시,화요일,강원도 태백시 황지동,경상사고,0,0,2,0,차대차 - 측면충돌,안전운전불이행,젖음/습기,비,교차로 - 교차로안,승용,여,52세,상해없음,승용,남,58세,경상
2018082800100574,2018년 8월 28일 21시,화요일,강원도 강릉시 남문동,중상사고,0,1,0,0,차대사람 - 기타,안전운전불이행,젖음/습기,비,단일로 - 기타,승용,남,69세,상해없음,보행자,남,56세,중상
2018082800100575,2018년 8월 28일 21시,화요일,강원도 원주시 단계동,경상사고,0,0,3,0,차대차 - 측면충돌,안전운전불이행,젖음/습기,맑음,단일로 - 기타,승용,남,32세,상해없음,승용,남,28세,경상
2018082800100602,2018년 8월 28일 22시,화요일,강원도 강릉시 옥천동,경상사고,0,0,1,0,차대사람 - 횡단중,안전운전불이행,젖음/습기,비,단일로 - 기타,승용,남,46세,상해없음,보행자,남,58세,경상
2018082800100603,2018년 8월 28일 22시,화요일,강원도 동해시 평릉동,경상사고,0,0,1,0,차대차 - 측면충돌,신호위반,젖음/습기,비,교차로 - 교차로안,승용,남,24세,상해없음,승용,여,45세,경상
2018082800100634,2018년 8월 28일 23시,화요일,강원도 강릉시 교동,경상사고,0,0,1,0,차대사람 - 횡단중,보행자보호의무위반,젖음/습기,비,교차로 - 교차로횡단보도내,승용,남,28세,상해없음,보행자,여,26세,경상
2018082900100007,2018년 8월 29일 00시,수요일,강원도 원주시 단계동,경상사고,0,0,1,0,차대사람 - 횡단중,안전운전불이행,건조,맑음,단일로 - 기타,승용,남,57세,상해없음,보행자,남,40세,경상
2018082900100076,2018년 8월 29일 07시,수요일,강원도 춘천시 석사동,경상사고,0,0,2,0,차대차 - 측면충돌,안전운전불이행,건조,맑음,교차로 - 교차로안,승용,남,46세,상해없음,승용,여,43세,경상
2018082900100104,2018년 8월 29일 08시,수요일,강원도 춘천시 퇴계동,경상사고,0,0,1,0,차대차 - 측면충돌,안전거리미확보,젖음/습기,비,교차로 - 교차로부근,승용,여,37세,상해없음,승용,남,54세,경상
2018082900100105,2018년 8월 29일 08시,수요일,강원도 춘천시 근화동,경상사고,0,0,2,0,차대차 - 측면충돌,교차로운행방법위반,건조,맑음,교차로 - 교차로안,승용,남,73세,상해없음,승용,남,34세,경상
2018082900100202,2018년 8월 29일 11시,수요일,강원도 평창군 평창읍,중상사고,0,1,0,0,차대차 - 추돌,안전운전불이행,건조,맑음,단일로 - 기타,화물,남,68세,상해없음,화물,남,31세,상해없음
2018082900100203,2018년 8월 29일 11시,수요일,강원도 정선군 북평면,경상사고,0,0,1,0,차대차 - 측면충돌,안전운전불이행,건조,맑음,교차로 - 교차로안,화물,남,52세,상해없음,승용,남,42세,경상
2018082900100228,2018년 8월 29일 12시,수요일,강원도 춘천시 동내면,중상사고,0,1,0,0,차대사람 - 횡단중,안전운전불이행,건조,맑음,교차로 - 교차로횡단보도내,승용,여,51세,상해없음,보행자,여,17세,중상
2018082900100290,2018년 8월 29일 14시,수요일,강원도 춘천시 죽림동,중상사고,0,1,0,0,차대사람 - 횡단중,신호위반,건조,맑음,단일로 - 기타,화물,남,56세,상해없음,보행자,여,72세,중상
2018082900100291,2018년 8월 29일 14시,수요일,강원도 춘천시 약사동,경상사고,0,0,1,0,차대사람 - 기타,안전운전불이행,젖음/습기,비,단일로 - 기타,기타불명,기타불명,미분류,기타불명,보행자,남,10세,경상
2018082900100319,2018년 8월 29일 15시,수요일,강원도 평창군 봉평면,경상사고,0,0,2,0,차대차 - 정면충돌,중앙선침범,젖음/습기,비,교차로 - 교차로안,승용,여,50세,상해없음,화물,남,47세,경상
2018082900100387,2018년 8월 29일 17시,수요일,강원도 강릉시 입암동,경상사고,0,0,1,0,차대사람 - 횡단중,안전운전불이행,젖음/습기,비,단일로 - 기타,승용,남,69세,상해없음,보행자,남,12세,경상
2018082900100388,2018년 8월 29일 17시,수요일,강원도 고성군 죽왕면,경상사고,0,0,2,0,차량단독 - 전도전복 - 전복,과속,젖음/습기,비,기타 - 기타,승용,남,40세,경상,미분류,미분류,미분류,미분류
2018082900100523,2018년 8월 29일 20시,수요일,강원도 춘천시 동면,경상사고,0,0,2,0,차대차 - 측면충돌,안전운전불이행,젖음/습기,비,교차로 - 교차로안,승용,남,45세,상해없음,승용,남,39세,경상
2018082900100524,2018년 8월 29일 20시,수요일,강원도 강릉시 교동,중상사고,0,3,0,0,차대사람 - 보도통행중,보행자보호의무위반,건조,맑음,교차로 - 교차로횡단보도내,승용,여,52세,상해없음,보행자,남,25세,중상
2018082900100556,2018년 8월 29일 21시,수요일,강원도 평창군 진부면,경상사고,0,0,3,0,차대차 - 측면충돌,안전운전불이행,젖음/습기,비,교차로 - 교차로안,승용,남,52세,상해없음,승용,여,39세,경상
2018082900100584,2018년 8월 29일 22시,수요일,강원도 횡성군 횡성읍,경상사고,0,0,2,0,차대차 - 측면충돌,안전운전불이행,젖음/습기,맑음,교차로 - 교차로안,승용,남,44세,상해없음,승용,여,53세,경상
2018083000100113,2018년 8월 30일 08시,목요일,강원도 강릉시 옥천동,중상사고,0,1,0,0,차대사람 - 기타,안전운전불이행,건조,맑음,기타 - 기타,승합,남,58세,상해없음,보행자,여,60세,중상
2018083000100143,2018년 8월 30일 09시,목요일,강원도 삼척시 원덕읍,경상사고,0,0,1,0,차대차 - 측면충돌,중앙선침범,건조,맑음,단일로 - 기타,승용,남,77세,상해없음,화물,남,49세,경상
2018083000100144,2018년 8월 30일 09시,목요일,강원도 삼척시 원당동,경상사고,0,0,1,0,차대차 - 측면충돌,안전운전불이행,건조,맑음,교차로 - 교차로부근,승용,남,76세,상해없음,승용,여,42세,경상
2018083000100224,2018년 8월 30일 12시,목요일,강원도 동해시 발한동,경상사고,0,0,1,0,차대차 - 추돌,안전운전불이행,건조,맑음,단일로 - 기타,화물,남,63세,상해없음,승용,남,62세,경상
2018083000100314,2018년 8월 30일 15시,목요일,강원도 원주시 개운동,중상사고,0,1,1,0,차대차 - 측면충돌,교차로운행방법위반,젖음/습기,비,교차로 - 교차로안,승용,남,38세,상해없음,승용,여,44세,중상
2018083000100315,2018년 8월 30일 15시,목요일,강원도 화천군 상서면,사망사고,1,0,0,0,차량단독 - 공작물충돌,안전운전불이행,건조,맑음,단일로 - 기타,화물,남,63세,사망,,,,
2018083000100348,2018년 8월 30일 16시,목요일,강원도 원주시 일산동,경상사고,0,0,2,0,차대차 - 측면충돌,안전거리미확보,젖음/습기,비,단일로 - 기타,승용,남,78세,상해없음,승용,남,49세,경상
2018083000100467,2018년 8월 30일 19시,목요일,강원도 춘천시 석사동,경상사고,0,0,1,0,차대차 - 측면충돌,교차로운행방법위반,건조,맑음,교차로 - 교차로안,이륜,남,17세,기타불명,승용,남,46세,경상
2018083000100468,2018년 8월 30일 19시,목요일,강원도 홍천군 북방면,경상사고,0,0,1,0,차대차 - 추돌,안전운전불이행,건조,맑음,기타 - 기타,승용,남,25세,상해없음,승합,여,57세,경상
2018083000100565,2018년 8월 30일 22시,목요일,강원도 원주시 단계동,경상사고,0,0,1,0,차대차 - 측면충돌,안전운전불이행,젖음/습기,비,교차로 - 교차로안,승용,여,57세,상해없음,이륜,남,35세,경상
2018083100100048,2018년 8월 31일 03시,금요일,강원도 춘천시 퇴계동,중상사고,0,1,0,0,차대사람 - 횡단중,보행자보호의무위반,건조,맑음,교차로 - 교차로횡단보도내,승용,남,37세,상해없음,보행자,남,18세,중상
2018083100100062,2018년 8월 31일 04시,금요일,강원도 영월군 영월읍,부상신고사고,0,0,0,1,차대차 - 측면충돌,안전운전불이행,젖음/습기,비,단일로 - 기타,승용,남,42세,상해없음,승용,남,47세,상해없음
2018083100100121,2018년 8월 31일 08시,금요일,강원도 춘천시 중앙로2가,경상사고,0,0,1,0,차량단독 - 기타,교차로운행방법위반,건조,맑음,교차로 - 교차로안,승합,남,36세,상해없음,,,,
2018083100100155,2018년 8월 31일 09시,금요일,강원도 원주시 단계동,경상사고,0,0,2,0,차대차 - 추돌,안전운전불이행,건조,맑음,교차로 - 교차로부근,승용,여,28세,상해없음,승용,남,44세,경상
2018083100100156,2018년 8월 31일 09시,금요일,강원도 원주시 학성동,경상사고,0,0,1,0,차대사람 - 횡단중,보행자보호의무위반,건조,맑음,단일로 - 기타,승합,남,73세,상해없음,보행자,여,90세 이상,경상
2018083100100157,2018년 8월 31일 09시,금요일,강원도 원주시 우산동,중상사고,0,1,0,0,차대사람 - 횡단중,보행자보호의무위반,건조,맑음,단일로 - 기타,승용,여,61세,상해없음,보행자,여,81세,중상
2018083100100158,2018년 8월 31일 09시,금요일,강원도 속초시 교동,중상사고,0,1,0,0,차대사람 - 횡단중,보행자보호의무위반,건조,맑음,교차로 - 교차로안,승용,여,53세,상해없음,보행자,여,65세,중상
2018083100100215,2018년 8월 31일 11시,금요일,강원도 홍천군 홍천읍,경상사고,0,0,1,0,차대차 - 기타,안전운전불이행,건조,맑음,교차로 - 교차로부근,화물,남,31세,상해없음,화물,남,58세,경상
2018083100100274,2018년 8월 31일 13시,금요일,강원도 원주시 개운동,경상사고,0,0,1,0,차량단독 - 기타,안전운전불이행,건조,맑음,단일로 - 기타,기타불명,기타불명,미분류,기타불명,,,,
2018083100100275,2018년 8월 31일 13시,금요일,강원도 양양군 서면,중상사고,0,1,0,0,차대차 - 후진중충돌,안전운전불이행,건조,맑음,단일로 - 지하차도(도로)내,화물,남,58세,상해없음,이륜,남,82세,중상
2018083100100276,2018년 8월 31일 13시,금요일,강원도 삼척시 교동,중상사고,0,1,1,0,차대차 - 정면충돌,직진우회전진행방해,건조,맑음,교차로 - 교차로안,승용,남,53세,상해없음,승용,남,59세,중상
2018083100100277,2018년 8월 31일 13시,금요일,강원도 정선군 임계면,사망사고,1,0,0,0,차량단독 - 기타,안전운전불이행,건조,맑음,단일로 - 기타,화물,남,69세,상해없음,,,,
2018083100100308,2018년 8월 31일 14시,금요일,강원도 철원군 동송읍,중상사고,0,1,0,0,차량단독 - 전도전복 - 전도,안전운전불이행,건조,맑음,단일로 - 기타,이륜,남,56세,중상,미분류,미분류,미분류,미분류
2018083100100342,2018년 8월 31일 15시,금요일,강원도 원주시 학성동,경상사고,0,0,1,0,차대차 - 후진중충돌,안전운전불이행,건조,맑음,단일로 - 기타,화물,남,56세,상해없음,자전거,남,61세,경상
2018083100100453,2018년 8월 31일 18시,금요일,강원도 원주시 일산동,부상신고사고,0,0,0,1,차대차 - 측면충돌,안전운전불이행,건조,맑음,교차로 - 교차로안,이륜,남,79세,부상신고,승용,남,60세,상해없음
2018083100100454,2018년 8월 31일 18시,금요일,강원도 원주시 개운동,경상사고,0,0,3,0,차대차 - 측면충돌,안전운전불이행,건조,맑음,단일로 - 기타,승용,여,59세,상해없음,승용,남,34세,경상
2018083100100455,2018년 8월 31일 18시,금요일,강원도 동해시 쇄운동,경상사고,0,0,1,0,차대차 - 추돌,안전운전불이행,건조,맑음,교차로 - 교차로안,승용,남,76세,상해없음,승용,여,48세,경상
2018083100100494,2018년 8월 31일 19시,금요일,강원도 원주시 무실동,경상사고,0,0,1,0,차대차 - 측면충돌,교차로운행방법위반,건조,맑음,교차로 - 교차로안,승용,남,60세,상해없음,화물,남,48세,경상
2018083100100533,2018년 8월 31일 20시,금요일,강원도 영월군 북면,사망사고,1,0,0,0,차대사람 - 길가장자리구역통행중,안전운전불이행,건조,맑음,단일로 - 지하차도(도로)내,화물,남,53세,상해없음,보행자,남,69세,사망
2018083100100568,2018년 8월 31일 21시,금요일,강원도 춘천시 석사동,경상사고,0,0,2,0,차대차 - 측면충돌,신호위반,건조,맑음,교차로 - 교차로안,승용,남,64세,상해없음,승용,여,67세,경상
2018090100100013,2018년 9월 1일 00시,토요일,강원도 원주시 단계동,경상사고,0,0,1,0,차대차 - 측면충돌,안전운전불이행,건조,맑음,교차로 - 교차로안,승용,남,29세,상해없음,승용,남,29세,경상
2018090100100062,2018년 9월 1일 03시,토요일,강원도 동해시 천곡동,경상사고,0,0,1,0,차대차 - 기타,안전운전불이행,건조,맑음,단일로 - 기타,승합,남,48세,상해없음,승용,남,31세,경상
2018090100100106,2018년 9월 1일 06시,토요일,강원도 원주시 판부면,경상사고,0,0,1,0,차대차 - 측면충돌,중앙선침범,건조,맑음,교차로 - 교차로부근,승용,남,44세,상해없음,자전거,남,75세,경상
2018090100100107,2018년 9월 1일 06시,토요일,강원도 횡성군 횡성읍,경상사고,0,0,2,0,차대차 - 측면충돌,신호위반,젖음/습기,흐림,교차로 - 교차로안,승용,여,34세,경상,승용,남,57세,경상
2018090100100137,2018년 9월 1일 08시,토요일,강원도 태백시 황지동,경상사고,0,0,1,0,차대차 - 추돌,안전운전불이행,건조,맑음,교차로 - 교차로부근,화물,남,81세,상해없음,승용,여,58세,경상
2018090100100138,2018년 9월 1일 08시,토요일,강원도 횡성군 횡성읍,중상사고,0,1,0,0,차대차 - 측면충돌,안전운전불이행,건조,맑음,단일로 - 기타,화물,남,50세,상해없음,자전거,남,47세,중상
2018090100100156,2018년 9월 1일 09시,토요일,강원도 원주시 관설동,중상사고,0,1,2,1,차대차 - 정면충돌,중앙선침범,건조,맑음,단일로 - 기타,이륜,남,14세,중상,승용,여,46세,부상신고
2018090100100218,2018년 9월 1일 11시,토요일,강원도 춘천시 온의동,경상사고,0,0,1,0,차대차 - 추돌,안전운전불이행,건조,맑음,단일로 - 기타,승용,여,35세,상해없음,승용,여,52세,경상
2018090100100219,2018년 9월 1일 11시,토요일,강원도 강릉시 홍제동,경상사고,0,0,1,0,차대차 - 측면충돌,안전운전불이행,건조,맑음,교차로 - 교차로안,승용,남,52세,상해없음,승용,여,61세,경상
2018090100100220,2018년 9월 1일 11시,토요일,강원도 원주시 명륜동,중상사고,0,1,0,0,차대사람 - 길가장자리구역통행중,안전운전불이행,건조,맑음,단일로 - 기타,승용,여,45세,상해없음,보행자,남,17세,중상
2018090100100245,2018년 9월 1일 12시,토요일,강원도 철원군 동송읍,중상사고,0,1,0,0,차대차 - 측면충돌,안전운전불이행,건조,맑음,단일로 - 기타,승용,여,42세,상해없음,이륜,여,63세,중상
2018090100100279,2018년 9월 1일 13시,토요일,강원도 강릉시 홍제동,경상사고,0,0,2,0,차대차 - 추돌,안전운전불이행,건조,맑음,교차로 - 교차로안,승용,남,55세,상해없음,승용,남,66세,경상
2018090100100314,2018년 9월 1일 14시,토요일,강원도 춘천시 효자동,경상사고,0,0,1,0,차대차 - 측면충돌,안전운전불이행,건조,맑음,단일로 - 기타,승용,남,59세,상해없음,승합,남,58세,경상
2018090100100315,2018년 9월 1일 14시,토요일,강원도 강릉시 연곡면,경상사고,0,0,1,0,차대차 - 추돌,안전운전불이행,건조,맑음,교차로 - 교차로부근,화물,남,50세,상해없음,화물,여,53세,기타불명
2018090100100316,2018년 9월 1일 14시,토요일,강원도 평창군 봉평면,중상사고,0,1,2,0,차대차 - 측면충돌,안전운전불이행,건조,맑음,교차로 - 교차로안,승용,여,29세,상해없음,승용,남,44세,경상
2018090100100317,2018년 9월 1일 14시,토요일,강원도 동해시 발한동,경상사고,0,0,2,0,차대차 - 추돌,안전거리미확보,건조,맑음,교차로 - 교차로부근,승용,여,55세,상해없음,승용,여,37세,경상
2018090100100355,2018년 9월 1일 15시,토요일,강원도 춘천시 효자동,경상사고,0,0,1,0,차대차 - 측면충돌,안전운전불이행,건조,맑음,교차로 - 교차로안,승합,남,58세,상해없음,건설기계,남,45세,경상
2018090100100356,2018년 9월 1일 15시,토요일,강원도 평창군 방림면,사망사고,1,0,0,0,차대사람 - 기타,안전운전불이행,건조,맑음,단일로 - 기타,승용,남,57세,상해없음,보행자,남,67세,사망
2018090100100396,2018년 9월 1일 16시,토요일,강원도 춘천시 조양동,경상사고,0,0,1,0,차대사람 - 횡단중,보행자보호의무위반,건조,맑음,교차로 - 교차로횡단보도내,기타불명,기타불명,미분류,기타불명,보행자,여,12세,경상