사고번호,사고일시,요일,시군구,사고내용,사망자수,중상자수,경상자수,부상신고자수,사고유형,법규위반,노면상태,기상상태,도로형태,가해운전자 차종,가해운전자 성별,가해운전자 연령,가해운전자 상해정도,피해운전자 차종,피해운전자 성별,피해운전자 연령,피해운전자 상해정도
2018090100100397,2018년 9월 1일 16시,토요일,강원도 춘천시 석사동,경상사고,0,0,2,0,차대차 - 추돌,안전운전불이행,건조,맑음,교차로 - 교차로안,건설기계,남,52세,상해없음,승용,남,43세,상해없음
2018090100100398,2018년 9월 1일 16시,토요일,강원도 양구군 남면,중상사고,0,1,0,0,차대차 - 추돌,안전운전불이행,건조,맑음,기타 - 기타,승용,여,42세,상해없음,승용,남,34세,중상
2018090100100441,2018년 9월 1일 17시,토요일,강원도 원주시 판부면,경상사고,0,0,1,0,차대차 - 추돌,안전거리미확보,건조,맑음,교차로 - 교차로부근,승용,남,45세,상해없음,승용,여,45세,경상
2018090100100442,2018년 9월 1일 17시,토요일,강원도 정선군 임계면,경상사고,0,0,1,0,차대차 - 측면충돌,중앙선침범,건조,맑음,단일로 - 기타,화물,남,60세,기타불명,화물,남,45세,경상
2018090100100468,2018년 9월 1일 18시,토요일,강원도 춘천시 서면,경상사고,0,0,1,0,차대차 - 추돌,안전거리미확보,건조,맑음,단일로 - 교량,승용,남,27세,상해없음,승용,여,55세,경상
2018090100100502,2018년 9월 1일 19시,토요일,강원도 원주시 명륜동,경상사고,0,0,2,0,차대차 - 정면충돌,중앙선침범,건조,맑음,단일로 - 기타,승용,남,61세,상해없음,이륜,남,23세,경상
2018090100100534,2018년 9월 1일 20시,토요일,강원도 춘천시 퇴계동,경상사고,0,0,1,0,차대차 - 측면충돌,안전운전불이행,건조,맑음,교차로 - 교차로안,승용,남,45세,상해없음,승용,남,54세,경상
2018090100100535,2018년 9월 1일 20시,토요일,강원도 춘천시 근화동,중상사고,0,1,0,0,차대사람 - 횡단중,보행자보호의무위반,건조,맑음,교차로 - 교차로횡단보도내,승용,여,53세,상해없음,보행자,남,17세,중상
2018090100100536,2018년 9월 1일 20시,토요일,강원도 원주시 단구동,경상사고,0,0,2,0,차대차 - 추돌,안전운전불이행,건조,맑음,교차로 - 교차로부근,승용,남,55세,상해없음,승용,남,71세,경상
2018090100100567,2018년 9월 1일 21시,토요일,강원도 원주시 학성동,중상사고,0,1,0,0,차대사람 - 횡단중,보행자보호의무위반,건조,맑음,교차로 - 교차로횡단보도내,승용,남,47세,상해없음,보행자,남,70세,중상
2018090100100593,2018년 9월 1일 22시,토요일,강원도 평창군 대화면,중상사고,0,1,0,0,차대차 - 추돌,안전운전불이행,기타,흐림,단일로 - 기타,승용,남,53세,상해없음,승용,여,61세,중상
2018090200100071,2018년 9월 2일 06시,일요일,강원도 속초시 교동,중상사고,0,1,0,0,차량단독 - 공작물충돌,안전운전불이행,건조,맑음,교차로 - 교차로부근,승용,남,28세,상해없음,,,,
2018090200100121,2018년 9월 2일 09시,일요일,강원도 원주시 부론면,중상사고,0,1,0,0,차대사람 - 횡단중,안전운전불이행,건조,맑음,단일로 - 기타,이륜,남,49세,상해없음,보행자,남,61세,중상
2018090200100154,2018년 9월 2일 11시,일요일,강원도 평창군 평창읍,중상사고,0,2,0,0,차대차 - 정면충돌,중앙선침범,건조,맑음,단일로 - 교량,승용,남,65세,상해없음,승용,남,71세,중상
2018090200100180,2018년 9월 2일 12시,일요일,강원도 강릉시 포남동,경상사고,0,0,1,0,차대차 - 기타,안전운전불이행,건조,맑음,교차로 - 교차로안,승용,여,51세,상해없음,승용,남,24세,경상
2018090200100209,2018년 9월 2일 13시,일요일,강원도 속초시 조양동,중상사고,0,1,0,0,차대사람 - 횡단중,안전운전불이행,건조,맑음,교차로 - 교차로횡단보도내,승용,여,57세,상해없음,보행자,남,14세,중상
2018090200100236,2018년 9월 2일 14시,일요일,강원도 원주시 흥업면,중상사고,0,1,3,2,차대차 - 추돌,안전운전불이행,건조,맑음,교차로 - 교차로부근,화물,남,58세,상해없음,승용,남,59세,중상
2018090200100263,2018년 9월 2일 15시,일요일,강원도 춘천시 서면,경상사고,0,0,1,0,차대차 - 측면충돌,안전운전불이행,건조,맑음,단일로 - 기타,이륜,남,42세,상해없음,승용,남,54세,상해없음
2018090200100314,2018년 9월 2일 17시,일요일,강원도 춘천시 효자동,경상사고,0,0,1,0,차대차 - 후진중충돌,안전운전불이행,건조,맑음,교차로 - 교차로안,승용,남,60세,상해없음,이륜,남,38세,경상
2018090200100315,2018년 9월 2일 17시,일요일,강원도 원주시 반곡동,경상사고,0,0,1,0,차대차 - 정면충돌,안전운전불이행,건조,맑음,단일로 - 기타,승용,남,60세,상해없음,승용,여,44세,경상
2018090200100316,2018년 9월 2일 17시,일요일,강원도 삼척시 정상동,중상사고,0,1,0,0,차대차 - 측면충돌,안전운전불이행,건조,맑음,교차로 - 교차로안,승용,남,65세,상해없음,이륜,남,34세,중상
2018090200100317,2018년 9월 2일 17시,일요일,강원도 동해시 발한동,중상사고,0,1,0,0,차대사람 - 횡단중,중앙선침범,건조,맑음,단일로 - 기타,승용,여,42세,상해없음,보행자,여,69세,중상
2018090200100342,2018년 9월 2일 18시,일요일,강원도 강릉시 옥계면,중상사고,0,3,2,0,차대차 - 기타,중앙선침범,건조,맑음,단일로 - 기타,승용,남,31세,상해없음,승용,남,58세,중상
2018090200100368,2018년 9월 2일 19시,일요일,강원도 원주시 태장동,경상사고,0,0,2,0,차대차 - 측면충돌,직진우회전진행방해,건조,맑음,교차로 - 교차로안,승용,남,62세,상해없음,승용,남,55세,경상
2018090200100431,2018년 9월 2일 21시,일요일,강원도 영월군 영월읍,경상사고,0,0,1,0,차대차 - 측면충돌,안전운전불이행,건조,맑음,단일로 - 지하차도(도로)내,승용,남,66세,상해없음,자전거,남,53세,경상
2018090300100051,2018년 9월 3일 06시,월요일,강원도 춘천시 소양로4가,중상사고,0,1,0,0,차대사람 - 기타,안전운전불이행,건조,맑음,단일로 - 기타,승용,여,60세,상해없음,보행자,여,55세,중상
2018090300100067,2018년 9월 3일 07시,월요일,강원도 정선군 여량면,경상사고,0,0,1,0,차대차 - 측면충돌,안전운전불이행,건조,흐림,교차로 - 교차로안,승용,여,51세,기타불명,승용,여,37세,경상
2018090300100101,2018년 9월 3일 08시,월요일,강원도 삼척시 도계읍,경상사고,0,0,2,0,차대차 - 측면충돌,안전운전불이행,건조,맑음,단일로 - 기타,승용,남,30세,기타불명,화물,남,71세,경상
2018090300100102,2018년 9월 3일 08시,월요일,강원도 태백시 황지동,경상사고,0,0,2,0,차대차 - 측면충돌,교차로운행방법위반,젖음/습기,비,교차로 - 교차로안,승용,남,25세,상해없음,화물,남,62세,경상
2018090300100147,2018년 9월 3일 09시,월요일,강원도 춘천시 신북읍,중상사고,0,1,0,0,차대차 - 측면충돌,안전운전불이행,건조,맑음,교차로 - 교차로안,원동기,남,71세,중상,화물,남,44세,상해없음
2018090300100148,2018년 9월 3일 09시,월요일,강원도 원주시 단계동,중상사고,0,1,0,0,차대차 - 측면충돌,교차로운행방법위반,건조,맑음,교차로 - 교차로안,승용,남,45세,상해없음,승용,여,54세,중상
2018090300100149,2018년 9월 3일 09시,월요일,강원도 홍천군 홍천읍,경상사고,0,0,1,0,차대차 - 기타,안전운전불이행,건조,맑음,단일로 - 기타,화물,남,75세,상해없음,승용,여,43세,경상
2018090300100150,2018년 9월 3일 09시,월요일,강원도 동해시 천곡동,경상사고,0,0,1,0,차대차 - 추돌,안전운전불이행,젖음/습기,흐림,단일로 - 기타,승용,여,37세,상해없음,승용,남,70세,경상
2018090300100184,2018년 9월 3일 10시,월요일,강원도 고성군 죽왕면,중상사고,0,1,0,0,차대차 - 기타,안전운전불이행,건조,맑음,교차로 - 교차로안,건설기계,남,58세,상해없음,승용,남,71세,상해없음
2018090300100185,2018년 9월 3일 10시,월요일,강원도 동해시 묵호진동,중상사고,0,1,0,0,차대차 - 정면충돌,중앙선침범,건조,맑음,교차로 - 교차로안,승용,여,40세,상해없음,화물,남,48세,중상
2018090300100217,2018년 9월 3일 11시,월요일,강원도 춘천시 석사동,중상사고,0,1,0,0,차대차 - 측면충돌,안전운전불이행,건조,맑음,단일로 - 기타,화물,여,57세,상해없음,화물,남,42세,상해없음
2018090300100218,2018년 9월 3일 11시,월요일,강원도 춘천시 교동,경상사고,0,0,1,0,차대차 - 측면충돌,안전운전불이행,젖음/습기,흐림,교차로 - 교차로안,원동기,남,19세,경상,승용,남,65세,상해없음
2018090300100219,2018년 9월 3일 11시,월요일,강원도 철원군 동송읍,중상사고,0,1,0,0,차대차 - 측면충돌,기타,젖음/습기,비,교차로 - 교차로안,화물,남,50세,상해없음,승용,여,56세,중상
2018090300100246,2018년 9월 3일 12시,월요일,강원도 속초시 조양동,경상사고,0,0,2,0,차대차 - 추돌,안전운전불이행,건조,흐림,교차로 - 교차로부근,승용,남,70세,상해없음,승용,남,67세,경상
2018090300100284,2018년 9월 3일 13시,월요일,강원도 원주시 우산동,중상사고,0,2,0,0,차대차 - 측면충돌,직진우회전진행방해,건조,맑음,교차로 - 교차로안,화물,남,57세,중상,승용,여,50세,중상
2018090300100301,2018년 9월 3일 14시,월요일,강원도 춘천시 퇴계동,경상사고,0,0,1,0,차대차 - 측면충돌,안전운전불이행,건조,맑음,교차로 - 교차로안,승용,남,76세,상해없음,승용,남,36세,경상
2018090300100302,2018년 9월 3일 14시,월요일,강원도 평창군 봉평면,경상사고,0,0,2,0,차대차 - 측면충돌,안전운전불이행,기타,맑음,교차로 - 교차로안,승용,남,71세,상해없음,화물,남,63세,경상
2018090300100303,2018년 9월 3일 14시,월요일,강원도 동해시 발한동,경상사고,0,0,1,0,차대차 - 추돌,안전운전불이행,건조,맑음,단일로 - 기타,승용,여,66세,상해없음,자전거,남,49세,경상
2018090300100332,2018년 9월 3일 15시,월요일,강원도 춘천시 효자동,경상사고,0,0,1,1,차대차 - 추돌,안전거리미확보,건조,맑음,단일로 - 기타,승용,여,32세,상해없음,승합,남,52세,부상신고
2018090300100333,2018년 9월 3일 15시,월요일,강원도 강릉시 주문진읍,경상사고,0,0,1,0,차대사람 - 횡단중,안전운전불이행,건조,맑음,교차로 - 교차로안,승용,남,69세,상해없음,보행자,여,24세,경상
2018090300100334,2018년 9월 3일 15시,월요일,강원도 삼척시 적노동,경상사고,0,0,1,0,차량단독 - 공작물충돌,안전운전불이행,건조,흐림,단일로 - 기타,승용,남,66세,경상,,,,
2018090300100383,2018년 9월 3일 16시,월요일,강원도 원주시 지정면,중상사고,0,2,1,0,차대차 - 추돌,안전거리미확보,젖음/습기,비,기타 - 기타,승용,남,53세,상해없음,화물,남,70세,경상
2018090300100418,2018년 9월 3일 17시,월요일,강원도 춘천시 후평동,중상사고,0,1,0,0,차대차 - 측면충돌,안전운전불이행,젖음/습기,비,단일로 - 기타,승용,여,32세,상해없음,원동기,남,76세,중상
2018090300100419,2018년 9월 3일 17시,월요일,강원도 춘천시 남산면,경상사고,0,0,1,0,차대차 - 측면충돌,교차로운행방법위반,건조,맑음,교차로 - 교차로안,승용,여,23세,상해없음,승용,남,45세,경상
2018090300100420,2018년 9월 3일 17시,월요일,강원도 원주시 단구동,경상사고,0,0,1,0,차대차 - 측면충돌,안전운전불이행,건조,맑음,단일로 - 기타,승용,여,60세,기타불명,승용,여,26세,경상
2018090300100520,2018년 9월 3일 19시,월요일,강원도 춘천시 조양동,중상사고,0,1,0,0,차대사람 - 횡단중,보행자보호의무위반,젖음/습기,비,교차로 - 교차로횡단보도내,이륜,남,64세,상해없음,보행자,여,60세,중상
2018090300100563,2018년 9월 3일 20시,월요일,강원도 춘천시 효자동,경상사고,0,0,1,0,차대사람 - 횡단중,보행자보호의무위반,젖음/습기,비,단일로 - 기타,이륜,남,38세,상해없음,보행자,여,56세,경상
2018090300100564,2018년 9월 3일 20시,월요일,강원도 강릉시 교동,중상사고,0,1,0,0,차대사람 - 차도통행중,안전운전불이행,젖음/습기,비,단일로 - 기타,화물,남,61세,상해없음,보행자,남,84세,중상
2018090300100565,2018년 9월 3일 20시,월요일,강원도 원주시 단구동,경상사고,0,0,2,0,차대차 - 측면충돌,신호위반,젖음/습기,비,교차로 - 교차로안,승용,남,67세,상해없음,승용,남,71세,경상
2018090300100566,2018년 9월 3일 20시,월요일,강원도 양구군 양구읍,부상신고사고,0,0,0,1,차량단독 - 공작물충돌,안전운전불이행,젖음/습기,흐림,교차로 - 교차로부근,승용,여,41세,부상신고,,,,
2018090400100009,2018년 9월 4일 00시,화요일,강원도 춘천시 동산면,부상신고사고,0,0,0,1,차대차 - 추돌,안전거리미확보,젖음/습기,비,단일로 - 기타,승용,남,24세,상해없음,화물,남,47세,부상신고
2018090400100048,2018년 9월 4일 03시,화요일,강원도 원주시 단구동,경상사고,0,0,1,0,차대사람 - 횡단중,안전운전불이행,젖음/습기,비,교차로 - 교차로안,승용,남,28세,상해없음,보행자,남,87세,경상
2018090400100061,2018년 9월 4일 05시,화요일,강원도 강릉시 교동,중상사고,0,1,0,0,차대사람 - 횡단중,보행자보호의무위반,젖음/습기,비,교차로 - 교차로횡단보도내,승용,남,60세,상해없음,보행자,남,79세,중상
2018090400100077,2018년 9월 4일 07시,화요일,강원도 춘천시 운교동,경상사고,0,0,1,0,차대사람 - 횡단중,안전운전불이행,건조,맑음,단일로 - 기타,승용,남,64세,상해없음,보행자,여,22세,경상
2018090400100078,2018년 9월 4일 07시,화요일,강원도 원주시 태장동,경상사고,0,0,1,0,차대차 - 측면충돌,안전운전불이행,건조,맑음,단일로 - 기타,승용,여,34세,상해없음,승용,여,57세,경상
2018090400100104,2018년 9월 4일 08시,화요일,강원도 고성군 간성읍,경상사고,0,0,1,0,차대차 - 측면충돌,교차로운행방법위반,건조,맑음,교차로 - 교차로안,화물,남,63세,상해없음,승합,남,57세,상해없음
2018090400100177,2018년 9월 4일 10시,화요일,강원도 영월군 남면,중상사고,0,1,0,0,차대차 - 기타,안전운전불이행,침수,흐림,단일로 - 지하차도(도로)내,화물,남,54세,상해없음,사륜오토바이(ATV),남,88세,중상
2018090400100178,2018년 9월 4일 10시,화요일,강원도 횡성군 횡성읍,경상사고,0,0,1,0,차대차 - 측면충돌,안전운전불이행,건조,맑음,교차로 - 교차로안,승용,남,71세,상해없음,화물,남,48세,경상
2018090400100212,2018년 9월 4일 11시,화요일,강원도 고성군 간성읍,경상사고,0,0,2,0,차대차 - 정면충돌,안전운전불이행,건조,맑음,기타 - 기타,이륜,남,29세,경상,승용,남,37세,경상
2018090400100269,2018년 9월 4일 13시,화요일,강원도 강릉시 강동면,경상사고,0,0,1,0,차대차 - 기타,중앙선침범,건조,맑음,단일로 - 기타,승용,남,75세,상해없음,화물,남,49세,경상
2018090400100295,2018년 9월 4일 14시,화요일,강원도 정선군 고한읍,중상사고,0,1,0,0,차량단독 - 기타,안전운전불이행,건조,맑음,단일로 - 기타,화물,남,48세,상해없음,,,,
2018090400100321,2018년 9월 4일 15시,화요일,강원도 춘천시 사북면,경상사고,0,0,2,0,차대차 - 측면충돌,안전거리미확보,건조,맑음,단일로 - 기타,건설기계,남,57세,상해없음,승용,남,60세,경상
2018090400100322,2018년 9월 4일 15시,화요일,강원도 삼척시 도계읍,경상사고,0,0,2,0,차대차 - 측면충돌,직진우회전진행방해,건조,맑음,교차로 - 교차로안,승용,여,44세,경상,승용,남,61세,경상
2018090400100359,2018년 9월 4일 16시,화요일,강원도 춘천시 퇴계동,경상사고,0,0,1,0,차대차 - 추돌,안전운전불이행,건조,맑음,교차로 - 교차로안,승용,남,66세,상해없음,승용,남,60세,경상
2018090400100360,2018년 9월 4일 16시,화요일,강원도 원주시 무실동,중상사고,0,1,1,0,차대차 - 측면충돌,직진우회전진행방해,건조,맑음,교차로 - 교차로안,승용,남,58세,중상,건설기계,남,55세,경상
2018090400100361,2018년 9월 4일 16시,화요일,강원도 원주시 학성동,경상사고,0,0,2,1,차대차 - 측면충돌,교차로운행방법위반,건조,맑음,교차로 - 교차로안,승용,여,60세,부상신고,화물,남,53세,경상
2018090400100362,2018년 9월 4일 16시,화요일,강원도 원주시 명륜동,경상사고,0,0,2,0,차대차 - 측면충돌,안전운전불이행,건조,맑음,단일로 - 기타,화물,남,54세,상해없음,승용,남,31세,상해없음
2018090400100404,2018년 9월 4일 17시,화요일,강원도 춘천시 효자동,경상사고,0,0,1,0,차대사람 - 차도통행중,보행자보호의무위반,건조,맑음,교차로 - 교차로안,이륜,남,58세,상해없음,보행자,여,20세,경상
2018090400100559,2018년 9월 4일 21시,화요일,강원도 속초시 조양동,경상사고,0,0,4,1,차대차 - 측면충돌,신호위반,건조,맑음,교차로 - 교차로안,승용,여,19세,상해없음,승용,남,20세,경상
2018090400100560,2018년 9월 4일 21시,화요일,강원도 철원군 김화읍,중상사고,0,1,0,0,차대차 - 추돌,안전운전불이행,건조,맑음,단일로 - 기타,승용,여,32세,상해없음,자전거,남,55세,중상
2018090400100561,2018년 9월 4일 21시,화요일,강원도 철원군 서면,경상사고,0,0,1,0,차대사람 - 기타,안전운전불이행,건조,맑음,단일로 - 기타,승용,남,52세,상해없음,보행자,여,56세,경상
2018090400100607,2018년 9월 4일 23시,화요일,강원도 원주시 무실동,경상사고,0,0,2,0,차대차 - 측면충돌,신호위반,건조,맑음,교차로 - 교차로안,승용,남,57세,상해없음,승용,여,19세,경상
2018090500100012,2018년 9월 5일 00시,수요일,강원도 원주시 우산동,경상사고,0,0,1,0,차대사람 - 길가장자리구역통행중,안전운전불이행,건조,맑음,단일로 - 기타,이륜,남,19세,상해없음,보행자,여,22세,경상
2018090500100070,2018년 9월 5일 06시,수요일,강원도 고성군 토성면,경상사고,0,0,1,0,차대차 - 기타,안전운전불이행,건조,맑음,기타 - 기타,승용,남,28세,상해없음,자전거,여,60세,경상
2018090500100089,2018년 9월 5일 07시,수요일,강원도 강릉시 내곡동,중상사고,0,1,0,0,차대차 - 측면충돌,신호위반,건조,맑음,교차로 - 교차로안,승용,여,75세,상해없음,화물,남,54세,중상
2018090500100090,2018년 9월 5일 07시,수요일,강원도 원주시 태장동,경상사고,0,0,1,0,차대차 - 측면충돌,안전운전불이행,건조,맑음,교차로 - 교차로부근,자전거,남,65세,경상,승용,여,44세,상해없음
2018090500100131,2018년 9월 5일 08시,수요일,강원도 춘천시 근화동,경상사고,0,0,1,0,차대차 - 측면충돌,안전운전불이행,건조,맑음,단일로 - 기타,승용,남,50세,상해없음,자전거,여,56세,경상
2018090500100171,2018년 9월 5일 09시,수요일,강원도 태백시 화전동,경상사고,0,0,1,0,차대차 - 추돌,안전운전불이행,건조,맑음,단일로 - 기타,승용,남,63세,상해없음,승용,여,49세,경상
2018090500100211,2018년 9월 5일 10시,수요일,강원도 춘천시 후평동,중상사고,0,1,0,0,차대차 - 추돌,안전운전불이행,건조,맑음,단일로 - 기타,승용,남,59세,상해없음,승용,여,66세,중상
2018090500100212,2018년 9월 5일 10시,수요일,강원도 속초시 조양동,경상사고,0,0,3,0,차대차 - 추돌,신호위반,건조,맑음,교차로 - 교차로부근,승용,남,69세,상해없음,특수,남,30세,경상
2018090500100213,2018년 9월 5일 10시,수요일,강원도 홍천군 홍천읍,중상사고,0,1,0,0,차대차 - 기타,교차로운행방법위반,건조,맑음,교차로 - 교차로안,건설기계,남,55세,상해없음,승용,남,65세,중상
2018090500100269,2018년 9월 5일 12시,수요일,강원도 강릉시 남항진동,경상사고,0,0,2,0,차대차 - 측면충돌,중앙선침범,건조,맑음,단일로 - 기타,승용,남,52세,상해없음,승용,남,80세,경상
2018090500100294,2018년 9월 5일 13시,수요일,강원도 속초시 노학동,경상사고,0,0,2,0,차대차 - 추돌,안전운전불이행,건조,맑음,교차로 - 교차로부근,승용,남,44세,상해없음,승용,여,64세,경상
2018090500100295,2018년 9월 5일 13시,수요일,강원도 태백시 황지동,중상사고,0,1,0,0,차대차 - 후진중충돌,안전운전불이행,건조,맑음,기타 - 기타,승용,여,65세,상해없음,승용,남,62세,상해없음
2018090500100296,2018년 9월 5일 13시,수요일,강원도 동해시 발한동,경상사고,0,0,1,0,차대차 - 추돌,안전운전불이행,건조,맑음,교차로 - 교차로안,화물,남,30세,상해없음,승용,남,61세,상해없음
2018090500100325,2018년 9월 5일 14시,수요일,강원도 강릉시 유천동,경상사고,0,0,5,0,차대차 - 측면충돌,안전운전불이행,건조,맑음,단일로 - 기타,화물,남,47세,상해없음,승용,남,50세,경상
2018090500100326,2018년 9월 5일 14시,수요일,강원도 원주시 단구동,경상사고,0,0,2,0,차대차 - 측면충돌,직진우회전진행방해,건조,맑음,교차로 - 교차로안,화물,남,50세,상해없음,승용,남,53세,경상
2018090500100369,2018년 9월 5일 15시,수요일,강원도 태백시 황지동,경상사고,0,0,2,0,차대차 - 추돌,안전운전불이행,건조,맑음,단일로 - 기타,승합,남,56세,상해없음,승용,남,61세,경상
2018090500100398,2018년 9월 5일 16시,수요일,강원도 원주시 태장동,경상사고,0,0,1,0,차대차 - 추돌,안전운전불이행,건조,맑음,교차로 - 교차로부근,이륜,남,24세,상해없음,승용,여,38세,경상
2018090500100399,2018년 9월 5일 16시,수요일,강원도 원주시 학성동,경상사고,0,0,1,0,차대차 - 추돌,안전거리미확보,건조,맑음,교차로 - 교차로안,승용,남,59세,상해없음,승용,남,56세,경상
2018090500100400,2018년 9월 5일 16시,수요일,강원도 원주시 호저면,사망사고,1,0,0,0,차량단독 - 공작물충돌,기타,건조,맑음,단일로 - 기타,화물,남,59세,사망,,,,
2018090500100513,2018년 9월 5일 18시,수요일,강원도 춘천시 운교동,중상사고,0,1,0,0,차대차 - 기타,안전운전불이행,건조,맑음,단일로 - 기타,승용,남,27세,상해없음,자전거,남,18세,중상
2018090500100514,2018년 9월 5일 18시,수요일,강원도 원주시 관설동,경상사고,0,0,2,1,차대차 - 측면충돌,안전운전불이행,건조,맑음,교차로 - 교차로안,승용,남,27세,부상신고,승용,남,80세,경상
2018090500100515,2018년 9월 5일 18시,수요일,강원도 양구군 해안면,사망사고,1,0,1,0,차대차 - 정면충돌,중앙선침범,건조,맑음,단일로 - 기타,승용,남,22세,경상,승용,여,67세,사망
2018090500100592,2018년 9월 5일 20시,수요일,강원도 원주시 문막읍,중상사고,0,1,0,0,차대차 - 측면충돌,교차로운행방법위반,건조,맑음,교차로 - 교차로안,승용,여,54세,상해없음,이륜,남,35세,중상
2018090500100593,2018년 9월 5일 20시,수요일,강원도 태백시 소도동,경상사고,0,0,2,0,차대차 - 추돌,안전운전불이행,건조,맑음,단일로 - 기타,승용,남,61세,상해없음,승용,남,39세,경상
2018090500100622,2018년 9월 5일 21시,수요일,강원도 강릉시 옥천동,경상사고,0,0,4,0,차대차 - 추돌,안전운전불이행,건조,맑음,단일로 - 기타,승용,남,46세,상해없음,승용,여,45세,경상
2018090500100623,2018년 9월 5일 21시,수요일,강원도 강릉시 노암동,경상사고,0,0,2,0,차대차 - 기타,안전운전불이행,건조,맑음,단일로 - 기타,승용,남,58세,상해없음,승용,여,69세,경상
2018090500100624,2018년 9월 5일 21시,수요일,강원도 횡성군 둔내면,경상사고,0,0,1,0,차대사람 - 횡단중,보행자보호의무위반,건조,맑음,교차로 - 교차로부근,화물,남,57세,상해없음,보행자,남,49세,경상
2018090500100678,2018년 9월 5일 23시,수요일,강원도 강릉시 지변동,경상사고,0,0,1,0,차대사람 - 기타,안전운전불이행,건조,맑음,단일로 - 기타,이륜,남,19세,상해없음,보행자,여,20세,경상
2018090600100057,2018년 9월 6일 06시,목요일,강원도 속초시 조양동,경상사고,0,0,1,0,차대차 - 측면충돌,불법유턴,건조,맑음,단일로 - 지하차도(도로)내,승용,여,63세,상해없음,화물,남,53세,경상
2018090600100073,2018년 9월 6일 07시,목요일,강원도 원주시 문막읍,경상사고,0,0,2,0,차대차 - 측면충돌,교차로운행방법위반,건조,맑음,교차로 - 교차로안,화물,남,35세,경상,화물,남,71세,경상
2018090600100074,2018년 9월 6일 07시,목요일,강원도 원주시 판부면,경상사고,0,0,2,0,차대차 - 정면충돌,중앙선침범,건조,맑음,단일로 - 기타,승용,남,27세,경상,승용,남,30세,경상
2018090600100185,2018년 9월 6일 11시,목요일,강원도 춘천시 효자동,경상사고,0,0,1,0,차대사람 - 횡단중,신호위반,건조,맑음,교차로 - 교차로부근,승용,남,38세,상해없음,보행자,여,66세,경상
2018090600100186,2018년 9월 6일 11시,목요일,강원도 강릉시 성남동,중상사고,0,1,0,0,차대사람 - 횡단중,보행자보호의무위반,건조,맑음,단일로 - 기타,승용,여,69세,상해없음,보행자,여,62세,중상
2018090600100208,2018년 9월 6일 12시,목요일,강원도 횡성군 안흥면,경상사고,0,0,2,0,차대차 - 기타,기타,건조,맑음,단일로 - 기타,화물,남,55세,상해없음,승용,남,60세,경상
2018090600100298,2018년 9월 6일 15시,목요일,강원도 강릉시 금학동,경상사고,0,0,3,0,차대차 - 기타,안전운전불이행,건조,맑음,교차로 - 교차로안,승용,남,46세,경상,승용,남,47세,경상
2018090600100299,2018년 9월 6일 15시,목요일,강원도 원주시 단계동,경상사고,0,0,1,0,차량단독 - 기타,안전운전불이행,건조,맑음,교차로 - 교차로안,승합,남,32세,상해없음,,,,
2018090600100366,2018년 9월 6일 17시,목요일,강원도 춘천시 동면,경상사고,0,0,1,0,차대차 - 측면충돌,안전운전불이행,건조,맑음,교차로 - 교차로안,승용,여,22세,상해없음,승용,여,58세,경상
2018090600100367,2018년 9월 6일 17시,목요일,강원도 철원군 갈말읍,중상사고,0,4,0,0,차대차 - 측면충돌,안전운전불이행,건조,맑음,교차로 - 교차로안,화물,남,60세,중상,승용,남,51세,중상
2018090600100400,2018년 9월 6일 18시,목요일,강원도 춘천시 죽림동,중상사고,0,1,0,0,차대사람 - 횡단중,안전운전불이행,건조,맑음,단일로 - 기타,승용,남,60세,상해없음,보행자,남,57세,중상
2018090600100401,2018년 9월 6일 18시,목요일,강원도 원주시 반곡동,중상사고,0,1,0,0,차대차 - 측면충돌,직진우회전진행방해,건조,맑음,교차로 - 교차로안,승용,여,41세,상해없음,원동기,남,17세,중상
2018090600100402,2018년 9월 6일 18시,목요일,강원도 삼척시 교동,경상사고,0,0,1,0,차대차 - 정면충돌,신호위반,건조,맑음,교차로 - 교차로안,승용,남,43세,상해없음,이륜,남,26세,경상
2018090600100403,2018년 9월 6일 18시,목요일,강원도 홍천군 홍천읍,경상사고,0,0,1,0,차대차 - 기타,교차로운행방법위반,젖음/습기,비,교차로 - 교차로안,승용,여,64세,상해없음,화물,남,40세,경상
2018090600100447,2018년 9월 6일 19시,목요일,강원도 원주시 관설동,경상사고,0,0,2,0,차대차 - 정면충돌,중앙선침범,건조,맑음,단일로 - 기타,승용,여,62세,상해없음,이륜,남,46세,경상
2018090600100519,2018년 9월 6일 21시,목요일,강원도 원주시 명륜동,중상사고,0,1,0,0,차대사람 - 횡단중,기타,건조,맑음,교차로 - 교차로안,승용,남,59세,상해없음,보행자,남,66세,중상
2018090600100550,2018년 9월 6일 22시,목요일,강원도 동해시 천곡동,중상사고,0,1,0,0,차대사람 - 횡단중,보행자보호의무위반,건조,맑음,교차로 - 교차로부근,승용,여,59세,상해없음,보행자,남,65세,중상
2018090600100570,2018년 9월 6일 23시,목요일,강원도 철원군 갈말읍,경상사고,0,0,2,0,차대차 - 측면충돌,직진우회전진행방해,젖음/습기,맑음,교차로 - 교차로안,승용,여,42세,경상,화물,남,50세,경상
2018090700100104,2018년 9월 7일 07시,금요일,강원도 춘천시 서면,중상사고,0,2,1,0,차량단독 - 공작물충돌,안전운전불이행,건조,맑음,단일로 - 기타,농기계,남,79세,상해없음,,,,