사고번호,사고일시,요일,시군구,사고내용,사망자수,중상자수,경상자수,부상신고자수,사고유형,법규위반,노면상태,기상상태,도로형태,가해운전자 차종,가해운전자 성별,가해운전자 연령,가해운전자 상해정도,피해운전자 차종,피해운전자 성별,피해운전자 연령,피해운전자 상해정도
2018090700100105,2018년 9월 7일 07시,금요일,강원도 강릉시 성남동,중상사고,0,1,0,0,차대차 - 측면충돌,안전운전불이행,건조,맑음,기타 - 기타,화물,남,65세,상해없음,자전거,남,79세,중상
2018090700100227,2018년 9월 7일 10시,금요일,강원도 동해시 발한동,중상사고,0,1,0,0,차대사람 - 횡단중,안전운전불이행,건조,맑음,단일로 - 기타,승용,남,49세,상해없음,보행자,여,80세,중상
2018090700100263,2018년 9월 7일 11시,금요일,강원도 춘천시 효자동,경상사고,0,0,1,0,차대차 - 측면충돌,안전운전불이행,건조,맑음,교차로 - 교차로안,승용,여,33세,상해없음,승용,여,23세,경상
2018090700100264,2018년 9월 7일 11시,금요일,강원도 원주시 단계동,중상사고,0,1,2,0,차대차 - 측면충돌,신호위반,건조,맑음,교차로 - 교차로안,승용,여,52세,경상,승용,여,60세,중상
2018090700100298,2018년 9월 7일 12시,금요일,강원도 영월군 영월읍,부상신고사고,0,0,0,1,차량단독 - 기타,안전운전불이행,건조,맑음,단일로 - 기타,자전거,여,20세,기타불명,,,,
2018090700100299,2018년 9월 7일 12시,금요일,강원도 동해시 구미동,경상사고,0,0,2,0,차대차 - 측면충돌,안전운전불이행,건조,맑음,단일로 - 지하차도(도로)내,승용,남,76세,경상,화물,남,59세,경상
2018090700100324,2018년 9월 7일 13시,금요일,강원도 원주시 단계동,부상신고사고,0,0,0,1,차대차 - 측면충돌,직진우회전진행방해,건조,맑음,교차로 - 교차로안,승용,남,69세,상해없음,승용,여,41세,부상신고
2018090700100325,2018년 9월 7일 13시,금요일,강원도 삼척시 근덕면,중상사고,0,1,0,0,차대차 - 정면충돌,안전운전불이행,건조,맑음,단일로 - 기타,승용,남,68세,상해없음,자전거,남,24세,중상
2018090700100326,2018년 9월 7일 13시,금요일,강원도 태백시 황지동,경상사고,0,0,2,0,차대차 - 측면충돌,교차로운행방법위반,건조,맑음,교차로 - 교차로안,승용,남,59세,상해없음,승용,남,40세,경상
2018090700100357,2018년 9월 7일 14시,금요일,강원도 원주시 일산동,경상사고,0,0,1,0,차대사람 - 횡단중,보행자보호의무위반,건조,맑음,단일로 - 기타,승용,남,35세,상해없음,보행자,남,8세,경상
2018090700100399,2018년 9월 7일 15시,금요일,강원도 원주시 학성동,경상사고,0,0,1,0,차대사람 - 횡단중,안전운전불이행,건조,맑음,단일로 - 기타,화물,남,48세,상해없음,보행자,여,73세,경상
2018090700100400,2018년 9월 7일 15시,금요일,강원도 평창군 봉평면,경상사고,0,0,1,0,차대차 - 기타,안전운전불이행,기타,맑음,단일로 - 기타,승용,남,75세,상해없음,승용,남,46세,경상
2018090700100482,2018년 9월 7일 17시,금요일,강원도 원주시 학성동,경상사고,0,0,1,0,차대차 - 측면충돌,안전운전불이행,건조,맑음,교차로 - 교차로부근,승용,남,57세,상해없음,승용,남,37세,경상
2018090700100524,2018년 9월 7일 18시,금요일,강원도 춘천시 운교동,경상사고,0,0,2,0,차대차 - 측면충돌,직진우회전진행방해,건조,맑음,교차로 - 교차로안,승용,여,44세,경상,승용,여,51세,경상
2018090700100525,2018년 9월 7일 18시,금요일,강원도 삼척시 남양동,중상사고,0,1,0,0,차대사람 - 횡단중,보행자보호의무위반,건조,맑음,교차로 - 교차로안,승용,남,79세,상해없음,보행자,여,58세,중상
2018090700100575,2018년 9월 7일 19시,금요일,강원도 원주시 태장동,중상사고,0,1,0,0,차대차 - 측면충돌,안전운전불이행,건조,맑음,교차로 - 교차로안,승용,남,40세,상해없음,자전거,남,13세,중상
2018090700100576,2018년 9월 7일 19시,금요일,강원도 원주시 명륜동,경상사고,0,0,1,0,차대차 - 측면충돌,안전운전불이행,건조,맑음,교차로 - 교차로부근,승용,남,45세,상해없음,승용,남,19세,경상
2018090700100577,2018년 9월 7일 19시,금요일,강원도 원주시 명륜동,경상사고,0,0,1,0,차대차 - 측면충돌,안전운전불이행,건조,맑음,단일로 - 기타,승용,여,46세,상해없음,승합,남,45세,상해없음
2018090700100702,2018년 9월 7일 23시,금요일,강원도 삼척시 교동,경상사고,0,0,1,0,차대차 - 측면충돌,안전운전불이행,건조,흐림,교차로 - 교차로안,이륜,남,23세,상해없음,승용,남,54세,상해없음
2018090800100010,2018년 9월 8일 00시,토요일,강원도 강릉시 옥계면,경상사고,0,0,1,0,차대사람 - 기타,안전운전불이행,건조,맑음,단일로 - 기타,승용,여,52세,상해없음,보행자,남,58세,경상
2018090800100037,2018년 9월 8일 01시,토요일,강원도 춘천시 동내면,경상사고,0,0,1,0,차대차 - 측면충돌,안전운전불이행,건조,맑음,단일로 - 기타,승용,남,65세,상해없음,원동기,남,29세,경상
2018090800100168,2018년 9월 8일 09시,토요일,강원도 강릉시 포남동,중상사고,0,1,0,0,차대차 - 추돌,안전운전불이행,건조,맑음,단일로 - 기타,승용,남,50세,상해없음,자전거,남,78세,중상
2018090800100199,2018년 9월 8일 10시,토요일,강원도 원주시 우산동,경상사고,0,0,1,0,차대차 - 추돌,안전운전불이행,건조,맑음,주차장 - 주차장,승용,남,64세,상해없음,승용,여,38세,경상
2018090800100238,2018년 9월 8일 11시,토요일,강원도 동해시 평릉동,부상신고사고,0,0,0,1,차대차 - 기타,안전운전불이행,건조,맑음,기타 - 기타,기타불명,기타불명,미분류,기타불명,자전거,남,57세,부상신고
2018090800100287,2018년 9월 8일 12시,토요일,강원도 횡성군 횡성읍,경상사고,0,0,1,0,차대차 - 정면충돌,교차로운행방법위반,건조,맑음,교차로 - 교차로안,이륜,남,36세,경상,승용,남,47세,상해없음
2018090800100328,2018년 9월 8일 13시,토요일,강원도 고성군 거진읍,사망사고,1,4,0,0,차량단독 - 공작물충돌,안전운전불이행,건조,맑음,단일로 - 기타,화물,남,80세,사망,,,,
2018090800100329,2018년 9월 8일 13시,토요일,강원도 고성군 토성면,경상사고,0,0,1,0,차량단독 - 도로외이탈 - 추락,안전운전불이행,건조,맑음,기타 - 기타,화물,남,65세,상해없음,,,,
2018090800100365,2018년 9월 8일 14시,토요일,강원도 강릉시 강문동,경상사고,0,0,1,0,차대차 - 측면충돌,안전운전불이행,건조,맑음,단일로 - 기타,승용,남,73세,상해없음,승용,여,27세,경상
2018090800100366,2018년 9월 8일 14시,토요일,강원도 원주시 개운동,중상사고,0,1,0,0,차대차 - 측면충돌,교차로운행방법위반,건조,맑음,교차로 - 교차로부근,승용,남,39세,상해없음,자전거,남,77세,중상
2018090800100399,2018년 9월 8일 15시,토요일,강원도 춘천시 효자동,경상사고,0,0,1,0,차대사람 - 횡단중,보행자보호의무위반,건조,맑음,교차로 - 교차로횡단보도내,승용,남,44세,상해없음,보행자,여,28세,경상
2018090800100432,2018년 9월 8일 16시,토요일,강원도 강릉시 교동,경상사고,0,0,1,0,차대차 - 측면충돌,신호위반,건조,맑음,교차로 - 교차로안,승용,여,52세,상해없음,승합,여,49세,경상
2018090800100433,2018년 9월 8일 16시,토요일,강원도 원주시 관설동,경상사고,0,0,1,0,차대차 - 측면충돌,안전운전불이행,건조,맑음,단일로 - 기타,화물,남,47세,상해없음,승용,남,37세,경상
2018090800100434,2018년 9월 8일 16시,토요일,강원도 원주시 태장동,중상사고,0,1,0,0,차대차 - 측면충돌,안전운전불이행,건조,맑음,단일로 - 기타,원동기,남,74세,상해없음,자전거,남,39세,중상
2018090800100435,2018년 9월 8일 16시,토요일,강원도 인제군 북면,경상사고,0,0,1,0,차대사람 - 기타,안전운전불이행,건조,맑음,단일로 - 기타,화물,남,41세,상해없음,보행자,남,55세,경상
2018090800100471,2018년 9월 8일 17시,토요일,강원도 강릉시 주문진읍,경상사고,0,0,2,0,차대차 - 기타,안전운전불이행,건조,맑음,단일로 - 기타,승용,여,25세,상해없음,승용,남,28세,경상
2018090800100472,2018년 9월 8일 17시,토요일,강원도 양양군 양양읍,경상사고,0,0,1,0,차대차 - 측면충돌,직진우회전진행방해,건조,맑음,교차로 - 교차로안,승용,남,56세,상해없음,승용,여,32세,경상
2018090800100473,2018년 9월 8일 17시,토요일,강원도 속초시 조양동,경상사고,0,0,2,0,차대차 - 측면충돌,안전거리미확보,건조,맑음,단일로 - 지하차도(도로)내,승용,남,19세,상해없음,승용,여,54세,경상
2018090800100474,2018년 9월 8일 17시,토요일,강원도 동해시 송정동,부상신고사고,0,0,0,1,차대사람 - 기타,기타,건조,맑음,단일로 - 기타,승합,남,51세,상해없음,보행자,여,84세,부상신고
2018090800100515,2018년 9월 8일 18시,토요일,강원도 춘천시 후평동,중상사고,0,1,0,0,차대사람 - 횡단중,보행자보호의무위반,건조,맑음,교차로 - 교차로횡단보도내,승용,남,54세,상해없음,보행자,남,6세,중상
2018090800100516,2018년 9월 8일 18시,토요일,강원도 태백시 철암동,경상사고,0,0,1,0,차대차 - 측면충돌,중앙선침범,건조,맑음,단일로 - 기타,승용,남,60세,상해없음,승용,남,26세,경상
2018090800100517,2018년 9월 8일 18시,토요일,강원도 인제군 남면,사망사고,1,0,0,0,차량단독 - 기타,안전운전불이행,건조,맑음,단일로 - 교량,이륜,남,62세,사망,,,,
2018090800100551,2018년 9월 8일 19시,토요일,강원도 강릉시 두산동,중상사고,0,4,0,0,차대차 - 정면충돌,중앙선침범,건조,맑음,단일로 - 기타,승용,남,30세,상해없음,승용,여,45세,중상
2018090800100552,2018년 9월 8일 19시,토요일,강원도 원주시 관설동,경상사고,0,0,17,0,차대차 - 측면충돌,기타,건조,맑음,단일로 - 기타,화물,남,69세,상해없음,승용,남,57세,경상
2018090800100585,2018년 9월 8일 20시,토요일,강원도 원주시 태장동,경상사고,0,0,1,0,차대사람 - 길가장자리구역통행중,안전운전불이행,건조,맑음,단일로 - 기타,승용,여,47세,상해없음,보행자,남,13세,경상
2018090800100636,2018년 9월 8일 22시,토요일,강원도 원주시 개운동,중상사고,0,2,0,0,차대차 - 측면충돌,안전운전불이행,건조,맑음,단일로 - 기타,승용,남,40세,상해없음,승용,여,35세,중상
2018090800100637,2018년 9월 8일 22시,토요일,강원도 삼척시 하장면,중상사고,0,1,0,0,차대사람 - 횡단중,안전운전불이행,건조,맑음,단일로 - 기타,승용,여,50세,상해없음,보행자,남,42세,중상
2018090900100021,2018년 9월 9일 01시,일요일,강원도 강릉시 옥천동,경상사고,0,0,1,0,차대차 - 측면충돌,안전운전불이행,건조,맑음,단일로 - 기타,승용,남,59세,상해없음,승용,여,62세,경상
2018090900100075,2018년 9월 9일 05시,일요일,강원도 원주시 단계동,부상신고사고,0,0,0,1,차대사람 - 횡단중,안전운전불이행,건조,맑음,단일로 - 기타,승용,남,39세,상해없음,보행자,남,30세,부상신고
2018090900100089,2018년 9월 9일 06시,일요일,강원도 원주시 우산동,경상사고,0,0,1,0,차대차 - 측면충돌,교차로운행방법위반,건조,맑음,교차로 - 교차로안,승용,남,61세,상해없음,자전거,남,61세,경상
2018090900100112,2018년 9월 9일 08시,일요일,강원도 춘천시 사북면,중상사고,0,1,1,0,차대차 - 측면충돌,안전운전불이행,건조,맑음,단일로 - 기타,화물,여,55세,경상,승용,여,35세,중상
2018090900100151,2018년 9월 9일 10시,일요일,강원도 고성군 거진읍,중상사고,0,1,0,0,차대차 - 측면충돌,안전운전불이행,건조,맑음,기타 - 기타,이륜,남,58세,중상,승용,여,64세,상해없음
2018090900100175,2018년 9월 9일 11시,일요일,강원도 강릉시 교동,경상사고,0,0,1,0,차대차 - 측면충돌,안전운전불이행,건조,맑음,단일로 - 기타,승합,남,34세,상해없음,자전거,남,15세,경상
2018090900100176,2018년 9월 9일 11시,일요일,강원도 강릉시 송정동,경상사고,0,0,1,0,차대차 - 측면충돌,안전운전불이행,건조,맑음,단일로 - 기타,승용,남,60세,상해없음,화물,남,67세,경상
2018090900100177,2018년 9월 9일 11시,일요일,강원도 홍천군 홍천읍,중상사고,0,1,0,0,차대차 - 기타,교차로운행방법위반,건조,맑음,교차로 - 교차로안,화물,남,57세,상해없음,승용,여,48세,중상
2018090900100202,2018년 9월 9일 12시,일요일,강원도 홍천군 홍천읍,경상사고,0,0,1,0,차대차 - 추돌,안전운전불이행,건조,맑음,교차로 - 교차로부근,이륜,남,27세,경상,승용,남,44세,상해없음
2018090900100203,2018년 9월 9일 12시,일요일,강원도 평창군 대관령면,경상사고,0,0,2,0,차대차 - 측면충돌,안전운전불이행,건조,맑음,단일로 - 기타,승용,남,55세,상해없음,승용,남,25세,경상
2018090900100265,2018년 9월 9일 14시,일요일,강원도 원주시 지정면,경상사고,0,0,2,0,차대차 - 측면충돌,안전운전불이행,건조,맑음,교차로 - 교차로안,승용,남,72세,상해없음,승용,여,59세,경상
2018090900100307,2018년 9월 9일 15시,일요일,강원도 원주시 단계동,중상사고,0,1,0,0,차대사람 - 횡단중,안전운전불이행,건조,맑음,단일로 - 기타,승합,남,69세,상해없음,보행자,남,9세,중상
2018090900100308,2018년 9월 9일 15시,일요일,강원도 원주시 무실동,경상사고,0,0,2,0,차대차 - 추돌,안전거리미확보,건조,맑음,교차로 - 교차로안,화물,남,64세,상해없음,승용,남,56세,경상
2018090900100370,2018년 9월 9일 17시,일요일,강원도 강릉시 포남동,중상사고,0,1,0,0,차대차 - 기타,안전운전불이행,건조,맑음,교차로 - 교차로안,승용,여,66세,상해없음,이륜,남,29세,중상
2018090900100371,2018년 9월 9일 17시,일요일,강원도 홍천군 서석면,중상사고,0,1,0,0,차대사람 - 기타,안전운전불이행,건조,맑음,단일로 - 기타,승용,여,53세,상해없음,보행자,여,75세,중상
2018090900100372,2018년 9월 9일 17시,일요일,강원도 태백시 황지동,중상사고,0,2,2,0,차대차 - 측면충돌,교차로운행방법위반,건조,맑음,교차로 - 교차로안,승용,여,53세,상해없음,승용,여,41세,중상
2018090900100465,2018년 9월 9일 20시,일요일,강원도 속초시 청호동,경상사고,0,0,1,0,차대차 - 측면충돌,안전운전불이행,건조,흐림,단일로 - 지하차도(도로)내,승용,남,43세,상해없음,승용,여,29세,경상
2018091000100012,2018년 9월 10일 00시,월요일,강원도 춘천시 효자동,경상사고,0,0,1,0,차대사람 - 기타,안전운전불이행,건조,맑음,단일로 - 기타,승용,여,31세,상해없음,보행자,남,21세,경상
2018091000100013,2018년 9월 10일 00시,월요일,강원도 강릉시 성산면,중상사고,0,1,3,0,차대차 - 정면충돌,중앙선침범,젖음/습기,비,단일로 - 기타,승용,남,49세,상해없음,승용,남,22세,중상
2018091000100081,2018년 9월 10일 07시,월요일,강원도 춘천시 후평동,중상사고,0,1,0,0,차대사람 - 횡단중,보행자보호의무위반,건조,맑음,단일로 - 기타,승용,여,56세,상해없음,보행자,여,80세,중상
2018091000100082,2018년 9월 10일 07시,월요일,강원도 강릉시 왕산면,중상사고,0,5,2,0,차량단독 - 기타,안전운전불이행,젖음/습기,흐림,단일로 - 기타,승합,남,51세,상해없음,,,,
2018091000100083,2018년 9월 10일 07시,월요일,강원도 원주시 단구동,경상사고,0,0,3,0,차대차 - 측면충돌,신호위반,건조,맑음,교차로 - 교차로안,화물,남,34세,상해없음,승용,남,54세,경상
2018091000100131,2018년 9월 10일 08시,월요일,강원도 춘천시 후평동,경상사고,0,0,1,0,차대차 - 추돌,안전운전불이행,건조,맑음,단일로 - 기타,승용,여,36세,상해없음,승용,남,34세,경상
2018091000100132,2018년 9월 10일 08시,월요일,강원도 철원군 동송읍,경상사고,0,0,1,0,차대차 - 측면충돌,교차로운행방법위반,건조,맑음,교차로 - 교차로부근,승용,여,47세,상해없음,이륜,남,75세,경상
2018091000100269,2018년 9월 10일 11시,월요일,강원도 강릉시 주문진읍,중상사고,0,2,0,0,차대차 - 기타,안전운전불이행,건조,맑음,교차로 - 교차로안,승용,여,38세,상해없음,승용,남,34세,중상
2018091000100335,2018년 9월 10일 13시,월요일,강원도 춘천시 신북읍,중상사고,0,1,0,0,차대차 - 측면충돌,안전운전불이행,건조,맑음,단일로 - 기타,농기계,남,79세,중상,화물,남,54세,상해없음
2018091000100336,2018년 9월 10일 13시,월요일,강원도 춘천시 북산면,경상사고,0,0,1,0,차대차 - 추돌,안전운전불이행,건조,맑음,교차로 - 교차로부근,승용,여,54세,상해없음,승용,여,35세,경상
2018091000100366,2018년 9월 10일 14시,월요일,강원도 삼척시 도계읍,경상사고,0,0,2,0,차대차 - 측면충돌,중앙선침범,건조,맑음,교차로 - 교차로부근,승용,남,70세,상해없음,승용,남,30세,경상
2018091000100367,2018년 9월 10일 14시,월요일,강원도 횡성군 서원면,중상사고,0,1,0,0,차대차 - 측면충돌,안전운전불이행,건조,맑음,주차장 - 주차장,화물,남,61세,상해없음,이륜,남,59세,중상
2018091000100408,2018년 9월 10일 15시,월요일,강원도 강릉시 교동,중상사고,0,1,0,0,차대차 - 기타,신호위반,건조,맑음,교차로 - 교차로부근,승용,남,60세,상해없음,원동기,남,57세,중상
2018091000100507,2018년 9월 10일 17시,월요일,강원도 철원군 철원읍,중상사고,0,1,0,0,차대차 - 측면충돌,안전운전불이행,건조,맑음,교차로 - 교차로부근,화물,남,72세,상해없음,자전거,여,73세,중상
2018091000100562,2018년 9월 10일 18시,월요일,강원도 춘천시 교동,중상사고,0,1,0,0,차대사람 - 횡단중,보행자보호의무위반,건조,맑음,단일로 - 기타,승용,남,38세,상해없음,보행자,여,21세,중상
2018091000100563,2018년 9월 10일 18시,월요일,강원도 원주시 행구동,경상사고,0,0,1,0,차대차 - 측면충돌,안전운전불이행,건조,맑음,단일로 - 기타,승용,여,42세,상해없음,승용,남,42세,경상
2018091000100564,2018년 9월 10일 18시,월요일,강원도 영월군 영월읍,중상사고,0,1,0,0,차대차 - 측면충돌,안전운전불이행,건조,맑음,단일로 - 기타,승용,남,52세,상해없음,자전거,남,7세,중상
2018091000100565,2018년 9월 10일 18시,월요일,강원도 동해시 동회동,경상사고,0,0,1,0,차대차 - 측면충돌,직진우회전진행방해,건조,흐림,교차로 - 교차로안,승용,여,60세,상해없음,승용,여,42세,경상
2018091000100646,2018년 9월 10일 20시,월요일,강원도 춘천시 퇴계동,중상사고,0,1,0,0,차대사람 - 횡단중,안전운전불이행,건조,맑음,교차로 - 교차로안,승용,남,46세,상해없음,보행자,남,48세,중상
2018091000100715,2018년 9월 10일 22시,월요일,강원도 원주시 단계동,경상사고,0,0,3,0,차대차 - 측면충돌,직진우회전진행방해,건조,맑음,교차로 - 교차로안,승용,남,47세,상해없음,승용,여,55세,경상
2018091000100734,2018년 9월 10일 23시,월요일,강원도 원주시 소초면,중상사고,0,1,0,0,차대차 - 추돌,안전운전불이행,건조,맑음,단일로 - 기타,승용,남,31세,상해없음,승용,남,22세,중상
2018091100100060,2018년 9월 11일 06시,화요일,강원도 원주시 소초면,경상사고,0,0,2,0,차대차 - 측면충돌,신호위반,건조,맑음,교차로 - 교차로안,승용,남,70세,상해없음,승용,남,71세,경상
2018091100100076,2018년 9월 11일 07시,화요일,강원도 영월군 영월읍,중상사고,0,1,0,1,차대차 - 측면충돌,교차로운행방법위반,건조,맑음,교차로 - 교차로안,화물,남,77세,상해없음,승용,여,61세,중상
2018091100100147,2018년 9월 11일 09시,화요일,강원도 원주시 명륜동,경상사고,0,0,9,0,차대차 - 측면충돌,직진우회전진행방해,건조,맑음,교차로 - 교차로안,화물,여,55세,상해없음,승합,남,51세,경상
2018091100100148,2018년 9월 11일 09시,화요일,강원도 원주시 일산동,중상사고,0,1,1,0,차대차 - 측면충돌,안전운전불이행,건조,맑음,교차로 - 교차로부근,승용,여,43세,상해없음,승용,남,52세,중상
2018091100100149,2018년 9월 11일 09시,화요일,강원도 속초시 조양동,경상사고,0,0,2,0,차대차 - 추돌,안전운전불이행,건조,맑음,교차로 - 교차로부근,승용,남,29세,상해없음,승용,남,61세,경상
2018091100100150,2018년 9월 11일 09시,화요일,강원도 홍천군 두촌면,중상사고,0,1,0,0,차대차 - 기타,안전운전불이행,건조,맑음,교차로 - 교차로안,승용,남,66세,상해없음,승용,여,58세,중상
2018091100100151,2018년 9월 11일 09시,화요일,강원도 철원군 갈말읍,중상사고,0,1,0,0,차대차 - 측면충돌,안전운전불이행,건조,맑음,교차로 - 교차로안,이륜,남,75세,중상,승용,여,34세,상해없음
2018091100100180,2018년 9월 11일 10시,화요일,강원도 춘천시 신동,중상사고,0,2,1,0,차대차 - 측면충돌,안전운전불이행,건조,맑음,교차로 - 교차로안,화물,남,68세,상해없음,승합,남,42세,상해없음
2018091100100181,2018년 9월 11일 10시,화요일,강원도 원주시 관설동,부상신고사고,0,0,0,1,차대차 - 측면충돌,안전운전불이행,건조,맑음,주차장 - 주차장,화물,남,55세,상해없음,자전거,남,76세,부상신고
2018091100100217,2018년 9월 11일 11시,화요일,강원도 정선군 사북읍,중상사고,0,1,0,0,차대차 - 추돌,안전운전불이행,건조,맑음,단일로 - 기타,승용,남,28세,상해없음,승용,남,53세,상해없음
2018091100100270,2018년 9월 11일 13시,화요일,강원도 춘천시 사농동,경상사고,0,0,1,0,차대차 - 추돌,안전거리미확보,건조,맑음,교차로 - 교차로부근,승용,남,56세,상해없음,승용,여,69세,경상
2018091100100271,2018년 9월 11일 13시,화요일,강원도 홍천군 화촌면,경상사고,0,0,4,0,차대차 - 추돌,안전운전불이행,건조,맑음,단일로 - 터널,화물,남,38세,상해없음,화물,남,52세,경상
2018091100100362,2018년 9월 11일 16시,화요일,강원도 춘천시 남산면,부상신고사고,0,0,0,1,차대차 - 측면충돌,중앙선침범,건조,맑음,단일로 - 기타,사륜오토바이(ATV),남,89세,부상신고,승용,남,48세,상해없음
2018091100100363,2018년 9월 11일 16시,화요일,강원도 홍천군 내면,중상사고,0,1,0,0,차대차 - 측면충돌,기타,건조,맑음,교차로 - 교차로안,화물,남,61세,상해없음,화물,남,58세,중상
2018091100100364,2018년 9월 11일 16시,화요일,강원도 양구군 남면,경상사고,0,0,1,0,차대차 - 측면충돌,중앙선침범,건조,맑음,단일로 - 기타,승용,남,56세,상해없음,승용,남,62세,상해없음
2018091100100402,2018년 9월 11일 17시,화요일,강원도 춘천시 우두동,중상사고,0,2,1,0,차대차 - 측면충돌,교차로운행방법위반,건조,맑음,교차로 - 교차로안,승용,여,34세,상해없음,승용,남,35세,경상
2018091100100403,2018년 9월 11일 17시,화요일,강원도 강릉시 주문진읍,경상사고,0,0,1,0,차대사람 - 기타,안전운전불이행,건조,맑음,단일로 - 기타,승용,남,33세,상해없음,보행자,여,22세,경상
2018091100100404,2018년 9월 11일 17시,화요일,강원도 원주시 우산동,중상사고,0,2,0,0,차대차 - 측면충돌,교차로운행방법위반,건조,맑음,교차로 - 교차로안,이륜,남,58세,중상,이륜,여,22세,상해없음
2018091100100405,2018년 9월 11일 17시,화요일,강원도 영월군 영월읍,경상사고,0,0,2,0,차대차 - 추돌,안전운전불이행,건조,맑음,단일로 - 기타,화물,남,45세,상해없음,승용,여,51세,경상
2018091100100441,2018년 9월 11일 18시,화요일,강원도 태백시 황지동,중상사고,0,1,0,0,차대차 - 측면충돌,교차로운행방법위반,건조,맑음,교차로 - 교차로안,승용,남,69세,상해없음,승용,남,41세,중상
2018091100100484,2018년 9월 11일 19시,화요일,강원도 강릉시 내곡동,경상사고,0,0,1,0,차대차 - 측면충돌,안전운전불이행,건조,맑음,단일로 - 기타,승용,남,40세,상해없음,원동기,남,31세,경상
2018091100100485,2018년 9월 11일 19시,화요일,강원도 원주시 단계동,경상사고,0,0,1,0,차대차 - 측면충돌,안전운전불이행,건조,맑음,단일로 - 기타,승용,남,28세,상해없음,이륜,남,37세,경상
2018091200100048,2018년 9월 12일 04시,수요일,강원도 원주시 문막읍,경상사고,0,0,1,0,차대차 - 추돌,안전운전불이행,건조,맑음,교차로 - 교차로부근,승용,여,45세,상해없음,승용,여,33세,경상
2018091200100087,2018년 9월 12일 07시,수요일,강원도 원주시 태장동,경상사고,0,0,1,0,차대차 - 측면충돌,교차로운행방법위반,건조,맑음,교차로 - 교차로안,승용,남,28세,상해없음,자전거,여,51세,경상
2018091200100088,2018년 9월 12일 07시,수요일,강원도 원주시 단구동,중상사고,0,1,0,0,차대차 - 측면충돌,안전운전불이행,건조,맑음,교차로 - 교차로횡단보도내,승용,여,47세,상해없음,자전거,남,16세,중상
2018091200100089,2018년 9월 12일 07시,수요일,강원도 영월군 남면,경상사고,0,0,1,0,차대차 - 측면충돌,안전운전불이행,건조,맑음,단일로 - 지하차도(도로)내,승용,남,58세,상해없음,승용,남,61세,경상
2018091200100133,2018년 9월 12일 08시,수요일,강원도 춘천시 석사동,경상사고,0,0,2,2,차대차 - 측면충돌,안전운전불이행,건조,맑음,교차로 - 교차로부근,승용,남,46세,상해없음,승용,남,40세,경상
2018091200100134,2018년 9월 12일 08시,수요일,강원도 속초시 교동,경상사고,0,0,2,0,차대차 - 측면충돌,안전운전불이행,건조,맑음,교차로 - 교차로부근,승용,남,64세,상해없음,승용,남,73세,경상
2018091200100224,2018년 9월 12일 10시,수요일,강원도 춘천시 석사동,경상사고,0,0,1,0,차대차 - 측면충돌,중앙선침범,건조,맑음,교차로 - 교차로부근,승용,남,47세,상해없음,승용,남,35세,경상
2018091200100225,2018년 9월 12일 10시,수요일,강원도 강릉시 유천동,경상사고,0,0,2,0,차대차 - 측면충돌,안전운전불이행,건조,맑음,교차로 - 교차로안,승용,남,75세,상해없음,화물,남,38세,경상
2018091200100226,2018년 9월 12일 10시,수요일,강원도 원주시 개운동,경상사고,0,0,2,0,차대차 - 추돌,신호위반,건조,맑음,교차로 - 교차로안,승용,여,42세,상해없음,승용,남,54세,경상
2018091200100227,2018년 9월 12일 10시,수요일,강원도 양양군 강현면,경상사고,0,0,5,3,차대차 - 측면충돌,안전운전불이행,건조,맑음,교차로 - 교차로안,승용,남,53세,상해없음,승합,남,59세,상해없음
2018091200100228,2018년 9월 12일 10시,수요일,강원도 영월군 주천면,경상사고,0,0,1,0,차대차 - 측면충돌,중앙선침범,건조,맑음,단일로 - 기타,승용,여,35세,상해없음,화물,남,45세,경상
2018091200100269,2018년 9월 12일 11시,수요일,강원도 원주시 평원동,경상사고,0,0,1,0,차대차 - 측면충돌,안전거리미확보,건조,맑음,단일로 - 교량,승용,여,54세,상해없음,승합,남,55세,상해없음
2018091200100270,2018년 9월 12일 11시,수요일,강원도 정선군 고한읍,경상사고,0,0,2,0,차대차 - 측면충돌,안전운전불이행,건조,맑음,교차로 - 교차로부근,승용,남,50세,상해없음,승용,남,62세,경상
2018091200100304,2018년 9월 12일 12시,수요일,강원도 화천군 화천읍,사망사고,1,0,0,0,차량단독 - 공작물충돌,안전운전불이행,건조,맑음,단일로 - 터널,이륜,남,75세,사망,,,,
2018091200100380,2018년 9월 12일 14시,수요일,강원도 강릉시 연곡면,중상사고,0,1,0,0,차대차 - 기타,중앙선침범,건조,맑음,단일로 - 기타,승용,남,67세,상해없음,승용,여,62세,중상
2018091200100417,2018년 9월 12일 15시,수요일,강원도 삼척시 미로면,경상사고,0,0,2,1,차대차 - 정면충돌,안전운전불이행,건조,맑음,단일로 - 기타,농기계,남,73세,부상신고,화물,남,62세,상해없음
2018091200100515,2018년 9월 12일 17시,수요일,강원도 춘천시 온의동,중상사고,0,1,0,0,차대차 - 기타,안전운전불이행,건조,맑음,단일로 - 기타,승용,남,35세,상해없음,이륜,남,28세,중상
2018091200100516,2018년 9월 12일 17시,수요일,강원도 원주시 흥업면,중상사고,0,1,2,0,차대차 - 추돌,안전운전불이행,건조,맑음,단일로 - 기타,승용,남,52세,상해없음,승용,여,51세,중상