사고번호,사고일시,요일,시군구,사고내용,사망자수,중상자수,경상자수,부상신고자수,사고유형,법규위반,노면상태,기상상태,도로형태,가해운전자 차종,가해운전자 성별,가해운전자 연령,가해운전자 상해정도,피해운전자 차종,피해운전자 성별,피해운전자 연령,피해운전자 상해정도
2018092800100184,2018년 9월 28일 11시,금요일,강원도 동해시 북평동,경상사고,0,0,1,0,차대차 - 측면충돌,안전운전불이행,건조,맑음,단일로 - 기타,화물,남,49세,상해없음,자전거,남,69세,경상
2018092800100217,2018년 9월 28일 12시,금요일,강원도 원주시 단계동,중상사고,0,1,0,0,차대차 - 측면충돌,신호위반,건조,맑음,단일로 - 기타,승용,여,60세,상해없음,이륜,남,35세,중상
2018092800100245,2018년 9월 28일 13시,금요일,강원도 속초시 조양동,중상사고,0,1,1,0,차대차 - 측면충돌,신호위반,건조,맑음,교차로 - 교차로안,승용,남,78세,상해없음,승합,남,32세,경상
2018092800100333,2018년 9월 28일 16시,금요일,강원도 원주시 단구동,중상사고,0,1,1,0,차대차 - 측면충돌,교차로운행방법위반,건조,맑음,교차로 - 교차로안,승합,남,69세,상해없음,이륜,남,51세,중상
2018092800100334,2018년 9월 28일 16시,금요일,강원도 원주시 문막읍,경상사고,0,0,1,0,차대차 - 측면충돌,안전운전불이행,건조,맑음,교차로 - 교차로안,승용,남,43세,상해없음,특수,남,51세,경상
2018092800100370,2018년 9월 28일 17시,금요일,강원도 원주시 지정면,경상사고,0,0,1,0,차대사람 - 차도통행중,안전운전불이행,건조,맑음,단일로 - 기타,승용,여,60세,상해없음,보행자,여,56세,경상
2018092800100409,2018년 9월 28일 18시,금요일,강원도 춘천시 온의동,중상사고,0,1,1,0,차대차 - 측면충돌,교차로운행방법위반,건조,맑음,교차로 - 교차로안,승용,여,47세,경상,이륜,남,21세,중상
2018092800100410,2018년 9월 28일 18시,금요일,강원도 춘천시 동내면,중상사고,0,1,0,0,차대사람 - 횡단중,안전운전불이행,건조,맑음,교차로 - 교차로안,화물,남,58세,상해없음,보행자,남,58세,중상
2018092800100478,2018년 9월 28일 20시,금요일,강원도 강릉시 저동,중상사고,0,1,0,0,차대사람 - 횡단중,보행자보호의무위반,건조,맑음,단일로 - 기타,승용,남,28세,상해없음,보행자,남,73세,중상
2018092800100479,2018년 9월 28일 20시,금요일,강원도 원주시 반곡동,경상사고,0,0,1,0,차대차 - 측면충돌,안전거리미확보,건조,맑음,단일로 - 기타,승용,남,46세,상해없음,이륜,남,32세,경상
2018092800100552,2018년 9월 28일 23시,금요일,강원도 고성군 토성면,경상사고,0,0,1,0,차량단독 - 공작물충돌,안전운전불이행,건조,맑음,단일로 - 기타,승용,남,43세,경상,,,,
2018092900100013,2018년 9월 29일 00시,토요일,강원도 화천군 화천읍,경상사고,0,0,1,0,차대차 - 측면충돌,중앙선침범,건조,맑음,단일로 - 기타,승용,남,25세,상해없음,승용,여,48세,경상
2018092900100063,2018년 9월 29일 03시,토요일,강원도 원주시 단계동,중상사고,0,1,0,0,차대차 - 기타,신호위반,건조,맑음,교차로 - 교차로안,승용,남,35세,상해없음,승용,남,34세,중상
2018092900100105,2018년 9월 29일 06시,토요일,강원도 강릉시 사천면,사망사고,1,0,0,0,차대차 - 정면충돌,안전운전불이행,건조,맑음,단일로 - 기타,화물,남,77세,상해없음,이륜,남,86세,사망
2018092900100131,2018년 9월 29일 08시,토요일,강원도 강릉시 사천면,중상사고,0,1,0,0,차대차 - 측면충돌,중앙선침범,건조,맑음,교차로 - 교차로안,승용,여,48세,상해없음,이륜,남,39세,중상
2018092900100387,2018년 9월 29일 16시,토요일,강원도 원주시 단구동,경상사고,0,0,2,0,차대차 - 측면충돌,교차로운행방법위반,건조,맑음,교차로 - 교차로안,승용,남,76세,상해없음,승용,남,34세,경상
2018092900100421,2018년 9월 29일 17시,토요일,강원도 강릉시 강동면,경상사고,0,0,5,0,차대차 - 측면충돌,중앙선침범,건조,맑음,단일로 - 기타,승용,남,26세,상해없음,승용,여,45세,경상
2018092900100422,2018년 9월 29일 17시,토요일,강원도 영월군 한반도면,부상신고사고,0,0,0,1,차대사람 - 기타,안전운전불이행,건조,맑음,단일로 - 기타,화물,남,55세,상해없음,보행자,여,70세,부상신고
2018092900100466,2018년 9월 29일 18시,토요일,강원도 강릉시 송정동,경상사고,0,0,1,0,차대차 - 측면충돌,안전운전불이행,건조,맑음,단일로 - 기타,승용,여,41세,상해없음,승용,남,31세,경상
2018092900100467,2018년 9월 29일 18시,토요일,강원도 양양군 강현면,중상사고,0,1,1,0,차대차 - 추돌,안전운전불이행,건조,맑음,단일로 - 교량,승용,남,73세,상해없음,화물,남,49세,경상
2018092900100468,2018년 9월 29일 18시,토요일,강원도 속초시 교동,중상사고,0,1,0,0,차대차 - 측면충돌,교차로운행방법위반,건조,맑음,교차로 - 교차로부근,승용,여,37세,상해없음,승용,남,62세,중상
2018092900100498,2018년 9월 29일 19시,토요일,강원도 춘천시 석사동,경상사고,0,0,1,0,차대차 - 측면충돌,신호위반,건조,맑음,교차로 - 교차로안,승용,남,39세,기타불명,이륜,남,17세,경상
2018092900100499,2018년 9월 29일 19시,토요일,강원도 강릉시 죽헌동,사망사고,1,0,0,0,차대사람 - 횡단중,안전운전불이행,건조,맑음,단일로 - 기타,승용,남,28세,상해없음,보행자,남,66세,사망
2018092900100500,2018년 9월 29일 19시,토요일,강원도 원주시 단계동,중상사고,0,1,0,0,차대사람 - 횡단중,보행자보호의무위반,건조,맑음,단일로 - 기타,승용,남,30세,상해없음,보행자,여,63세,중상
2018092900100501,2018년 9월 29일 19시,토요일,강원도 속초시 교동,경상사고,0,0,1,0,차대차 - 측면충돌,직진우회전진행방해,건조,맑음,교차로 - 교차로안,승용,남,58세,상해없음,이륜,남,31세,경상
2018092900100564,2018년 9월 29일 21시,토요일,강원도 강릉시 주문진읍,중상사고,0,1,0,0,차대사람 - 횡단중,안전운전불이행,건조,맑음,교차로 - 교차로부근,화물,남,76세,상해없음,보행자,남,88세,중상
2018092900100565,2018년 9월 29일 21시,토요일,강원도 원주시 단계동,경상사고,0,0,1,0,차대차 - 측면충돌,불법유턴,건조,맑음,교차로 - 교차로부근,승용,남,22세,상해없음,승용,남,45세,경상
2018092900100566,2018년 9월 29일 21시,토요일,강원도 원주시 단계동,중상사고,0,1,0,0,차대차 - 기타,교차로운행방법위반,건조,맑음,교차로 - 교차로안,화물,남,49세,상해없음,이륜,남,44세,중상
2018092900100567,2018년 9월 29일 21시,토요일,강원도 속초시 조양동,경상사고,0,0,1,0,차대차 - 기타,안전운전불이행,건조,맑음,단일로 - 기타,승용,남,52세,상해없음,이륜,남,23세,경상
2018093000100020,2018년 9월 30일 01시,일요일,강원도 인제군 인제읍,중상사고,0,1,0,0,차대차 - 측면충돌,안전운전불이행,건조,맑음,교차로 - 교차로안,승용,여,53세,상해없음,승용,여,36세,중상
2018093000100063,2018년 9월 30일 06시,일요일,강원도 원주시 원동,경상사고,0,0,1,0,차대차 - 추돌,안전거리미확보,건조,맑음,교차로 - 교차로안,승용,여,67세,상해없음,승용,남,60세,경상
2018093000100096,2018년 9월 30일 08시,일요일,강원도 강릉시 홍제동,경상사고,0,0,1,0,차대사람 - 기타,기타,건조,맑음,단일로 - 기타,승용,남,42세,상해없음,보행자,여,83세,경상
2018093000100129,2018년 9월 30일 10시,일요일,강원도 영월군 북면,부상신고사고,0,0,0,1,차량단독 - 전도전복 - 전도,안전운전불이행,건조,맑음,단일로 - 지하차도(도로)내,이륜,남,27세,부상신고,미분류,미분류,미분류,미분류
2018093000100130,2018년 9월 30일 10시,일요일,강원도 평창군 대관령면,사망사고,1,0,0,0,차대차 - 정면충돌,안전운전불이행,건조,맑음,단일로 - 기타,자전거,남,48세,사망,화물,남,61세,상해없음
2018093000100157,2018년 9월 30일 11시,일요일,강원도 속초시 청학동,경상사고,0,0,2,0,차대차 - 측면충돌,안전운전불이행,건조,맑음,단일로 - 기타,이륜,남,70세,상해없음,승용,여,53세,경상
2018093000100175,2018년 9월 30일 12시,일요일,강원도 춘천시 후평동,중상사고,0,1,0,0,차대차 - 측면충돌,차로위반,건조,맑음,단일로 - 기타,승용,여,25세,상해없음,원동기,남,27세,중상
2018093000100205,2018년 9월 30일 13시,일요일,강원도 동해시 천곡동,경상사고,0,0,1,0,차대차 - 기타,안전운전불이행,건조,맑음,교차로 - 교차로안,승용,여,77세,상해없음,승용,여,57세,경상
2018093000100206,2018년 9월 30일 13시,일요일,강원도 홍천군 서면,경상사고,0,0,4,1,차대차 - 추돌,안전거리미확보,건조,맑음,단일로 - 터널,승용,남,56세,경상,승용,남,75세,상해없음
2018093000100242,2018년 9월 30일 14시,일요일,강원도 태백시 소도동,경상사고,0,0,1,1,차대차 - 측면충돌,안전운전불이행,건조,맑음,교차로 - 교차로안,승용,남,62세,상해없음,승용,남,51세,부상신고
2018093000100279,2018년 9월 30일 15시,일요일,강원도 태백시 황지동,경상사고,0,0,4,0,차대차 - 측면충돌,안전운전불이행,건조,맑음,교차로 - 교차로안,승용,여,71세,상해없음,승용,남,61세,경상
2018093000100354,2018년 9월 30일 17시,일요일,강원도 춘천시 석사동,경상사고,0,0,1,0,차대차 - 측면충돌,교차로운행방법위반,건조,맑음,단일로 - 기타,승용,여,59세,상해없음,승용,여,54세,경상
2018093000100355,2018년 9월 30일 17시,일요일,강원도 원주시 무실동,경상사고,0,0,2,1,차대차 - 측면충돌,신호위반,건조,맑음,교차로 - 교차로안,승용,남,42세,상해없음,승용,남,65세,경상
2018093000100356,2018년 9월 30일 17시,일요일,강원도 양양군 양양읍,경상사고,0,0,3,0,차대차 - 측면충돌,안전운전불이행,건조,맑음,교차로 - 교차로부근,승용,남,31세,상해없음,화물,남,55세,경상
2018093000100388,2018년 9월 30일 18시,일요일,강원도 춘천시 우두동,경상사고,0,0,1,0,차대차 - 추돌,안전거리미확보,건조,맑음,교차로 - 교차로부근,승용,여,62세,상해없음,화물,남,58세,경상
2018093000100425,2018년 9월 30일 19시,일요일,강원도 원주시 개운동,경상사고,0,0,1,0,차대차 - 추돌,안전거리미확보,건조,맑음,교차로 - 교차로부근,승용,남,25세,상해없음,승용,남,59세,경상
2018093000100452,2018년 9월 30일 20시,일요일,강원도 원주시 단계동,경상사고,0,0,1,0,차대차 - 측면충돌,안전운전불이행,건조,맑음,교차로 - 교차로부근,승용,여,34세,상해없음,승용,여,39세,경상
2018093000100453,2018년 9월 30일 20시,일요일,강원도 속초시 조양동,경상사고,0,0,1,0,차대차 - 추돌,안전운전불이행,건조,맑음,교차로 - 교차로부근,승용,남,26세,상해없음,승용,남,59세,경상
2018093000100454,2018년 9월 30일 20시,일요일,강원도 인제군 인제읍,중상사고,0,1,0,0,차대차 - 정면충돌,중앙선침범,건조,맑음,단일로 - 기타,승용,여,29세,상해없음,승용,남,51세,중상
2018100100100019,2018년 10월 1일 02시,월요일,강원도 원주시 관설동,경상사고,0,0,2,0,차대차 - 추돌,안전거리미확보,건조,맑음,교차로 - 교차로부근,승용,남,24세,상해없음,승용,남,23세,경상
2018100100100020,2018년 10월 1일 02시,월요일,강원도 동해시 평릉동,사망사고,1,0,0,0,차대사람 - 횡단중,안전운전불이행,건조,맑음,교차로 - 교차로부근,승용,남,56세,상해없음,보행자,여,67세,사망
2018100100100069,2018년 10월 1일 07시,월요일,강원도 홍천군 동면,중상사고,0,1,0,0,차대차 - 기타,안전운전불이행,건조,맑음,단일로 - 기타,승용,남,55세,상해없음,사륜오토바이(ATV),여,38세,중상
2018100100100099,2018년 10월 1일 08시,월요일,강원도 춘천시 서면,경상사고,0,0,1,0,차대차 - 추돌,안전운전불이행,건조,맑음,단일로 - 기타,승용,남,29세,상해없음,승용,여,50세,경상
2018100100100208,2018년 10월 1일 11시,월요일,강원도 홍천군 서석면,경상사고,0,0,2,0,차대차 - 측면충돌,중앙선침범,건조,맑음,단일로 - 기타,승용,여,55세,상해없음,승용,남,73세,경상
2018100100100238,2018년 10월 1일 12시,월요일,강원도 춘천시 퇴계동,중상사고,0,1,0,0,차대차 - 측면충돌,안전운전불이행,건조,맑음,단일로 - 기타,건설기계,남,34세,상해없음,이륜,남,60세,중상
2018100100100239,2018년 10월 1일 12시,월요일,강원도 횡성군 둔내면,중상사고,0,1,1,0,차대차 - 기타,안전운전불이행,건조,맑음,단일로 - 기타,화물,남,63세,상해없음,승용,남,23세,경상
2018100100100431,2018년 10월 1일 17시,월요일,강원도 춘천시 우두동,중상사고,0,1,1,0,차대차 - 측면충돌,안전운전불이행,건조,맑음,교차로 - 교차로안,승용,여,65세,경상,원동기,남,23세,중상
2018100100100432,2018년 10월 1일 17시,월요일,강원도 원주시 무실동,경상사고,0,0,1,0,차대사람 - 횡단중,보행자보호의무위반,건조,맑음,교차로 - 교차로횡단보도내,승용,여,43세,상해없음,보행자,남,50세,경상
2018100100100478,2018년 10월 1일 18시,월요일,강원도 춘천시 후평동,경상사고,0,0,1,0,차대사람 - 길가장자리구역통행중,안전운전불이행,건조,맑음,단일로 - 기타,승용,남,45세,상해없음,보행자,남,49세,경상
2018100100100479,2018년 10월 1일 18시,월요일,강원도 춘천시 효자동,경상사고,0,0,1,0,차대사람 - 기타,보행자보호의무위반,젖음/습기,맑음,단일로 - 기타,화물,남,62세,상해없음,보행자,여,75세,경상
2018100100100480,2018년 10월 1일 18시,월요일,강원도 춘천시 퇴계동,경상사고,0,0,1,0,차대차 - 후진중충돌,안전운전불이행,젖음/습기,비,단일로 - 기타,승용,여,45세,상해없음,승용,여,49세,경상
2018100100100481,2018년 10월 1일 18시,월요일,강원도 원주시 태장동,중상사고,0,1,0,0,차대사람 - 횡단중,안전운전불이행,건조,맑음,단일로 - 기타,승용,남,60세,상해없음,보행자,여,71세,중상
2018100100100482,2018년 10월 1일 18시,월요일,강원도 영월군 영월읍,중상사고,0,1,0,1,차대차 - 측면충돌,교차로운행방법위반,건조,맑음,교차로 - 교차로안,승용,남,63세,상해없음,승용,여,49세,중상
2018100100100520,2018년 10월 1일 19시,월요일,강원도 강릉시 주문진읍,중상사고,0,2,0,0,차대사람 - 기타,안전운전불이행,건조,맑음,단일로 - 기타,승용,남,46세,상해없음,보행자,남,60세,중상
2018100100100521,2018년 10월 1일 19시,월요일,강원도 원주시 단계동,경상사고,0,0,2,1,차대차 - 추돌,신호위반,건조,맑음,단일로 - 기타,승용,여,29세,상해없음,승용,남,45세,경상
2018100100100522,2018년 10월 1일 19시,월요일,강원도 원주시 행구동,경상사고,0,0,1,0,차대차 - 측면충돌,안전운전불이행,건조,맑음,단일로 - 기타,승용,남,26세,상해없음,승용,남,26세,경상
2018100100100523,2018년 10월 1일 19시,월요일,강원도 원주시 판부면,중상사고,0,1,0,0,차대사람 - 차도통행중,안전운전불이행,건조,맑음,단일로 - 기타,승용,여,59세,상해없음,보행자,남,69세,중상
2018100100100524,2018년 10월 1일 19시,월요일,강원도 횡성군 둔내면,사망사고,1,0,0,0,차대사람 - 횡단중,안전운전불이행,건조,맑음,단일로 - 기타,승용,남,53세,상해없음,보행자,여,53세,사망
2018100200100076,2018년 10월 2일 07시,화요일,강원도 삼척시 도계읍,중상사고,0,1,0,0,차량단독 - 도로외이탈 - 추락,안전운전불이행,건조,맑음,단일로 - 기타,승용,남,68세,중상,,,,
2018100200100110,2018년 10월 2일 08시,화요일,강원도 원주시 무실동,경상사고,0,0,1,0,차대사람 - 횡단중,신호위반,건조,맑음,교차로 - 교차로안,승용,남,41세,상해없음,보행자,여,24세,경상
2018100200100111,2018년 10월 2일 08시,화요일,강원도 원주시 소초면,경상사고,0,0,2,0,차대차 - 측면충돌,안전운전불이행,건조,맑음,단일로 - 기타,화물,남,36세,상해없음,승용,남,31세,경상
2018100200100153,2018년 10월 2일 09시,화요일,강원도 원주시 문막읍,경상사고,0,0,2,0,차대차 - 측면충돌,신호위반,건조,맑음,교차로 - 교차로안,이륜,여,38세,상해없음,승용,남,30세,경상
2018100200100154,2018년 10월 2일 09시,화요일,강원도 원주시 문막읍,경상사고,0,0,1,0,차대차 - 측면충돌,안전거리미확보,건조,맑음,단일로 - 기타,승용,여,26세,상해없음,승용,여,54세,경상
2018100200100155,2018년 10월 2일 09시,화요일,강원도 영월군 상동읍,중상사고,0,1,0,0,차대사람 - 길가장자리구역통행중,안전운전불이행,건조,맑음,단일로 - 지하차도(도로)내,승용,남,69세,상해없음,보행자,여,56세,중상
2018100200100156,2018년 10월 2일 09시,화요일,강원도 정선군 사북읍,경상사고,0,0,3,0,차대차 - 측면충돌,안전운전불이행,건조,맑음,교차로 - 교차로부근,승용,남,33세,경상,승용,여,32세,상해없음
2018100200100157,2018년 10월 2일 09시,화요일,강원도 강릉시 옥계면,경상사고,0,0,1,0,차대차 - 추돌,안전운전불이행,건조,맑음,단일로 - 기타,승용,여,29세,상해없음,화물,남,36세,경상
2018100200100198,2018년 10월 2일 10시,화요일,강원도 춘천시 소양로2가,경상사고,0,0,1,0,차대사람 - 횡단중,보행자보호의무위반,건조,맑음,단일로 - 기타,승용,여,28세,상해없음,보행자,남,48세,경상
2018100200100232,2018년 10월 2일 11시,화요일,강원도 원주시 태장동,중상사고,0,1,0,0,차대차 - 추돌,안전운전불이행,건조,맑음,단일로 - 기타,특수,남,49세,상해없음,승용,남,36세,중상
2018100200100233,2018년 10월 2일 11시,화요일,강원도 영월군 북면,중상사고,0,2,0,1,차대차 - 측면충돌,기타,건조,맑음,교차로 - 교차로안,승용,남,26세,상해없음,승용,남,72세,중상
2018100200100234,2018년 10월 2일 11시,화요일,강원도 홍천군 서석면,중상사고,0,1,0,0,차대차 - 측면충돌,직진우회전진행방해,건조,맑음,교차로 - 교차로안,화물,남,50세,상해없음,이륜,남,85세,중상
2018100200100403,2018년 10월 2일 16시,화요일,강원도 원주시 학성동,중상사고,0,1,0,0,차대사람 - 횡단중,안전운전불이행,건조,맑음,단일로 - 기타,이륜,남,22세,기타불명,보행자,남,79세,중상
2018100200100404,2018년 10월 2일 16시,화요일,강원도 원주시 우산동,부상신고사고,0,0,0,1,차대차 - 기타,안전운전불이행,건조,맑음,주차장 - 주차장,승용,여,56세,상해없음,승용,여,48세,기타불명
2018100200100431,2018년 10월 2일 17시,화요일,강원도 강릉시 포남동,경상사고,0,0,1,0,차대차 - 기타,안전운전불이행,건조,맑음,단일로 - 기타,화물,남,51세,상해없음,승용,남,41세,경상
2018100200100432,2018년 10월 2일 17시,화요일,강원도 홍천군 홍천읍,경상사고,0,0,1,0,차대차 - 추돌,안전운전불이행,건조,맑음,교차로 - 교차로부근,특수,남,60세,상해없음,승용,여,41세,상해없음
2018100200100478,2018년 10월 2일 18시,화요일,강원도 원주시 호저면,중상사고,0,1,2,0,차대차 - 추돌,안전운전불이행,건조,맑음,단일로 - 기타,승용,남,31세,상해없음,승용,남,35세,중상
2018100200100479,2018년 10월 2일 18시,화요일,강원도 속초시 교동,중상사고,0,1,0,0,차대차 - 기타,직진우회전진행방해,건조,맑음,교차로 - 교차로안,승용,남,47세,상해없음,이륜,남,24세,중상
2018100200100537,2018년 10월 2일 19시,화요일,강원도 강릉시 성내동,경상사고,0,0,1,0,차대차 - 기타,안전운전불이행,건조,맑음,교차로 - 교차로부근,승용,남,71세,상해없음,승용,여,51세,경상
2018100200100538,2018년 10월 2일 19시,화요일,강원도 원주시 우산동,중상사고,0,1,1,0,차대사람 - 길가장자리구역통행중,중앙선침범,건조,맑음,단일로 - 기타,승용,남,56세,상해없음,보행자,여,60세,중상
2018100200100539,2018년 10월 2일 19시,화요일,강원도 원주시 개운동,경상사고,0,0,1,0,차대차 - 추돌,안전운전불이행,건조,맑음,교차로 - 교차로부근,승용,남,64세,상해없음,승용,여,40세,경상
2018100200100621,2018년 10월 2일 21시,화요일,강원도 춘천시 운교동,경상사고,0,0,2,0,차대차 - 측면충돌,교차로운행방법위반,건조,맑음,교차로 - 교차로안,승용,여,48세,경상,승용,남,47세,경상
2018100200100622,2018년 10월 2일 21시,화요일,강원도 원주시 단계동,경상사고,0,0,1,0,차대차 - 측면충돌,안전운전불이행,건조,맑음,단일로 - 기타,승용,남,42세,상해없음,승용,여,23세,경상
2018100200100623,2018년 10월 2일 21시,화요일,강원도 평창군 대관령면,중상사고,0,1,0,0,차량단독 - 공작물충돌,안전운전불이행,기타,흐림,단일로 - 기타,승용,남,51세,중상,,,,
2018100200100624,2018년 10월 2일 21시,화요일,강원도 홍천군 북방면,경상사고,0,0,4,0,차대차 - 추돌,안전거리미확보,건조,맑음,단일로 - 기타,승용,남,26세,상해없음,승용,남,31세,경상
2018100300100028,2018년 10월 3일 01시,수요일,강원도 원주시 개운동,경상사고,0,0,1,0,차대차 - 측면충돌,신호위반,건조,맑음,교차로 - 교차로안,승용,남,26세,상해없음,승용,남,27세,경상
2018100300100205,2018년 10월 3일 11시,수요일,강원도 춘천시 온의동,경상사고,0,0,1,0,차대차 - 측면충돌,직진우회전진행방해,건조,맑음,교차로 - 교차로안,승용,남,41세,상해없음,승용,여,63세,경상
2018100300100332,2018년 10월 3일 15시,수요일,강원도 춘천시 동내면,중상사고,0,1,0,0,차대차 - 측면충돌,중앙선침범,건조,맑음,단일로 - 기타,승용,여,36세,상해없음,이륜,남,31세,중상
2018100300100333,2018년 10월 3일 15시,수요일,강원도 홍천군 홍천읍,경상사고,0,0,1,0,차대차 - 추돌,안전거리미확보,건조,맑음,단일로 - 기타,승용,남,59세,상해없음,이륜,남,42세,경상
2018100300100334,2018년 10월 3일 15시,수요일,강원도 동해시 발한동,경상사고,0,0,2,0,차대차 - 추돌,안전운전불이행,건조,맑음,단일로 - 기타,승용,여,36세,상해없음,승용,여,52세,경상
2018100300100366,2018년 10월 3일 16시,수요일,강원도 원주시 우산동,중상사고,0,1,0,0,차대사람 - 길가장자리구역통행중,보행자보호의무위반,건조,맑음,교차로 - 교차로부근,승용,여,36세,상해없음,보행자,여,57세,중상
2018100300100367,2018년 10월 3일 16시,수요일,강원도 원주시 학성동,중상사고,0,1,0,0,차대차 - 측면충돌,안전거리미확보,건조,맑음,단일로 - 기타,승용,남,61세,기타불명,이륜,남,21세,중상
2018100300100411,2018년 10월 3일 17시,수요일,강원도 원주시 지정면,경상사고,0,0,3,0,차대차 - 측면충돌,교차로운행방법위반,건조,맑음,교차로 - 교차로안,승용,남,61세,상해없음,승용,남,27세,경상
2018100300100412,2018년 10월 3일 17시,수요일,강원도 홍천군 서면,중상사고,0,2,0,0,차대차 - 정면충돌,중앙선침범,건조,맑음,단일로 - 기타,승용,여,32세,상해없음,승용,남,34세,중상
2018100300100413,2018년 10월 3일 17시,수요일,강원도 철원군 갈말읍,중상사고,0,1,0,0,차대차 - 측면충돌,중앙선침범,건조,맑음,단일로 - 기타,승용,여,30세,상해없음,이륜,남,76세,중상
2018100400100006,2018년 10월 4일 00시,목요일,강원도 원주시 단계동,부상신고사고,0,0,0,2,차대차 - 측면충돌,안전거리미확보,건조,맑음,단일로 - 기타,승용,남,56세,상해없음,이륜,남,18세,부상신고
2018100400100007,2018년 10월 4일 00시,목요일,강원도 원주시 반곡동,경상사고,0,0,1,0,차대차 - 측면충돌,안전운전불이행,건조,맑음,단일로 - 기타,승용,남,42세,상해없음,이륜,남,17세,경상
2018100400100018,2018년 10월 4일 01시,목요일,강원도 원주시 봉산동,경상사고,0,0,1,0,차대사람 - 횡단중,보행자보호의무위반,건조,맑음,단일로 - 기타,이륜,남,19세,상해없음,보행자,남,15세,경상
2018100400100109,2018년 10월 4일 08시,목요일,강원도 강릉시 강문동,경상사고,0,0,2,0,차대차 - 측면충돌,안전운전불이행,건조,맑음,단일로 - 기타,승용,여,44세,상해없음,승용,남,57세,경상
2018100400100171,2018년 10월 4일 09시,목요일,강원도 강릉시 교동,경상사고,0,0,2,0,차대차 - 측면충돌,안전운전불이행,건조,맑음,교차로 - 교차로안,승용,남,55세,상해없음,승합,여,40세,경상
2018100400100172,2018년 10월 4일 09시,목요일,강원도 원주시 우산동,중상사고,0,1,0,0,차대차 - 기타,안전운전불이행,건조,맑음,단일로 - 기타,이륜,남,20세,상해없음,승용,남,24세,중상
2018100400100218,2018년 10월 4일 10시,목요일,강원도 춘천시 석사동,경상사고,0,0,1,0,차대차 - 측면충돌,안전운전불이행,건조,맑음,교차로 - 교차로부근,승용,남,31세,상해없음,자전거,남,82세,경상
2018100400100219,2018년 10월 4일 10시,목요일,강원도 강릉시 임당동,경상사고,0,0,1,0,차대사람 - 기타,안전운전불이행,건조,맑음,단일로 - 기타,화물,남,64세,상해없음,보행자,여,68세,경상
2018100400100253,2018년 10월 4일 11시,목요일,강원도 철원군 갈말읍,경상사고,0,0,3,0,차대차 - 측면충돌,중앙선침범,건조,맑음,단일로 - 기타,승용,남,44세,상해없음,화물,남,45세,경상
2018100400100278,2018년 10월 4일 12시,목요일,강원도 춘천시 우두동,경상사고,0,0,1,0,차대차 - 추돌,안전운전불이행,건조,맑음,교차로 - 교차로부근,승합,남,62세,상해없음,승용,남,51세,경상
2018100400100318,2018년 10월 4일 13시,목요일,강원도 춘천시 효자동,중상사고,0,1,0,0,차대차 - 측면충돌,안전운전불이행,건조,맑음,교차로 - 교차로부근,승용,남,76세,상해없음,이륜,남,51세,중상
2018100400100356,2018년 10월 4일 14시,목요일,강원도 춘천시 효자동,경상사고,0,0,1,0,차대차 - 기타,안전거리미확보,건조,맑음,단일로 - 기타,승용,남,49세,상해없음,승합,남,47세,상해없음
2018100400100357,2018년 10월 4일 14시,목요일,강원도 동해시 이로동,경상사고,0,0,1,0,차대차 - 측면충돌,안전운전불이행,건조,흐림,교차로 - 교차로안,승용,여,42세,상해없음,승용,여,64세,경상
2018100400100386,2018년 10월 4일 15시,목요일,강원도 춘천시 후평동,경상사고,0,0,1,0,차대사람 - 횡단중,안전운전불이행,건조,맑음,단일로 - 기타,승합,남,43세,상해없음,보행자,여,68세,경상
2018100400100387,2018년 10월 4일 15시,목요일,강원도 춘천시 동내면,경상사고,0,0,1,0,차대사람 - 횡단중,신호위반,건조,맑음,단일로 - 기타,승용,여,39세,상해없음,보행자,여,12세,경상
2018100400100388,2018년 10월 4일 15시,목요일,강원도 원주시 평원동,중상사고,0,2,0,0,차대차 - 측면충돌,안전운전불이행,건조,맑음,교차로 - 교차로안,승용,여,46세,상해없음,승용,남,66세,중상
2018100400100423,2018년 10월 4일 16시,목요일,강원도 춘천시 후평동,중상사고,0,1,0,0,차대사람 - 횡단중,안전운전불이행,건조,맑음,교차로 - 교차로부근,승용,여,61세,상해없음,보행자,여,26세,중상
2018100400100459,2018년 10월 4일 17시,목요일,강원도 태백시 문곡동,경상사고,0,0,1,0,차대차 - 추돌,안전거리미확보,건조,맑음,단일로 - 기타,승용,여,49세,상해없음,화물,여,59세,경상
2018100400100509,2018년 10월 4일 18시,목요일,강원도 원주시 문막읍,경상사고,0,0,2,0,차대차 - 측면충돌,안전운전불이행,건조,맑음,교차로 - 교차로안,승용,남,52세,상해없음,승용,남,60세,경상
2018100400100510,2018년 10월 4일 18시,목요일,강원도 양양군 손양면,중상사고,0,1,0,0,차량단독 - 공작물충돌,안전운전불이행,젖음/습기,비,단일로 - 기타,승합,여,49세,상해없음,,,,
2018100400100685,2018년 10월 4일 22시,목요일,강원도 강릉시 교동,경상사고,0,0,1,0,차대차 - 추돌,안전운전불이행,건조,맑음,교차로 - 교차로안,승용,남,32세,상해없음,승용,여,37세,경상