사고번호,사고일시,요일,시군구,사고내용,사망자수,중상자수,경상자수,부상신고자수,사고유형,법규위반,노면상태,기상상태,도로형태,가해운전자 차종,가해운전자 성별,가해운전자 연령,가해운전자 상해정도,피해운전자 차종,피해운전자 성별,피해운전자 연령,피해운전자 상해정도
2018101000100420,2018년 10월 10일 18시,수요일,강원도 원주시 학성동,부상신고사고,0,0,0,1,차대사람 - 차도통행중,안전운전불이행,건조,맑음,단일로 - 기타,승용,남,28세,상해없음,보행자,남,62세,부상신고
2018101000100421,2018년 10월 10일 18시,수요일,강원도 원주시 흥업면,중상사고,0,1,1,0,차대차 - 측면충돌,안전거리미확보,건조,맑음,단일로 - 기타,승용,남,36세,상해없음,승용,남,58세,경상
2018101000100459,2018년 10월 10일 19시,수요일,강원도 속초시 교동,중상사고,0,2,0,0,차대차 - 측면충돌,신호위반,건조,맑음,교차로 - 교차로안,승용,여,59세,상해없음,승용,여,56세,중상
2018101100100007,2018년 10월 11일 00시,목요일,강원도 강릉시 포남동,중상사고,0,1,0,0,차대사람 - 기타,안전운전불이행,건조,맑음,단일로 - 기타,승용,남,37세,상해없음,보행자,남,26세,중상
2018101100100050,2018년 10월 11일 06시,목요일,강원도 원주시 호저면,경상사고,0,0,1,0,차대차 - 측면충돌,신호위반,건조,맑음,교차로 - 교차로안,이륜,남,17세,상해없음,화물,남,51세,상해없음
2018101100100104,2018년 10월 11일 08시,목요일,강원도 태백시 통동,경상사고,0,0,1,0,차대차 - 측면충돌,안전거리미확보,건조,맑음,단일로 - 기타,승용,남,74세,상해없음,승용,여,45세,경상
2018101100100142,2018년 10월 11일 09시,목요일,강원도 영월군 주천면,부상신고사고,0,0,0,2,차대차 - 측면충돌,불법유턴,건조,맑음,단일로 - 지하차도(도로)내,승용,여,50세,부상신고,화물,남,59세,부상신고
2018101100100173,2018년 10월 11일 10시,목요일,강원도 삼척시 근덕면,경상사고,0,0,1,0,차량단독 - 공작물충돌,안전운전불이행,건조,맑음,단일로 - 기타,이륜,남,73세,경상,,,,
2018101100100174,2018년 10월 11일 10시,목요일,강원도 철원군 갈말읍,중상사고,0,1,1,0,차대차 - 측면충돌,안전운전불이행,건조,맑음,단일로 - 기타,건설기계,남,54세,상해없음,화물,남,54세,경상
2018101100100202,2018년 10월 11일 11시,목요일,강원도 강릉시 포남동,경상사고,0,0,1,0,차대사람 - 기타,기타,건조,맑음,단일로 - 기타,화물,남,46세,상해없음,보행자,여,77세,경상
2018101100100203,2018년 10월 11일 11시,목요일,강원도 동해시 천곡동,중상사고,0,1,0,0,차대사람 - 횡단중,안전운전불이행,건조,맑음,단일로 - 기타,승용,남,56세,상해없음,보행자,여,82세,중상
2018101100100245,2018년 10월 11일 12시,목요일,강원도 원주시 단구동,경상사고,0,0,1,0,차대차 - 측면충돌,교차로운행방법위반,건조,맑음,교차로 - 교차로안,승용,여,31세,상해없음,화물,여,58세,경상
2018101100100270,2018년 10월 11일 13시,목요일,강원도 춘천시 퇴계동,경상사고,0,0,2,0,차대차 - 측면충돌,직진우회전진행방해,건조,맑음,교차로 - 교차로안,승용,남,42세,상해없음,승용,남,69세,경상
2018101100100291,2018년 10월 11일 14시,목요일,강원도 강릉시 교동,경상사고,0,0,5,0,차대차 - 측면충돌,안전운전불이행,건조,맑음,단일로 - 기타,승용,남,51세,상해없음,승용,남,81세,경상
2018101100100292,2018년 10월 11일 14시,목요일,강원도 삼척시 갈천동,중상사고,0,1,0,0,차대차 - 측면충돌,안전운전불이행,건조,맑음,기타 - 기타,승용,여,66세,상해없음,승용,남,66세,중상
2018101100100293,2018년 10월 11일 14시,목요일,강원도 횡성군 횡성읍,중상사고,0,1,0,0,차대사람 - 기타,안전운전불이행,건조,맑음,단일로 - 기타,승용,남,58세,상해없음,보행자,여,84세,중상
2018101100100320,2018년 10월 11일 15시,목요일,강원도 강릉시 입암동,경상사고,0,0,1,0,차대차 - 후진중충돌,안전운전불이행,건조,맑음,주차장 - 주차장,승용,남,65세,상해없음,승용,여,36세,상해없음
2018101100100321,2018년 10월 11일 15시,목요일,강원도 원주시 개운동,중상사고,0,1,1,0,차대차 - 측면충돌,직진우회전진행방해,건조,맑음,교차로 - 교차로안,승용,남,72세,상해없음,승용,여,34세,중상
2018101100100322,2018년 10월 11일 15시,목요일,강원도 삼척시 미로면,중상사고,0,1,1,0,차대차 - 측면충돌,안전운전불이행,건조,맑음,단일로 - 터널,승용,남,76세,경상,건설기계,남,45세,상해없음
2018101100100323,2018년 10월 11일 15시,목요일,강원도 태백시 소도동,경상사고,0,0,1,0,차대차 - 추돌,안전운전불이행,건조,맑음,단일로 - 기타,승용,남,55세,상해없음,화물,남,32세,경상
2018101100100365,2018년 10월 11일 16시,목요일,강원도 평창군 진부면,사망사고,1,0,0,0,차대사람 - 보도통행중,중앙선침범,건조,맑음,단일로 - 기타,화물,남,43세,상해없음,보행자,여,90세 이상,사망
2018101100100407,2018년 10월 11일 17시,목요일,강원도 원주시 무실동,경상사고,0,0,3,0,차대차 - 측면충돌,안전운전불이행,건조,맑음,단일로 - 기타,승용,여,47세,경상,승용,남,23세,경상
2018101100100408,2018년 10월 11일 17시,목요일,강원도 태백시 철암동,중상사고,0,1,1,0,차량단독 - 도로외이탈 - 추락,안전운전불이행,건조,맑음,단일로 - 기타,승용,남,79세,경상,,,,
2018101100100457,2018년 10월 11일 18시,목요일,강원도 원주시 문막읍,경상사고,0,0,1,0,차대차 - 측면충돌,안전운전불이행,건조,맑음,교차로 - 교차로안,승용,여,44세,상해없음,이륜,남,30세,경상
2018101100100458,2018년 10월 11일 18시,목요일,강원도 삼척시 근덕면,경상사고,0,0,1,0,차량단독 - 공작물충돌,안전운전불이행,건조,흐림,단일로 - 기타,승용,남,41세,경상,,,,
2018101100100595,2018년 10월 11일 22시,목요일,강원도 춘천시 동내면,경상사고,0,0,1,0,차대차 - 추돌,안전운전불이행,건조,맑음,교차로 - 교차로부근,기타불명,기타불명,미분류,기타불명,승용,남,38세,경상
2018101200100003,2018년 10월 12일 00시,금요일,강원도 춘천시 효자동,중상사고,0,1,0,0,차대차 - 기타,안전운전불이행,건조,맑음,교차로 - 교차로안,이륜,남,20세,상해없음,이륜,남,34세,중상
2018101200100004,2018년 10월 12일 00시,금요일,강원도 화천군 하남면,사망사고,1,0,0,0,차량단독 - 공작물충돌,중앙선침범,건조,맑음,단일로 - 기타,승용,남,33세,사망,,,,
2018101200100082,2018년 10월 12일 07시,금요일,강원도 동해시 평릉동,경상사고,0,0,1,0,차대차 - 측면충돌,안전운전불이행,건조,맑음,교차로 - 교차로부근,승용,남,80세,상해없음,승용,남,69세,경상
2018101200100117,2018년 10월 12일 08시,금요일,강원도 춘천시 석사동,중상사고,0,2,0,0,차대차 - 기타,안전운전불이행,건조,맑음,교차로 - 교차로안,승용,남,71세,상해없음,승용,남,58세,중상
2018101200100118,2018년 10월 12일 08시,금요일,강원도 춘천시 석사동,경상사고,0,0,1,0,차대차 - 측면충돌,안전운전불이행,건조,맑음,교차로 - 교차로안,화물,남,69세,상해없음,승용,여,34세,경상
2018101200100119,2018년 10월 12일 08시,금요일,강원도 원주시 단구동,경상사고,0,0,1,0,차대차 - 측면충돌,안전운전불이행,건조,맑음,교차로 - 교차로안,승용,여,26세,상해없음,자전거,남,11세,경상
2018101200100163,2018년 10월 12일 09시,금요일,강원도 홍천군 홍천읍,중상사고,0,1,0,0,차대차 - 정면충돌,중앙선침범,건조,맑음,단일로 - 기타,승용,남,66세,상해없음,승용,남,38세,중상
2018101200100227,2018년 10월 12일 11시,금요일,강원도 영월군 영월읍,경상사고,0,0,1,0,차대차 - 측면충돌,중앙선침범,건조,맑음,단일로 - 기타,승용,남,75세,상해없음,화물,남,62세,경상
2018101200100261,2018년 10월 12일 12시,금요일,강원도 원주시 흥업면,경상사고,0,0,2,0,차대차 - 측면충돌,안전운전불이행,건조,맑음,기타 - 기타,승용,남,64세,상해없음,승용,남,25세,경상
2018101200100262,2018년 10월 12일 12시,금요일,강원도 정선군 정선읍,중상사고,0,1,0,0,차대차 - 측면충돌,안전운전불이행,건조,맑음,교차로 - 교차로안,승용,남,72세,상해없음,이륜,남,84세,중상
2018101200100377,2018년 10월 12일 15시,금요일,강원도 춘천시 석사동,중상사고,0,1,0,0,차대차 - 정면충돌,신호위반,건조,맑음,교차로 - 교차로안,승용,남,33세,상해없음,이륜,남,36세,중상
2018101200100378,2018년 10월 12일 15시,금요일,강원도 강릉시 강동면,사망사고,1,0,0,0,차량단독 - 기타,안전운전불이행,건조,맑음,교차로 - 교차로부근,농기계,남,73세,사망,,,,
2018101200100379,2018년 10월 12일 15시,금요일,강원도 강릉시 홍제동,중상사고,0,2,3,0,차대차 - 추돌,안전운전불이행,건조,맑음,단일로 - 기타,건설기계,남,47세,상해없음,화물,남,70세,중상
2018101200100380,2018년 10월 12일 15시,금요일,강원도 삼척시 도계읍,경상사고,0,0,3,0,차대차 - 추돌,안전거리미확보,건조,맑음,단일로 - 기타,승용,여,47세,경상,화물,남,48세,상해없음
2018101200100417,2018년 10월 12일 16시,금요일,강원도 춘천시 퇴계동,경상사고,0,0,1,0,차대차 - 측면충돌,안전거리미확보,건조,맑음,교차로 - 교차로부근,승용,여,24세,기타불명,승용,여,49세,경상
2018101200100418,2018년 10월 12일 16시,금요일,강원도 춘천시 남산면,경상사고,0,0,1,0,차대차 - 기타,중앙선침범,건조,맑음,단일로 - 기타,화물,남,63세,상해없음,승용,남,53세,경상
2018101200100519,2018년 10월 12일 18시,금요일,강원도 춘천시 후평동,부상신고사고,0,0,0,1,차대사람 - 횡단중,안전운전불이행,건조,맑음,단일로 - 기타,화물,남,54세,상해없음,보행자,여,28세,부상신고
2018101200100520,2018년 10월 12일 18시,금요일,강원도 춘천시 칠전동,중상사고,0,1,0,0,차대사람 - 횡단중,보행자보호의무위반,건조,맑음,교차로 - 교차로횡단보도내,승용,남,62세,상해없음,보행자,남,78세,중상
2018101200100626,2018년 10월 12일 20시,금요일,강원도 인제군 북면,중상사고,0,1,1,0,차대차 - 정면충돌,중앙선침범,건조,맑음,단일로 - 기타,화물,남,57세,상해없음,승용,여,31세,중상
2018101200100687,2018년 10월 12일 22시,금요일,강원도 양구군 양구읍,중상사고,0,1,0,0,차대차 - 측면충돌,안전운전불이행,건조,기타,교차로 - 교차로안,승용,여,54세,중상,화물,남,80세,상해없음
2018101200100688,2018년 10월 12일 22시,금요일,강원도 동해시 천곡동,경상사고,0,0,1,0,차대차 - 기타,안전거리미확보,건조,맑음,단일로 - 기타,이륜,남,17세,상해없음,승용,남,57세,경상
2018101200100689,2018년 10월 12일 22시,금요일,강원도 동해시 천곡동,경상사고,0,0,1,0,차대차 - 측면충돌,중앙선침범,건조,맑음,단일로 - 지하차도(도로)내,승용,여,52세,상해없음,승용,남,29세,경상
2018101200100707,2018년 10월 12일 23시,금요일,강원도 춘천시 퇴계동,경상사고,0,0,1,0,차대차 - 후진중충돌,안전운전불이행,건조,맑음,단일로 - 기타,승용,남,48세,상해없음,이륜,남,34세,경상
2018101200100708,2018년 10월 12일 23시,금요일,강원도 춘천시 후평동,경상사고,0,0,1,0,차대차 - 측면충돌,안전거리미확보,건조,맑음,단일로 - 기타,승용,남,31세,상해없음,이륜,남,30세,경상
2018101200100709,2018년 10월 12일 23시,금요일,강원도 원주시 단구동,중상사고,0,1,0,0,차대차 - 추돌,안전운전불이행,건조,맑음,교차로 - 교차로부근,승용,남,28세,상해없음,승용,여,46세,중상
2018101300100035,2018년 10월 13일 01시,토요일,강원도 원주시 무실동,경상사고,0,0,2,0,차대차 - 측면충돌,신호위반,건조,맑음,교차로 - 교차로안,승용,남,45세,상해없음,승용,여,40세,상해없음
2018101300100061,2018년 10월 13일 03시,토요일,강원도 원주시 호저면,중상사고,0,1,0,0,차대차 - 측면충돌,신호위반,건조,맑음,교차로 - 교차로안,화물,남,45세,상해없음,이륜,남,18세,중상
2018101300100062,2018년 10월 13일 03시,토요일,강원도 동해시 천곡동,중상사고,0,1,1,0,차대차 - 측면충돌,신호위반,건조,맑음,교차로 - 교차로안,화물,여,69세,상해없음,승용,남,53세,중상
2018101300100084,2018년 10월 13일 05시,토요일,강원도 철원군 갈말읍,중상사고,0,1,0,0,차량단독 - 공작물충돌,안전운전불이행,건조,맑음,단일로 - 기타,화물,남,59세,중상,,,,
2018101300100092,2018년 10월 13일 06시,토요일,강원도 강릉시 교동,중상사고,0,1,0,0,차대차 - 기타,안전운전불이행,건조,맑음,교차로 - 교차로부근,승용,남,54세,상해없음,이륜,남,67세,중상
2018101300100129,2018년 10월 13일 08시,토요일,강원도 춘천시 동산면,중상사고,0,1,0,0,차대사람 - 기타,보행자보호의무위반,건조,맑음,단일로 - 교량,화물,남,77세,상해없음,보행자,남,81세,중상
2018101300100130,2018년 10월 13일 08시,토요일,강원도 강릉시 내곡동,경상사고,0,0,1,0,차대차 - 측면충돌,안전운전불이행,건조,맑음,교차로 - 교차로안,승용,남,69세,상해없음,화물,여,57세,경상
2018101300100131,2018년 10월 13일 08시,토요일,강원도 속초시 교동,경상사고,0,0,1,0,차대차 - 후진중충돌,안전운전불이행,건조,맑음,교차로 - 교차로안,화물,남,44세,상해없음,승용,여,38세,경상
2018101300100161,2018년 10월 13일 09시,토요일,강원도 속초시 교동,경상사고,0,0,1,0,차대차 - 기타,교차로운행방법위반,건조,맑음,기타 - 기타,승용,남,35세,상해없음,이륜,남,51세,경상
2018101300100184,2018년 10월 13일 10시,토요일,강원도 강릉시 성남동,중상사고,0,1,0,0,차대사람 - 횡단중,보행자보호의무위반,건조,맑음,교차로 - 교차로횡단보도내,승용,남,56세,상해없음,보행자,남,77세,중상
2018101300100185,2018년 10월 13일 10시,토요일,강원도 고성군 간성읍,중상사고,0,1,0,0,차대차 - 기타,안전운전불이행,건조,맑음,단일로 - 기타,자전거,남,50세,상해없음,자전거,남,57세,중상
2018101300100226,2018년 10월 13일 11시,토요일,강원도 원주시 흥업면,경상사고,0,0,1,0,차대차 - 측면충돌,안전운전불이행,건조,맑음,단일로 - 기타,화물,남,54세,상해없음,승용,여,28세,경상
2018101300100227,2018년 10월 13일 11시,토요일,강원도 원주시 반곡동,경상사고,0,0,2,0,차대차 - 측면충돌,안전운전불이행,건조,맑음,교차로 - 교차로안,승합,남,47세,상해없음,승용,여,32세,경상
2018101300100228,2018년 10월 13일 11시,토요일,강원도 홍천군 홍천읍,경상사고,0,0,1,0,차대차 - 기타,교차로운행방법위반,건조,맑음,교차로 - 교차로안,승용,여,63세,상해없음,승용,남,54세,경상
2018101300100306,2018년 10월 13일 13시,토요일,강원도 춘천시 동면,경상사고,0,0,1,0,차대사람 - 기타,안전운전불이행,건조,맑음,교차로 - 교차로안,승용,남,60세,상해없음,보행자,남,30세,경상
2018101300100345,2018년 10월 13일 14시,토요일,강원도 양양군 강현면,사망사고,1,1,0,0,차량단독 - 공작물충돌,안전운전불이행,건조,맑음,단일로 - 기타,승용,여,56세,중상,,,,
2018101300100346,2018년 10월 13일 14시,토요일,강원도 화천군 상서면,경상사고,0,0,1,0,차대차 - 측면충돌,안전운전불이행,건조,맑음,교차로 - 교차로안,승용,남,24세,상해없음,승용,남,57세,경상
2018101300100377,2018년 10월 13일 15시,토요일,강원도 강릉시 옥천동,경상사고,0,0,1,0,차대차 - 측면충돌,안전운전불이행,건조,맑음,교차로 - 교차로안,승용,여,68세,상해없음,승용,남,24세,경상
2018101300100405,2018년 10월 13일 16시,토요일,강원도 춘천시 온의동,중상사고,0,1,0,0,차대차 - 측면충돌,안전운전불이행,건조,맑음,교차로 - 교차로부근,승용,여,44세,상해없음,이륜,남,40세,중상
2018101300100406,2018년 10월 13일 16시,토요일,강원도 홍천군 화촌면,중상사고,0,1,0,0,차량단독 - 공작물충돌,안전운전불이행,건조,맑음,단일로 - 기타,이륜,남,33세,중상,,,,
2018101300100407,2018년 10월 13일 16시,토요일,강원도 양구군 양구읍,중상사고,0,1,6,0,차대차 - 측면충돌,교차로운행방법위반,건조,맑음,교차로 - 교차로안,승용,여,35세,경상,승용,여,49세,경상
2018101300100408,2018년 10월 13일 16시,토요일,강원도 춘천시 남면,경상사고,0,0,2,0,차대차 - 추돌,안전거리미확보,건조,맑음,단일로 - 기타,승용,남,29세,상해없음,승용,남,58세,상해없음
2018101300100442,2018년 10월 13일 17시,토요일,강원도 원주시 단구동,중상사고,0,2,0,0,차대차 - 측면충돌,중앙선침범,건조,맑음,기타 - 기타,승용,여,65세,상해없음,승용,남,67세,중상
2018101300100443,2018년 10월 13일 17시,토요일,강원도 동해시 이로동,경상사고,0,0,2,0,차대차 - 측면충돌,안전운전불이행,건조,맑음,단일로 - 기타,승합,남,40세,상해없음,승합,남,59세,경상
2018101300100477,2018년 10월 13일 18시,토요일,강원도 강릉시 사천면,경상사고,0,0,1,0,차대차 - 기타,과속,건조,맑음,교차로 - 교차로안,승용,남,27세,경상,승용,남,41세,상해없음
2018101300100549,2018년 10월 13일 20시,토요일,강원도 춘천시 온의동,경상사고,0,0,1,0,차대사람 - 보도통행중,기타,건조,맑음,교차로 - 교차로부근,승용,남,22세,상해없음,보행자,남,47세,경상
2018101400100030,2018년 10월 14일 02시,일요일,강원도 원주시 흥업면,중상사고,0,1,0,0,차대사람 - 횡단중,보행자보호의무위반,건조,맑음,교차로 - 교차로횡단보도내,승용,남,34세,상해없음,보행자,남,19세,중상
2018101400100162,2018년 10월 14일 12시,일요일,강원도 춘천시 석사동,경상사고,0,0,1,0,차대차 - 측면충돌,신호위반,건조,맑음,교차로 - 교차로안,승용,여,68세,상해없음,이륜,남,19세,경상
2018101400100189,2018년 10월 14일 13시,일요일,강원도 양양군 양양읍,중상사고,0,1,0,0,차량단독 - 전도전복 - 전도,안전운전불이행,건조,맑음,단일로 - 고가도로위,이륜,남,27세,중상,미분류,미분류,미분류,미분류
2018101400100218,2018년 10월 14일 14시,일요일,강원도 춘천시 죽림동,경상사고,0,0,1,0,차대사람 - 횡단중,안전운전불이행,건조,맑음,단일로 - 기타,승용,남,49세,상해없음,보행자,여,60세,경상
2018101400100219,2018년 10월 14일 14시,일요일,강원도 양양군 서면,중상사고,0,1,1,0,차대차 - 정면충돌,중앙선침범,건조,맑음,단일로 - 지하차도(도로)내,이륜,남,33세,상해없음,승용,남,60세,경상
2018101400100220,2018년 10월 14일 14시,일요일,강원도 평창군 봉평면,중상사고,0,1,0,0,차대차 - 측면충돌,안전운전불이행,건조,맑음,단일로 - 기타,화물,남,60세,상해없음,자전거,남,47세,중상
2018101400100245,2018년 10월 14일 15시,일요일,강원도 원주시 개운동,중상사고,0,1,0,0,차대차 - 기타,안전운전불이행,건조,맑음,교차로 - 교차로횡단보도내,승용,여,60세,상해없음,자전거,여,76세,중상
2018101400100246,2018년 10월 14일 15시,일요일,강원도 횡성군 우천면,사망사고,1,0,0,0,차량단독 - 도로외이탈 - 기타,안전운전불이행,건조,맑음,단일로 - 기타,사륜오토바이(ATV),여,65세,사망,,,,
2018101400100278,2018년 10월 14일 16시,일요일,강원도 원주시 호저면,중상사고,0,3,0,0,차대차 - 측면충돌,직진우회전진행방해,건조,맑음,교차로 - 교차로안,화물,여,55세,중상,승합,남,62세,중상
2018101400100279,2018년 10월 14일 16시,일요일,강원도 원주시 우산동,경상사고,0,0,1,0,차대차 - 기타,안전운전불이행,건조,맑음,단일로 - 기타,기타불명,기타불명,미분류,기타불명,자전거,남,17세,경상
2018101400100308,2018년 10월 14일 17시,일요일,강원도 삼척시 도계읍,경상사고,0,0,2,0,차대차 - 추돌,안전운전불이행,건조,맑음,단일로 - 기타,승용,남,59세,상해없음,승용,남,31세,경상
2018101400100337,2018년 10월 14일 18시,일요일,강원도 원주시 문막읍,경상사고,0,0,1,0,차대차 - 추돌,안전운전불이행,건조,맑음,단일로 - 기타,승용,남,43세,상해없음,승용,여,60세,경상
2018101400100338,2018년 10월 14일 18시,일요일,강원도 삼척시 교동,경상사고,0,0,1,0,차대차 - 측면충돌,불법유턴,건조,맑음,교차로 - 교차로부근,승용,남,67세,상해없음,승용,여,58세,경상
2018101400100382,2018년 10월 14일 19시,일요일,강원도 양구군 해안면,경상사고,0,0,2,0,차대차 - 측면충돌,교차로운행방법위반,건조,기타,교차로 - 교차로안,승합,기타불명,미분류,기타불명,화물,남,56세,경상
2018101500100028,2018년 10월 15일 05시,월요일,강원도 원주시 명륜동,경상사고,0,0,2,0,차대차 - 측면충돌,신호위반,건조,맑음,교차로 - 교차로안,승합,남,75세,상해없음,승용,남,51세,경상
2018101500100063,2018년 10월 15일 07시,월요일,강원도 춘천시 석사동,경상사고,0,0,2,0,차대차 - 측면충돌,안전운전불이행,건조,맑음,단일로 - 기타,승용,여,56세,상해없음,승합,여,51세,경상
2018101500100094,2018년 10월 15일 08시,월요일,강원도 춘천시 후평동,경상사고,0,0,1,0,차대차 - 측면충돌,직진우회전진행방해,건조,맑음,교차로 - 교차로안,승용,남,54세,상해없음,승용,여,46세,경상
2018101500100095,2018년 10월 15일 08시,월요일,강원도 횡성군 공근면,경상사고,0,0,1,0,차대차 - 측면충돌,안전운전불이행,건조,맑음,단일로 - 기타,화물,남,63세,상해없음,승용,남,37세,경상
2018101500100155,2018년 10월 15일 10시,월요일,강원도 춘천시 소양로1가,중상사고,0,1,0,0,차대사람 - 차도통행중,안전운전불이행,건조,맑음,단일로 - 기타,승용,여,68세,상해없음,보행자,여,79세,중상
2018101500100156,2018년 10월 15일 10시,월요일,강원도 원주시 태장동,중상사고,0,1,0,0,차대사람 - 길가장자리구역통행중,안전운전불이행,건조,맑음,단일로 - 기타,승용,남,61세,상해없음,보행자,여,90세 이상,중상
2018101500100188,2018년 10월 15일 11시,월요일,강원도 춘천시 석사동,경상사고,0,0,2,0,차대차 - 측면충돌,안전거리미확보,건조,맑음,단일로 - 기타,승용,여,51세,상해없음,승용,남,51세,경상
2018101500100189,2018년 10월 15일 11시,월요일,강원도 춘천시 신동면,중상사고,0,1,0,0,차대차 - 측면충돌,안전운전불이행,건조,맑음,교차로 - 교차로안,승용,남,20세,상해없음,화물,남,64세,중상
2018101500100190,2018년 10월 15일 11시,월요일,강원도 속초시 중앙동,경상사고,0,0,2,0,차대차 - 추돌,안전운전불이행,건조,맑음,교차로 - 교차로부근,승합,남,66세,상해없음,승용,남,69세,경상
2018101500100213,2018년 10월 15일 12시,월요일,강원도 강릉시 옥계면,중상사고,0,1,0,0,차대차 - 정면충돌,중앙선침범,건조,맑음,단일로 - 기타,승용,여,40세,상해없음,이륜,남,51세,중상
2018101500100241,2018년 10월 15일 13시,월요일,강원도 태백시 황지동,중상사고,0,1,0,0,차대사람 - 횡단중,안전운전불이행,건조,맑음,교차로 - 교차로안,승용,남,49세,상해없음,보행자,여,62세,중상
2018101500100274,2018년 10월 15일 14시,월요일,강원도 원주시 무실동,경상사고,0,0,1,0,차대차 - 측면충돌,안전거리미확보,건조,맑음,교차로 - 교차로부근,승용,남,27세,상해없음,승합,남,34세,경상
2018101500100275,2018년 10월 15일 14시,월요일,강원도 강릉시 성산면,중상사고,0,2,3,0,차대차 - 추돌,안전거리미확보,건조,맑음,단일로 - 기타,승합,남,42세,경상,화물,남,67세,상해없음
2018101500100316,2018년 10월 15일 15시,월요일,강원도 강릉시 연곡면,경상사고,0,0,1,0,차대차 - 측면충돌,기타,건조,맑음,교차로 - 교차로안,승용,남,68세,상해없음,승용,남,45세,경상
2018101500100317,2018년 10월 15일 15시,월요일,강원도 속초시 중앙동,경상사고,0,0,1,0,차대사람 - 길가장자리구역통행중,안전운전불이행,건조,맑음,단일로 - 기타,승용,남,62세,상해없음,보행자,여,51세,경상
2018101500100318,2018년 10월 15일 15시,월요일,강원도 속초시 영랑동,중상사고,0,1,0,0,차대차 - 측면충돌,교차로운행방법위반,건조,맑음,교차로 - 교차로안,승용,여,59세,상해없음,이륜,남,59세,중상
2018101500100319,2018년 10월 15일 15시,월요일,강원도 삼척시 남양동,중상사고,0,1,0,0,차대차 - 정면충돌,중앙선침범,건조,맑음,교차로 - 교차로안,승용,남,73세,상해없음,승용,남,38세,중상
2018101500100320,2018년 10월 15일 15시,월요일,강원도 양구군 양구읍,경상사고,0,0,1,0,차대차 - 측면충돌,안전운전불이행,건조,맑음,교차로 - 교차로안,자전거,남,74세,경상,승용,여,45세,상해없음
2018101500100348,2018년 10월 15일 16시,월요일,강원도 강릉시 유천동,경상사고,0,0,1,0,차대차 - 추돌,안전운전불이행,건조,맑음,단일로 - 기타,승용,남,67세,상해없음,승용,여,44세,경상
2018101500100389,2018년 10월 15일 17시,월요일,강원도 태백시 화전동,경상사고,0,0,4,0,차대차 - 추돌,안전운전불이행,건조,맑음,단일로 - 기타,화물,남,59세,상해없음,승용,여,64세,경상
2018101500100429,2018년 10월 15일 18시,월요일,강원도 원주시 단구동,경상사고,0,0,1,0,차대사람 - 횡단중,보행자보호의무위반,건조,맑음,교차로 - 교차로횡단보도내,화물,남,33세,상해없음,보행자,여,19세,경상
2018101500100430,2018년 10월 15일 18시,월요일,강원도 고성군 죽왕면,경상사고,0,0,3,0,차대차 - 정면충돌,신호위반,건조,맑음,교차로 - 교차로안,승용,남,55세,상해없음,승용,여,35세,경상
2018101500100479,2018년 10월 15일 19시,월요일,강원도 춘천시 후평동,중상사고,0,1,0,0,차대사람 - 차도통행중,안전운전불이행,건조,맑음,단일로 - 기타,승용,여,48세,상해없음,보행자,여,66세,중상
2018101500100591,2018년 10월 15일 23시,월요일,강원도 태백시 황지동,경상사고,0,0,1,0,차대차 - 측면충돌,안전운전불이행,건조,맑음,교차로 - 교차로안,승용,남,42세,상해없음,승용,남,61세,경상
2018101600100066,2018년 10월 16일 07시,화요일,강원도 원주시 우산동,경상사고,0,0,1,0,차대차 - 측면충돌,신호위반,젖음/습기,안개,교차로 - 교차로안,승용,여,60세,상해없음,자전거,남,61세,경상
2018101600100129,2018년 10월 16일 09시,화요일,강원도 춘천시 석사동,경상사고,0,0,2,0,차대차 - 추돌,안전운전불이행,건조,맑음,단일로 - 기타,승용,남,69세,상해없음,화물,남,27세,경상
2018101600100159,2018년 10월 16일 10시,화요일,강원도 영월군 주천면,중상사고,0,1,0,0,차대사람 - 횡단중,안전운전불이행,건조,맑음,교차로 - 교차로안,승합,남,72세,상해없음,보행자,남,73세,중상
2018101600100188,2018년 10월 16일 11시,화요일,강원도 춘천시 소양로3가,경상사고,0,0,2,0,차대차 - 측면충돌,안전운전불이행,건조,맑음,단일로 - 기타,승용,여,54세,경상,승용,여,61세,경상
2018101600100223,2018년 10월 16일 12시,화요일,강원도 원주시 중앙동,중상사고,0,1,1,0,차대차 - 측면충돌,안전거리미확보,건조,맑음,교차로 - 교차로안,승용,여,60세,상해없음,승합,남,59세,상해없음
2018101600100252,2018년 10월 16일 13시,화요일,강원도 춘천시 사북면,경상사고,0,0,2,0,차대차 - 기타,중앙선침범,건조,맑음,단일로 - 기타,화물,남,51세,상해없음,화물,남,45세,경상
2018101600100253,2018년 10월 16일 13시,화요일,강원도 춘천시 남산면,경상사고,0,0,2,0,차대차 - 측면충돌,중앙선침범,건조,맑음,교차로 - 교차로안,승용,여,63세,기타불명,승용,남,23세,경상