사고번호,사고일시,요일,시군구,사고내용,사망자수,중상자수,경상자수,부상신고자수,사고유형,법규위반,노면상태,기상상태,도로형태,가해운전자 차종,가해운전자 성별,가해운전자 연령,가해운전자 상해정도,피해운전자 차종,피해운전자 성별,피해운전자 연령,피해운전자 상해정도
2018102100100328,2018년 10월 21일 16시,일요일,강원도 횡성군 둔내면,경상사고,0,0,2,0,차대차 - 추돌,안전운전불이행,건조,맑음,단일로 - 터널,승합,남,54세,상해없음,승용,남,60세,경상
2018102100100371,2018년 10월 21일 17시,일요일,강원도 횡성군 횡성읍,중상사고,0,1,0,0,차대차 - 측면충돌,안전운전불이행,건조,맑음,단일로 - 기타,승용,남,58세,상해없음,승용,여,50세,중상
2018102100100406,2018년 10월 21일 18시,일요일,강원도 강릉시 홍제동,경상사고,0,0,1,0,차대차 - 기타,안전운전불이행,건조,맑음,단일로 - 기타,승용,남,49세,상해없음,이륜,남,22세,경상
2018102100100454,2018년 10월 21일 19시,일요일,강원도 원주시 단구동,경상사고,0,0,2,0,차대차 - 측면충돌,교차로운행방법위반,건조,맑음,교차로 - 교차로안,승용,남,45세,상해없음,승용,남,26세,경상
2018102100100486,2018년 10월 21일 20시,일요일,강원도 춘천시 퇴계동,경상사고,0,0,1,0,차대차 - 정면충돌,신호위반,건조,맑음,교차로 - 교차로안,승용,여,42세,상해없음,승용,여,47세,경상
2018102100100487,2018년 10월 21일 20시,일요일,강원도 강릉시 사천면,경상사고,0,0,2,0,차대차 - 추돌,안전거리미확보,건조,맑음,단일로 - 기타,승용,남,75세,기타불명,승용,남,69세,경상
2018102100100488,2018년 10월 21일 20시,일요일,강원도 고성군 거진읍,경상사고,0,0,1,0,차대차 - 추돌,안전운전불이행,건조,맑음,단일로 - 기타,승용,남,53세,상해없음,승용,여,36세,경상
2018102200100056,2018년 10월 22일 07시,월요일,강원도 원주시 문막읍,경상사고,0,0,1,0,차대차 - 측면충돌,안전운전불이행,건조,맑음,기타 - 기타,승용,남,34세,상해없음,승용,남,54세,경상
2018102200100087,2018년 10월 22일 08시,월요일,강원도 강릉시 노암동,경상사고,0,0,1,0,차대차 - 추돌,안전거리미확보,건조,맑음,교차로 - 교차로부근,승용,남,34세,상해없음,승용,여,63세,경상
2018102200100088,2018년 10월 22일 08시,월요일,강원도 동해시 평릉동,경상사고,0,0,2,0,차대차 - 추돌,안전거리미확보,건조,맑음,단일로 - 기타,승용,남,65세,상해없음,승합,여,49세,경상
2018102200100120,2018년 10월 22일 09시,월요일,강원도 원주시 흥업면,중상사고,0,1,1,0,차대차 - 측면충돌,교차로운행방법위반,건조,맑음,교차로 - 교차로안,승합,여,56세,상해없음,승용,남,81세,경상
2018102200100122,2018년 10월 22일 09시,월요일,강원도 속초시 금호동,경상사고,0,0,2,0,차대차 - 측면충돌,안전운전불이행,건조,맑음,단일로 - 기타,승용,남,29세,상해없음,승합,남,37세,상해없음
2018102200100155,2018년 10월 22일 10시,월요일,강원도 동해시 천곡동,경상사고,0,0,1,0,차대사람 - 차도통행중,안전운전불이행,건조,맑음,단일로 - 지하차도(도로)내,화물,남,55세,상해없음,보행자,여,60세,경상
2018102200100231,2018년 10월 22일 12시,월요일,강원도 원주시 중앙동,경상사고,0,0,1,0,차대차 - 추돌,안전운전불이행,건조,맑음,단일로 - 기타,화물,남,56세,상해없음,승용,여,28세,경상
2018102200100256,2018년 10월 22일 13시,월요일,강원도 양양군 손양면,사망사고,1,1,0,0,차량단독 - 전도전복 - 전도,안전운전불이행,건조,맑음,단일로 - 기타,이륜,남,64세,사망,미분류,미분류,미분류,미분류
2018102200100257,2018년 10월 22일 13시,월요일,강원도 정선군 남면,중상사고,0,1,1,0,차대차 - 추돌,안전운전불이행,건조,맑음,단일로 - 기타,승용,남,26세,기타불명,승용,남,72세,경상
2018102200100276,2018년 10월 22일 14시,월요일,강원도 강릉시 주문진읍,경상사고,0,0,1,0,차대차 - 측면충돌,안전운전불이행,건조,맑음,단일로 - 기타,승용,여,54세,상해없음,자전거,남,79세,경상
2018102200100315,2018년 10월 22일 15시,월요일,강원도 속초시 조양동,경상사고,0,0,2,0,차대차 - 추돌,안전운전불이행,건조,맑음,단일로 - 기타,이륜,남,78세,상해없음,승용,여,37세,경상
2018102200100379,2018년 10월 22일 17시,월요일,강원도 원주시 흥업면,경상사고,0,0,1,0,차대차 - 추돌,안전거리미확보,건조,맑음,교차로 - 교차로안,승용,남,31세,상해없음,승용,남,55세,경상
2018102200100380,2018년 10월 22일 17시,월요일,강원도 동해시 단봉동,경상사고,0,0,1,0,차대차 - 측면충돌,기타,건조,맑음,단일로 - 지하차도(도로)내,건설기계,남,48세,상해없음,화물,남,66세,경상
2018102200100500,2018년 10월 22일 19시,월요일,강원도 춘천시 우두동,중상사고,0,1,4,0,차대차 - 추돌,안전거리미확보,건조,맑음,단일로 - 교량,화물,남,49세,상해없음,승용,남,48세,경상
2018102200100555,2018년 10월 22일 21시,월요일,강원도 춘천시 교동,경상사고,0,0,1,0,차대사람 - 횡단중,안전운전불이행,건조,맑음,교차로 - 교차로횡단보도내,화물,남,47세,상해없음,보행자,남,25세,경상
2018102200100556,2018년 10월 22일 21시,월요일,강원도 속초시 노학동,경상사고,0,0,3,0,차대차 - 측면충돌,교차로운행방법위반,건조,맑음,교차로 - 교차로안,승용,남,24세,경상,승용,여,49세,경상
2018102300100020,2018년 10월 23일 02시,화요일,강원도 춘천시 석사동,경상사고,0,0,1,0,차대차 - 측면충돌,안전운전불이행,건조,맑음,교차로 - 교차로안,승용,남,33세,상해없음,승용,남,28세,경상
2018102300100039,2018년 10월 23일 05시,화요일,강원도 삼척시 원덕읍,경상사고,0,0,1,0,차량단독 - 공작물충돌,안전운전불이행,젖음/습기,흐림,단일로 - 기타,승용,남,24세,경상,,,,
2018102300100074,2018년 10월 23일 07시,화요일,강원도 강릉시 주문진읍,중상사고,0,1,0,0,차대차 - 측면충돌,안전운전불이행,건조,맑음,교차로 - 교차로안,화물,남,58세,상해없음,이륜,남,62세,중상
2018102300100075,2018년 10월 23일 07시,화요일,강원도 원주시 단계동,경상사고,0,0,1,0,차대차 - 측면충돌,신호위반,건조,맑음,교차로 - 교차로횡단보도내,승용,남,84세,상해없음,기타불명,여,56세,경상
2018102300100108,2018년 10월 23일 08시,화요일,강원도 원주시 관설동,중상사고,0,1,0,0,차대사람 - 차도통행중,안전운전불이행,건조,흐림,교차로 - 교차로안,승용,여,34세,상해없음,보행자,남,12세,중상
2018102300100109,2018년 10월 23일 08시,화요일,강원도 원주시 호저면,중상사고,0,1,0,0,차대차 - 측면충돌,안전운전불이행,건조,맑음,단일로 - 기타,승용,여,58세,상해없음,승용,여,44세,중상
2018102300100110,2018년 10월 23일 08시,화요일,강원도 속초시 교동,경상사고,0,0,2,0,차대차 - 측면충돌,안전운전불이행,건조,맑음,교차로 - 교차로부근,승용,남,49세,상해없음,승용,남,44세,경상
2018102300100150,2018년 10월 23일 09시,화요일,강원도 춘천시 후평동,부상신고사고,0,0,0,1,차대차 - 측면충돌,직진우회전진행방해,건조,맑음,교차로 - 교차로안,화물,남,49세,상해없음,이륜,남,23세,부상신고
2018102300100151,2018년 10월 23일 09시,화요일,강원도 강릉시 홍제동,경상사고,0,0,2,1,차대차 - 측면충돌,안전운전불이행,건조,맑음,교차로 - 교차로안,승용,남,80세,상해없음,화물,남,59세,경상
2018102300100186,2018년 10월 23일 10시,화요일,강원도 강릉시 교동,경상사고,0,0,4,0,차대차 - 측면충돌,신호위반,건조,흐림,교차로 - 교차로안,승용,남,74세,상해없음,승용,남,46세,경상
2018102300100215,2018년 10월 23일 11시,화요일,강원도 춘천시 신북읍,경상사고,0,0,2,0,차대차 - 측면충돌,신호위반,젖음/습기,비,교차로 - 교차로안,승용,남,53세,상해없음,승합,남,68세,경상
2018102300100216,2018년 10월 23일 11시,화요일,강원도 춘천시 사농동,중상사고,0,1,1,0,차대차 - 정면충돌,중앙선침범,젖음/습기,비,단일로 - 기타,승용,여,65세,상해없음,승용,여,36세,경상
2018102300100217,2018년 10월 23일 11시,화요일,강원도 춘천시 우두동,경상사고,0,0,1,0,차대차 - 측면충돌,안전거리미확보,젖음/습기,비,교차로 - 교차로안,승용,남,49세,상해없음,승용,여,42세,경상
2018102300100218,2018년 10월 23일 11시,화요일,강원도 평창군 대관령면,경상사고,0,0,2,0,차대차 - 측면충돌,안전운전불이행,건조,맑음,교차로 - 교차로부근,화물,남,57세,경상,승용,여,33세,경상
2018102300100248,2018년 10월 23일 12시,화요일,강원도 춘천시 운교동,중상사고,0,1,0,0,차대사람 - 횡단중,안전운전불이행,젖음/습기,비,교차로 - 교차로안,승용,남,50세,상해없음,보행자,여,65세,중상
2018102300100273,2018년 10월 23일 13시,화요일,강원도 춘천시 옥천동,경상사고,0,0,1,0,차대차 - 후진중충돌,안전운전불이행,건조,맑음,단일로 - 기타,화물,남,48세,기타불명,승용,남,54세,경상
2018102300100274,2018년 10월 23일 13시,화요일,강원도 원주시 단구동,경상사고,0,0,4,0,차대차 - 측면충돌,신호위반,젖음/습기,비,교차로 - 교차로안,승용,남,70세,상해없음,승용,남,30세,경상
2018102300100328,2018년 10월 23일 15시,화요일,강원도 인제군 인제읍,중상사고,0,1,0,0,차대차 - 정면충돌,중앙선침범,건조,맑음,단일로 - 기타,승합,남,22세,상해없음,승용,남,57세,중상
2018102300100394,2018년 10월 23일 17시,화요일,강원도 원주시 원동,사망사고,1,0,0,0,차대사람 - 길가장자리구역통행중,안전운전불이행,젖음/습기,흐림,주차장 - 주차장,화물,남,20세,상해없음,보행자,여,88세,사망
2018102300100395,2018년 10월 23일 17시,화요일,강원도 원주시 학성동,경상사고,0,0,1,0,차대차 - 측면충돌,안전운전불이행,건조,맑음,교차로 - 교차로안,승용,여,26세,상해없음,승용,남,55세,경상
2018102300100513,2018년 10월 23일 19시,화요일,강원도 인제군 북면,경상사고,0,0,4,0,차대차 - 측면충돌,안전운전불이행,건조,맑음,단일로 - 기타,승용,여,60세,상해없음,승용,남,81세,경상
2018102300100546,2018년 10월 23일 20시,화요일,강원도 강릉시 내곡동,경상사고,0,0,1,0,차대차 - 정면충돌,중앙선침범,건조,맑음,단일로 - 기타,승용,남,49세,상해없음,이륜,남,27세,경상
2018102300100547,2018년 10월 23일 20시,화요일,강원도 고성군 죽왕면,경상사고,0,0,1,0,차대차 - 추돌,안전운전불이행,건조,맑음,교차로 - 교차로부근,승용,남,55세,상해없음,화물,남,43세,경상
2018102300100593,2018년 10월 23일 22시,화요일,강원도 춘천시 동내면,경상사고,0,0,1,0,차대차 - 추돌,안전운전불이행,건조,맑음,단일로 - 기타,승용,여,23세,상해없음,승용,남,43세,경상
2018102300100613,2018년 10월 23일 23시,화요일,강원도 춘천시 후평동,중상사고,0,1,0,0,차대사람 - 기타,안전운전불이행,건조,맑음,단일로 - 기타,화물,남,26세,상해없음,보행자,남,60세,중상
2018102400100014,2018년 10월 24일 01시,수요일,강원도 원주시 단계동,중상사고,0,1,0,0,차대차 - 측면충돌,신호위반,건조,맑음,교차로 - 교차로안,승용,남,46세,상해없음,이륜,남,50세,중상
2018102400100116,2018년 10월 24일 08시,수요일,강원도 춘천시 효자동,경상사고,0,0,1,0,차대차 - 측면충돌,교차로운행방법위반,건조,맑음,교차로 - 교차로안,승용,여,49세,상해없음,승용,남,52세,경상
2018102400100117,2018년 10월 24일 08시,수요일,강원도 동해시 부곡동,중상사고,0,1,0,0,차대차 - 측면충돌,중앙선침범,건조,맑음,교차로 - 교차로부근,승용,남,76세,상해없음,승용,여,36세,중상
2018102400100169,2018년 10월 24일 09시,수요일,강원도 춘천시 소양로1가,경상사고,0,0,2,0,차대차 - 측면충돌,차로위반,건조,맑음,교차로 - 교차로부근,화물,남,53세,상해없음,화물,남,40세,경상
2018102400100239,2018년 10월 24일 11시,수요일,강원도 원주시 문막읍,중상사고,0,2,1,0,차대차 - 측면충돌,안전운전불이행,건조,맑음,교차로 - 교차로안,화물,남,81세,상해없음,승용,남,58세,중상
2018102400100240,2018년 10월 24일 11시,수요일,강원도 속초시 설악동,경상사고,0,0,4,0,차대차 - 측면충돌,안전운전불이행,건조,맑음,단일로 - 지하차도(도로)내,승합,여,54세,상해없음,승용,남,39세,경상
2018102400100241,2018년 10월 24일 11시,수요일,강원도 횡성군 횡성읍,경상사고,0,0,1,0,차대사람 - 차도통행중,안전운전불이행,건조,맑음,단일로 - 기타,승용,남,75세,상해없음,보행자,남,42세,경상
2018102400100265,2018년 10월 24일 12시,수요일,강원도 철원군 동송읍,경상사고,0,0,1,0,차대사람 - 기타,안전운전불이행,건조,맑음,단일로 - 기타,농기계,남,56세,상해없음,보행자,남,65세,경상
2018102400100305,2018년 10월 24일 13시,수요일,강원도 원주시 호저면,경상사고,0,0,2,0,차대차 - 측면충돌,안전거리미확보,건조,맑음,교차로 - 교차로부근,승용,여,46세,상해없음,승용,남,22세,경상
2018102400100355,2018년 10월 24일 14시,수요일,강원도 춘천시 동면,경상사고,0,0,1,0,차대차 - 기타,교차로운행방법위반,건조,맑음,교차로 - 교차로안,승용,남,63세,상해없음,승용,여,48세,경상
2018102400100356,2018년 10월 24일 14시,수요일,강원도 횡성군 횡성읍,중상사고,0,1,0,0,차대차 - 측면충돌,중앙선침범,건조,맑음,단일로 - 기타,승용,여,55세,상해없음,이륜,남,83세,중상
2018102400100436,2018년 10월 24일 16시,수요일,강원도 원주시 단계동,경상사고,0,0,1,0,차대사람 - 길가장자리구역통행중,안전운전불이행,건조,맑음,교차로 - 교차로부근,승용,남,61세,상해없음,보행자,남,29세,경상
2018102400100437,2018년 10월 24일 16시,수요일,강원도 원주시 단계동,경상사고,0,0,2,0,차대차 - 측면충돌,교차로운행방법위반,건조,맑음,교차로 - 교차로안,승용,남,62세,상해없음,승용,여,34세,경상
2018102400100545,2018년 10월 24일 18시,수요일,강원도 춘천시 후평동,중상사고,0,1,0,0,차대사람 - 횡단중,안전운전불이행,건조,맑음,교차로 - 교차로안,승용,남,56세,상해없음,보행자,남,54세,중상
2018102400100546,2018년 10월 24일 18시,수요일,강원도 홍천군 홍천읍,경상사고,0,0,1,0,차대차 - 추돌,안전거리미확보,건조,맑음,교차로 - 교차로부근,화물,남,52세,상해없음,승용,남,63세,경상
2018102400100650,2018년 10월 24일 20시,수요일,강원도 속초시 조양동,경상사고,0,0,1,0,차대차 - 측면충돌,안전운전불이행,건조,맑음,교차로 - 교차로부근,승용,남,28세,상해없음,이륜,남,44세,경상
2018102400100681,2018년 10월 24일 21시,수요일,강원도 강릉시 노암동,경상사고,0,0,1,0,차대차 - 기타,신호위반,건조,맑음,교차로 - 교차로안,승용,여,61세,상해없음,승용,여,41세,경상
2018102400100682,2018년 10월 24일 21시,수요일,강원도 원주시 단계동,경상사고,0,0,1,0,차대차 - 측면충돌,안전거리미확보,건조,맑음,교차로 - 교차로부근,승용,여,48세,상해없음,승용,여,58세,경상
2018102400100715,2018년 10월 24일 22시,수요일,강원도 춘천시 근화동,경상사고,0,0,2,0,차대차 - 측면충돌,교차로운행방법위반,건조,맑음,교차로 - 교차로안,승용,남,67세,상해없음,승용,남,65세,경상
2018102400100716,2018년 10월 24일 22시,수요일,강원도 평창군 대관령면,중상사고,0,1,2,0,차대차 - 측면충돌,안전운전불이행,건조,맑음,교차로 - 교차로안,승용,남,61세,상해없음,승용,남,75세,중상
2018102400100740,2018년 10월 24일 23시,수요일,강원도 원주시 단구동,경상사고,0,0,1,0,차대사람 - 횡단중,안전거리미확보,건조,맑음,단일로 - 기타,승용,남,64세,상해없음,보행자,남,69세,경상
2018102500100003,2018년 10월 25일 00시,목요일,강원도 강릉시 교동,중상사고,0,1,1,0,차대차 - 기타,신호위반,건조,맑음,교차로 - 교차로안,승용,여,41세,상해없음,승용,남,76세,중상
2018102500100033,2018년 10월 25일 03시,목요일,강원도 원주시 단구동,경상사고,0,0,3,0,차대차 - 측면충돌,신호위반,건조,맑음,교차로 - 교차로안,승용,남,70세,경상,승용,남,53세,경상
2018102500100056,2018년 10월 25일 06시,목요일,강원도 속초시 영랑동,사망사고,1,0,0,0,차대사람 - 횡단중,안전운전불이행,건조,맑음,단일로 - 기타,화물,남,26세,상해없음,보행자,여,84세,사망
2018102500100128,2018년 10월 25일 08시,목요일,강원도 원주시 단구동,경상사고,0,0,2,0,차대사람 - 횡단중,보행자보호의무위반,건조,맑음,교차로 - 교차로안,승합,남,74세,상해없음,보행자,남,6세,경상
2018102500100213,2018년 10월 25일 10시,목요일,강원도 원주시 일산동,경상사고,0,0,2,0,차대차 - 측면충돌,안전운전불이행,건조,맑음,교차로 - 교차로안,화물,남,66세,상해없음,승합,남,64세,경상
2018102500100248,2018년 10월 25일 11시,목요일,강원도 원주시 단계동,중상사고,0,2,0,0,차대차 - 측면충돌,안전운전불이행,건조,맑음,교차로 - 교차로안,승용,여,36세,상해없음,승용,남,28세,중상
2018102500100249,2018년 10월 25일 11시,목요일,강원도 동해시 발한동,경상사고,0,0,1,0,차대차 - 기타,안전운전불이행,건조,맑음,단일로 - 기타,승용,남,59세,상해없음,승합,남,38세,상해없음
2018102500100284,2018년 10월 25일 12시,목요일,강원도 강릉시 포남동,중상사고,0,1,0,0,차대사람 - 기타,안전운전불이행,건조,맑음,단일로 - 기타,승용,남,66세,상해없음,보행자,여,74세,중상
2018102500100286,2018년 10월 25일 12시,목요일,강원도 양양군 양양읍,경상사고,0,0,1,1,차대차 - 추돌,안전운전불이행,건조,맑음,교차로 - 교차로안,승용,남,78세,상해없음,승용,여,72세,경상
2018102500100317,2018년 10월 25일 13시,목요일,강원도 원주시 단계동,경상사고,0,0,1,0,차대차 - 측면충돌,안전운전불이행,건조,맑음,단일로 - 기타,화물,남,43세,상해없음,특수,남,43세,경상
2018102500100318,2018년 10월 25일 13시,목요일,강원도 정선군 북평면,중상사고,0,1,1,0,차대차 - 측면충돌,중앙선침범,건조,맑음,단일로 - 기타,화물,남,63세,경상,승용,남,40세,중상
2018102500100344,2018년 10월 25일 14시,목요일,강원도 춘천시 중앙로3가,경상사고,0,0,1,0,차대사람 - 횡단중,보행자보호의무위반,건조,맑음,단일로 - 기타,승용,남,66세,상해없음,보행자,여,80세,경상
2018102500100345,2018년 10월 25일 14시,목요일,강원도 원주시 단계동,경상사고,0,0,1,0,차대차 - 기타,안전운전불이행,건조,맑음,교차로 - 교차로안,승합,남,54세,상해없음,이륜,남,68세,경상
2018102500100346,2018년 10월 25일 14시,목요일,강원도 속초시 동명동,중상사고,0,1,0,0,차량단독 - 공작물충돌,안전운전불이행,건조,맑음,교차로 - 교차로안,승용,남,74세,중상,,,,
2018102500100347,2018년 10월 25일 14시,목요일,강원도 속초시 조양동,경상사고,0,0,1,0,차대사람 - 횡단중,보행자보호의무위반,건조,맑음,교차로 - 교차로횡단보도내,승용,남,67세,상해없음,보행자,남,9세,경상
2018102500100387,2018년 10월 25일 15시,목요일,강원도 춘천시 석사동,경상사고,0,0,1,0,차대차 - 측면충돌,신호위반,건조,맑음,교차로 - 교차로안,승용,남,74세,상해없음,이륜,남,42세,경상
2018102500100388,2018년 10월 25일 15시,목요일,강원도 영월군 영월읍,경상사고,0,0,1,1,차대차 - 정면충돌,중앙선침범,건조,맑음,단일로 - 지하차도(도로)내,승용,여,54세,부상신고,화물,남,43세,경상
2018102500100437,2018년 10월 25일 16시,목요일,강원도 춘천시 퇴계동,경상사고,0,0,1,0,차대차 - 측면충돌,직진우회전진행방해,건조,맑음,교차로 - 교차로안,승용,여,57세,상해없음,승용,남,47세,경상
2018102500100438,2018년 10월 25일 16시,목요일,강원도 양양군 서면,중상사고,0,3,0,0,차대차 - 측면충돌,안전운전불이행,건조,맑음,단일로 - 기타,승용,여,68세,상해없음,승용,남,74세,상해없음
2018102500100439,2018년 10월 25일 16시,목요일,강원도 정선군 정선읍,중상사고,0,1,1,0,차대차 - 측면충돌,기타,건조,맑음,교차로 - 교차로부근,화물,남,59세,상해없음,이륜,남,79세,경상
2018102500100479,2018년 10월 25일 17시,목요일,강원도 원주시 태장동,경상사고,0,0,1,0,차대차 - 측면충돌,신호위반,건조,맑음,교차로 - 교차로안,승용,남,59세,상해없음,승용,남,21세,경상
2018102500100480,2018년 10월 25일 17시,목요일,강원도 원주시 부론면,중상사고,0,1,0,0,차대차 - 추돌,안전거리미확보,건조,맑음,단일로 - 기타,화물,남,70세,상해없음,특수,남,47세,중상
2018102500100481,2018년 10월 25일 17시,목요일,강원도 양구군 양구읍,경상사고,0,0,1,0,차대차 - 기타,중앙선침범,건조,맑음,단일로 - 기타,승용,여,57세,상해없음,승용,남,25세,경상
2018102500100482,2018년 10월 25일 17시,목요일,강원도 동해시 발한동,경상사고,0,0,1,0,차대차 - 기타,기타,건조,맑음,교차로 - 교차로안,승용,남,52세,상해없음,승용,남,75세,경상
2018102500100532,2018년 10월 25일 18시,목요일,강원도 춘천시 석사동,경상사고,0,0,2,0,차대차 - 측면충돌,교차로운행방법위반,건조,맑음,단일로 - 기타,승용,여,59세,상해없음,승용,남,35세,경상
2018102500100533,2018년 10월 25일 18시,목요일,강원도 춘천시 퇴계동,경상사고,0,0,2,0,차대차 - 측면충돌,교차로운행방법위반,건조,맑음,교차로 - 교차로안,승용,여,33세,상해없음,승용,남,20세,경상
2018102500100534,2018년 10월 25일 18시,목요일,강원도 양양군 강현면,중상사고,0,2,0,0,차대차 - 측면충돌,차로위반,건조,맑음,단일로 - 기타,화물,남,67세,상해없음,승용,남,59세,중상
2018102500100535,2018년 10월 25일 18시,목요일,강원도 삼척시 정상동,중상사고,0,1,2,0,차대차 - 측면충돌,중앙선침범,건조,맑음,단일로 - 기타,화물,남,57세,상해없음,승용,남,26세,경상
2018102500100536,2018년 10월 25일 18시,목요일,강원도 홍천군 홍천읍,경상사고,0,0,1,0,차대차 - 정면충돌,직진우회전진행방해,건조,맑음,교차로 - 교차로안,승용,여,47세,상해없음,이륜,남,16세,경상
2018102500100633,2018년 10월 25일 20시,목요일,강원도 춘천시 석사동,중상사고,0,1,0,0,차대차 - 측면충돌,안전거리미확보,건조,맑음,단일로 - 기타,승용,남,55세,기타불명,승용,남,61세,중상
2018102600100019,2018년 10월 26일 01시,금요일,강원도 원주시 단구동,중상사고,0,1,0,0,차량단독 - 공작물충돌,안전운전불이행,건조,맑음,교차로 - 교차로안,승용,여,41세,중상,,,,
2018102600100089,2018년 10월 26일 07시,금요일,강원도 원주시 단구동,경상사고,0,0,2,0,차대차 - 측면충돌,신호위반,건조,맑음,교차로 - 교차로안,승용,여,45세,상해없음,승용,여,41세,경상
2018102600100117,2018년 10월 26일 08시,금요일,강원도 춘천시 석사동,중상사고,0,1,0,0,차대차 - 기타,안전거리미확보,건조,맑음,단일로 - 기타,화물,남,51세,상해없음,승용,여,41세,중상
2018102600100118,2018년 10월 26일 08시,금요일,강원도 강릉시 노암동,경상사고,0,0,1,0,차대차 - 측면충돌,안전운전불이행,건조,맑음,단일로 - 기타,화물,남,54세,상해없음,이륜,남,70세,경상
2018102600100151,2018년 10월 26일 09시,금요일,강원도 강릉시 연곡면,중상사고,0,1,1,0,차대차 - 측면충돌,안전운전불이행,건조,맑음,교차로 - 교차로안,이륜,남,76세,중상,승용,여,44세,경상
2018102600100152,2018년 10월 26일 09시,금요일,강원도 강릉시 성산면,경상사고,0,0,2,0,차대차 - 측면충돌,중앙선침범,건조,맑음,단일로 - 기타,건설기계,남,50세,상해없음,화물,남,39세,경상
2018102600100153,2018년 10월 26일 09시,금요일,강원도 태백시 문곡동,중상사고,0,1,0,0,차량단독 - 공작물충돌,안전운전불이행,젖음/습기,흐림,단일로 - 기타,승용,남,56세,상해없음,,,,
2018102600100264,2018년 10월 26일 13시,금요일,강원도 홍천군 남면,경상사고,0,0,3,0,차대차 - 기타,교차로운행방법위반,젖음/습기,비,교차로 - 교차로안,화물,남,63세,상해없음,승용,남,19세,경상
2018102600100265,2018년 10월 26일 13시,금요일,강원도 태백시 통동,중상사고,0,1,0,0,차대사람 - 보도통행중,안전운전불이행,건조,맑음,단일로 - 기타,승용,남,64세,상해없음,보행자,여,72세,중상
2018102600100266,2018년 10월 26일 13시,금요일,강원도 정선군 임계면,경상사고,0,0,2,0,차대차 - 정면충돌,중앙선침범,젖음/습기,비,단일로 - 기타,승용,남,70세,상해없음,승용,남,64세,경상
2018102600100296,2018년 10월 26일 14시,금요일,강원도 춘천시 옥천동,경상사고,0,0,1,0,차대사람 - 기타,안전운전불이행,젖음/습기,비,단일로 - 기타,승용,남,51세,상해없음,보행자,여,21세,경상
2018102600100297,2018년 10월 26일 14시,금요일,강원도 속초시 노학동,경상사고,0,0,1,0,차대차 - 추돌,안전운전불이행,건조,맑음,단일로 - 기타,승용,남,47세,상해없음,승용,남,49세,경상
2018102600100338,2018년 10월 26일 15시,금요일,강원도 평창군 평창읍,경상사고,0,0,1,0,차대차 - 추돌,안전운전불이행,젖음/습기,비,교차로 - 교차로부근,승용,남,72세,상해없음,화물,남,52세,경상
2018102600100413,2018년 10월 26일 17시,금요일,강원도 춘천시 온의동,중상사고,0,1,0,0,차대차 - 측면충돌,신호위반,건조,맑음,교차로 - 교차로안,화물,남,40세,상해없음,이륜,남,28세,중상
2018102600100414,2018년 10월 26일 17시,금요일,강원도 원주시 태장동,중상사고,0,2,0,0,차대차 - 추돌,교차로운행방법위반,젖음/습기,맑음,단일로 - 기타,승용,남,42세,상해없음,승용,남,64세,중상
2018102600100464,2018년 10월 26일 18시,금요일,강원도 춘천시 퇴계동,중상사고,0,1,1,0,차대차 - 측면충돌,안전운전불이행,건조,맑음,교차로 - 교차로안,승용,남,35세,상해없음,승합,남,60세,중상
2018102600100550,2018년 10월 26일 19시,금요일,강원도 춘천시 온의동,경상사고,0,0,1,0,차대사람 - 횡단중,보행자보호의무위반,젖음/습기,비,교차로 - 교차로횡단보도내,승용,남,66세,상해없음,보행자,남,23세,경상
2018102600100551,2018년 10월 26일 19시,금요일,강원도 춘천시 동면,경상사고,0,0,3,0,차대차 - 측면충돌,신호위반,젖음/습기,흐림,교차로 - 교차로안,승용,남,37세,상해없음,승합,여,39세,경상
2018102600100552,2018년 10월 26일 19시,금요일,강원도 원주시 단구동,경상사고,0,0,2,0,차대차 - 측면충돌,신호위반,건조,맑음,교차로 - 교차로안,승용,남,60세,상해없음,승용,남,59세,경상
2018102600100553,2018년 10월 26일 19시,금요일,강원도 원주시 무실동,중상사고,0,1,0,0,차대차 - 측면충돌,신호위반,건조,맑음,교차로 - 교차로안,승용,남,60세,상해없음,이륜,남,49세,중상
2018102600100554,2018년 10월 26일 19시,금요일,강원도 속초시 교동,중상사고,0,1,2,0,차대차 - 측면충돌,직진우회전진행방해,건조,맑음,교차로 - 교차로안,승용,남,45세,상해없음,승용,남,67세,중상
2018102600100555,2018년 10월 26일 19시,금요일,강원도 원주시 호저면,중상사고,0,1,0,0,차대차 - 기타,안전운전불이행,기타,안개,단일로 - 기타,승용,여,36세,상해없음,승용,여,66세,중상
2018102600100598,2018년 10월 26일 20시,금요일,강원도 원주시 단계동,경상사고,0,0,4,0,차대차 - 측면충돌,직진우회전진행방해,건조,맑음,교차로 - 교차로안,승용,남,54세,상해없음,승용,남,58세,경상