사고번호,사고일시,요일,시군구,사고내용,사망자수,중상자수,경상자수,부상신고자수,사고유형,법규위반,노면상태,기상상태,도로형태,가해운전자 차종,가해운전자 성별,가해운전자 연령,가해운전자 상해정도,피해운전자 차종,피해운전자 성별,피해운전자 연령,피해운전자 상해정도
2018102600100638,2018년 10월 26일 21시,금요일,강원도 원주시 개운동,경상사고,0,0,2,0,차대차 - 측면충돌,안전거리미확보,건조,맑음,단일로 - 기타,승용,여,53세,상해없음,승용,남,26세,경상
2018102600100639,2018년 10월 26일 21시,금요일,강원도 속초시 금호동,경상사고,0,0,2,0,차대차 - 추돌,안전운전불이행,건조,맑음,교차로 - 교차로안,승용,남,56세,상해없음,승용,여,45세,경상
2018102700100011,2018년 10월 27일 00시,토요일,강원도 원주시 단계동,경상사고,0,0,2,0,차대차 - 측면충돌,신호위반,건조,맑음,교차로 - 교차로안,승용,여,28세,경상,승용,남,34세,경상
2018102700100064,2018년 10월 27일 03시,토요일,강원도 정선군 사북읍,경상사고,0,0,3,0,차대차 - 기타,안전운전불이행,건조,맑음,교차로 - 교차로안,승용,남,58세,상해없음,승용,남,27세,경상
2018102700100071,2018년 10월 27일 04시,토요일,강원도 원주시 귀래면,사망사고,1,0,0,1,차대차 - 추돌,안전운전불이행,젖음/습기,흐림,단일로 - 기타,승용,남,35세,사망,화물,남,41세,상해없음
2018102700100072,2018년 10월 27일 04시,토요일,강원도 원주시 판부면,중상사고,0,1,0,0,차대차 - 추돌,안전거리미확보,건조,맑음,단일로 - 기타,승용,여,58세,상해없음,승용,여,26세,중상
2018102700100097,2018년 10월 27일 06시,토요일,강원도 춘천시 동면,경상사고,0,0,4,0,차대차 - 측면충돌,안전운전불이행,젖음/습기,흐림,교차로 - 교차로안,승용,남,36세,상해없음,승합,남,56세,경상
2018102700100114,2018년 10월 27일 07시,토요일,강원도 강릉시 홍제동,경상사고,0,0,1,0,차대차 - 기타,신호위반,건조,맑음,교차로 - 교차로안,승용,남,51세,기타불명,화물,남,54세,경상
2018102700100115,2018년 10월 27일 07시,토요일,강원도 동해시 초구동,중상사고,0,1,0,0,차량단독 - 전도전복 - 전도,안전운전불이행,건조,맑음,단일로 - 기타,이륜,남,41세,중상,미분류,미분류,미분류,미분류
2018102700100178,2018년 10월 27일 09시,토요일,강원도 속초시 조양동,경상사고,0,0,1,0,차대사람 - 차도통행중,안전운전불이행,건조,맑음,단일로 - 기타,승용,남,37세,기타불명,보행자,여,49세,경상
2018102700100212,2018년 10월 27일 10시,토요일,강원도 강릉시 내곡동,경상사고,0,0,1,0,차대차 - 정면충돌,신호위반,건조,맑음,교차로 - 교차로안,승용,남,73세,상해없음,승용,여,43세,경상
2018102700100277,2018년 10월 27일 12시,토요일,강원도 춘천시 석사동,경상사고,0,0,1,0,차대차 - 정면충돌,안전운전불이행,건조,맑음,단일로 - 기타,승용,남,51세,상해없음,이륜,남,44세,경상
2018102700100278,2018년 10월 27일 12시,토요일,강원도 고성군 토성면,중상사고,0,1,0,0,차대사람 - 기타,안전운전불이행,건조,맑음,단일로 - 기타,승용,남,41세,상해없음,보행자,여,16세,중상
2018102700100307,2018년 10월 27일 13시,토요일,강원도 평창군 진부면,중상사고,0,2,2,0,차대차 - 측면충돌,안전운전불이행,건조,맑음,단일로 - 기타,승용,여,52세,상해없음,승용,남,69세,기타불명
2018102700100308,2018년 10월 27일 13시,토요일,강원도 홍천군 서면,경상사고,0,0,2,0,차대차 - 기타,안전운전불이행,건조,맑음,단일로 - 터널,승용,남,21세,상해없음,승용,여,25세,경상
2018102700100345,2018년 10월 27일 14시,토요일,강원도 춘천시 동내면,경상사고,0,0,1,0,차대사람 - 횡단중,안전운전불이행,건조,맑음,교차로 - 교차로안,승용,남,56세,상해없음,보행자,남,30세,경상
2018102700100346,2018년 10월 27일 14시,토요일,강원도 춘천시 효자동,경상사고,0,0,2,0,차대차 - 추돌,안전거리미확보,건조,맑음,교차로 - 교차로부근,승용,여,34세,상해없음,승용,여,44세,경상
2018102700100347,2018년 10월 27일 14시,토요일,강원도 영월군 중동면,경상사고,0,0,2,0,차대차 - 측면충돌,교차로운행방법위반,건조,맑음,교차로 - 교차로안,건설기계,남,41세,상해없음,승합,남,50세,상해없음
2018102700100398,2018년 10월 27일 15시,토요일,강원도 홍천군 홍천읍,중상사고,0,1,0,0,차대사람 - 기타,안전운전불이행,건조,맑음,교차로 - 교차로횡단보도내,승용,남,37세,상해없음,보행자,남,59세,중상
2018102700100438,2018년 10월 27일 16시,토요일,강원도 춘천시 사북면,경상사고,0,0,2,0,차대차 - 후진중충돌,안전운전불이행,건조,맑음,단일로 - 기타,승용,남,26세,상해없음,승용,남,32세,경상
2018102700100479,2018년 10월 27일 17시,토요일,강원도 춘천시 후평동,경상사고,0,0,1,0,차대차 - 측면충돌,안전운전불이행,건조,맑음,단일로 - 기타,승합,남,57세,상해없음,승용,남,60세,상해없음
2018102700100517,2018년 10월 27일 18시,토요일,강원도 강릉시 교동,중상사고,0,1,1,0,차대차 - 기타,신호위반,건조,맑음,교차로 - 교차로안,승용,남,72세,상해없음,승용,남,54세,경상
2018102700100518,2018년 10월 27일 18시,토요일,강원도 원주시 명륜동,경상사고,0,0,1,0,차대사람 - 길가장자리구역통행중,안전운전불이행,건조,맑음,단일로 - 기타,승용,남,25세,상해없음,보행자,여,66세,경상
2018102700100519,2018년 10월 27일 18시,토요일,강원도 삼척시 교동,경상사고,0,0,3,0,차대차 - 측면충돌,안전운전불이행,건조,맑음,단일로 - 기타,승용,여,74세,상해없음,승용,남,49세,경상
2018102700100586,2018년 10월 27일 19시,토요일,강원도 강릉시 입암동,중상사고,0,1,0,0,차대차 - 기타,안전운전불이행,건조,맑음,단일로 - 기타,승합,남,42세,상해없음,이륜,남,35세,중상
2018102700100587,2018년 10월 27일 19시,토요일,강원도 원주시 반곡동,경상사고,0,0,2,0,차대차 - 측면충돌,불법유턴,건조,맑음,교차로 - 교차로안,승용,여,37세,상해없음,승용,남,28세,경상
2018102700100625,2018년 10월 27일 20시,토요일,강원도 춘천시 우두동,경상사고,0,0,2,0,차대차 - 추돌,안전거리미확보,건조,맑음,단일로 - 기타,승용,남,55세,상해없음,승용,남,77세,경상
2018102700100626,2018년 10월 27일 20시,토요일,강원도 원주시 개운동,경상사고,0,0,2,0,차대차 - 측면충돌,안전운전불이행,건조,맑음,교차로 - 교차로안,승용,남,25세,상해없음,승용,남,32세,경상
2018102700100660,2018년 10월 27일 21시,토요일,강원도 원주시 문막읍,중상사고,0,1,0,0,차대사람 - 횡단중,보행자보호의무위반,건조,맑음,기타 - 기타,승용,남,51세,상해없음,보행자,남,62세,중상
2018102700100683,2018년 10월 27일 22시,토요일,강원도 원주시 무실동,중상사고,0,1,0,0,차대사람 - 횡단중,신호위반,건조,맑음,교차로 - 교차로안,승용,여,53세,상해없음,보행자,남,35세,중상
2018102700100684,2018년 10월 27일 22시,토요일,강원도 홍천군 홍천읍,경상사고,0,0,1,0,차대차 - 측면충돌,안전운전불이행,건조,맑음,단일로 - 기타,승용,남,30세,상해없음,승용,남,36세,경상
2018102700100708,2018년 10월 27일 23시,토요일,강원도 원주시 단계동,경상사고,0,0,1,0,차대차 - 측면충돌,안전운전불이행,건조,맑음,단일로 - 기타,승용,여,43세,상해없음,승용,남,69세,기타불명
2018102800100089,2018년 10월 28일 06시,일요일,강원도 강릉시 명주동,중상사고,0,1,0,0,차대사람 - 기타,신호위반,건조,맑음,교차로 - 교차로안,승용,남,24세,상해없음,보행자,여,77세,중상
2018102800100090,2018년 10월 28일 06시,일요일,강원도 원주시 우산동,경상사고,0,0,2,0,차대차 - 측면충돌,신호위반,젖음/습기,비,교차로 - 교차로안,승용,여,23세,상해없음,승용,여,30세,경상
2018102800100091,2018년 10월 28일 06시,일요일,강원도 원주시 지정면,경상사고,0,0,1,0,차대차 - 기타,안전운전불이행,젖음/습기,안개,단일로 - 기타,기타불명,기타불명,미분류,기타불명,승용,남,25세,경상
2018102800100117,2018년 10월 28일 08시,일요일,강원도 춘천시 근화동,중상사고,0,1,0,0,차대사람 - 기타,안전운전불이행,건조,맑음,교차로 - 교차로안,승용,남,43세,상해없음,보행자,남,48세,중상
2018102800100138,2018년 10월 28일 09시,일요일,강원도 원주시 관설동,경상사고,0,0,2,0,차대차 - 측면충돌,교차로운행방법위반,건조,맑음,교차로 - 교차로안,승용,남,70세,기타불명,화물,남,52세,경상
2018102800100139,2018년 10월 28일 09시,일요일,강원도 양양군 양양읍,경상사고,0,0,1,0,차대차 - 추돌,안전운전불이행,건조,맑음,단일로 - 기타,승용,남,21세,상해없음,승합,남,57세,상해없음
2018102800100140,2018년 10월 28일 09시,일요일,강원도 영월군 영월읍,부상신고사고,0,0,0,1,차대차 - 측면충돌,교차로운행방법위반,건조,맑음,교차로 - 교차로안,승용,남,74세,상해없음,승용,남,35세,부상신고
2018102800100163,2018년 10월 28일 10시,일요일,강원도 춘천시 소양로2가,경상사고,0,0,3,0,차대차 - 측면충돌,신호위반,젖음/습기,비,교차로 - 교차로안,승용,여,61세,상해없음,승용,남,75세,경상
2018102800100212,2018년 10월 28일 12시,일요일,강원도 동해시 천곡동,경상사고,0,0,1,0,차대차 - 측면충돌,직진우회전진행방해,건조,맑음,교차로 - 교차로안,승용,남,39세,상해없음,이륜,남,22세,경상
2018102800100326,2018년 10월 28일 16시,일요일,강원도 삼척시 도계읍,경상사고,0,0,1,0,차량단독 - 도로외이탈 - 추락,안전운전불이행,젖음/습기,비,단일로 - 기타,승용,여,22세,경상,,,,
2018102800100327,2018년 10월 28일 16시,일요일,강원도 태백시 장성동,경상사고,0,0,1,0,차대차 - 추돌,안전거리미확보,젖음/습기,비,교차로 - 교차로부근,승용,남,57세,상해없음,승합,남,47세,경상
2018102800100396,2018년 10월 28일 18시,일요일,강원도 춘천시 동내면,중상사고,0,2,0,0,차대사람 - 길가장자리구역통행중,안전운전불이행,건조,맑음,단일로 - 기타,승용,남,26세,상해없음,보행자,남,59세,중상
2018102800100397,2018년 10월 28일 18시,일요일,강원도 춘천시 우두동,경상사고,0,0,1,0,차대차 - 측면충돌,신호위반,젖음/습기,흐림,교차로 - 교차로안,승용,여,57세,상해없음,승용,남,36세,상해없음
2018102800100398,2018년 10월 28일 18시,일요일,강원도 춘천시 효자동,경상사고,0,0,1,0,차대차 - 추돌,안전운전불이행,젖음/습기,비,교차로 - 교차로부근,승용,남,46세,상해없음,승용,여,29세,경상
2018102800100399,2018년 10월 28일 18시,일요일,강원도 강릉시 포남동,경상사고,0,0,1,0,차대차 - 측면충돌,신호위반,젖음/습기,비,교차로 - 교차로안,승용,남,29세,상해없음,승용,여,48세,경상
2018102800100400,2018년 10월 28일 18시,일요일,강원도 양양군 양양읍,경상사고,0,0,1,0,차대차 - 측면충돌,안전운전불이행,젖음/습기,비,교차로 - 교차로부근,승용,여,63세,상해없음,승용,여,51세,경상
2018102800100401,2018년 10월 28일 18시,일요일,강원도 홍천군 남면,경상사고,0,0,3,0,차대차 - 추돌,안전거리미확보,젖음/습기,비,교차로 - 교차로부근,승합,남,52세,상해없음,승용,여,53세,경상
2018102800100402,2018년 10월 28일 18시,일요일,강원도 동해시 용정동,경상사고,0,0,2,0,차대차 - 추돌,안전거리미확보,젖음/습기,비,교차로 - 교차로안,화물,남,58세,상해없음,승용,남,61세,경상
2018102800100443,2018년 10월 28일 19시,일요일,강원도 춘천시 후평동,경상사고,0,0,1,0,차대차 - 측면충돌,안전운전불이행,건조,맑음,단일로 - 기타,승용,남,61세,상해없음,이륜,남,50세,경상
2018102900100034,2018년 10월 29일 05시,월요일,강원도 춘천시 온의동,경상사고,0,0,3,0,차대차 - 추돌,안전운전불이행,건조,맑음,단일로 - 기타,승합,남,51세,상해없음,화물,남,48세,경상
2018102900100053,2018년 10월 29일 06시,월요일,강원도 원주시 명륜동,경상사고,0,0,1,0,차대사람 - 횡단중,안전운전불이행,건조,맑음,교차로 - 교차로부근,승용,남,42세,상해없음,보행자,남,61세,경상
2018102900100197,2018년 10월 29일 10시,월요일,강원도 춘천시 근화동,경상사고,0,0,1,0,차대차 - 측면충돌,신호위반,건조,맑음,단일로 - 기타,승용,남,71세,상해없음,자전거,여,80세,경상
2018102900100198,2018년 10월 29일 10시,월요일,강원도 원주시 반곡동,경상사고,0,0,1,0,차대차 - 추돌,안전운전불이행,건조,맑음,단일로 - 기타,화물,남,48세,상해없음,승용,남,60세,경상
2018102900100199,2018년 10월 29일 10시,월요일,강원도 원주시 학성동,중상사고,0,3,0,0,차대사람 - 횡단중,보행자보호의무위반,건조,맑음,단일로 - 기타,이륜,남,41세,중상,보행자,여,76세,중상
2018102900100200,2018년 10월 29일 10시,월요일,강원도 속초시 조양동,경상사고,0,0,2,0,차대차 - 측면충돌,직진우회전진행방해,건조,맑음,교차로 - 교차로안,승용,남,35세,상해없음,승용,여,66세,경상
2018102900100256,2018년 10월 29일 12시,월요일,강원도 강릉시 유천동,경상사고,0,0,1,0,차대차 - 추돌,안전거리미확보,건조,맑음,단일로 - 기타,승용,남,73세,상해없음,승용,남,48세,경상
2018102900100257,2018년 10월 29일 12시,월요일,강원도 홍천군 내촌면,중상사고,0,1,0,0,차량단독 - 공작물충돌,안전운전불이행,건조,맑음,단일로 - 기타,승합,남,44세,상해없음,,,,
2018102900100258,2018년 10월 29일 12시,월요일,강원도 화천군 상서면,경상사고,0,0,1,0,차대차 - 추돌,안전운전불이행,건조,맑음,단일로 - 기타,화물,남,65세,상해없음,승용,남,34세,경상
2018102900100259,2018년 10월 29일 12시,월요일,강원도 횡성군 우천면,경상사고,0,0,2,0,차대차 - 측면충돌,안전운전불이행,건조,맑음,교차로 - 교차로부근,화물,남,60세,경상,승용,남,33세,경상
2018102900100260,2018년 10월 29일 12시,월요일,강원도 횡성군 우천면,중상사고,0,2,0,0,차대차 - 기타,안전거리미확보,건조,맑음,단일로 - 기타,특수,남,51세,상해없음,승용,남,78세,중상
2018102900100296,2018년 10월 29일 13시,월요일,강원도 춘천시 동면,경상사고,0,0,3,0,차대차 - 측면충돌,안전운전불이행,건조,맑음,단일로 - 기타,승용,남,66세,상해없음,승용,여,53세,경상
2018102900100297,2018년 10월 29일 13시,월요일,강원도 원주시 우산동,경상사고,0,0,1,0,차대차 - 측면충돌,안전운전불이행,건조,맑음,교차로 - 교차로안,승용,여,47세,상해없음,승용,여,44세,경상
2018102900100326,2018년 10월 29일 14시,월요일,강원도 강릉시 성산면,중상사고,0,1,0,0,차대차 - 측면충돌,과속,건조,맑음,교차로 - 교차로안,화물,남,59세,상해없음,농기계,남,76세,중상
2018102900100419,2018년 10월 29일 16시,월요일,강원도 춘천시 교동,경상사고,0,0,1,0,차대사람 - 횡단중,보행자보호의무위반,건조,맑음,교차로 - 교차로부근,승용,남,51세,상해없음,보행자,여,20세,경상
2018102900100420,2018년 10월 29일 16시,월요일,강원도 원주시 단구동,중상사고,0,1,1,0,차대차 - 정면충돌,중앙선침범,건조,맑음,단일로 - 기타,승용,남,80세,상해없음,승용,남,60세,중상
2018102900100421,2018년 10월 29일 16시,월요일,강원도 홍천군 서석면,중상사고,0,2,1,0,차량단독 - 전도전복 - 전도,안전운전불이행,건조,맑음,단일로 - 기타,승용,여,51세,중상,미분류,미분류,미분류,미분류
2018102900100459,2018년 10월 29일 17시,월요일,강원도 속초시 동명동,경상사고,0,0,1,0,차대차 - 측면충돌,안전운전불이행,건조,맑음,단일로 - 기타,승합,남,58세,상해없음,승용,여,43세,경상
2018102900100512,2018년 10월 29일 18시,월요일,강원도 원주시 흥업면,중상사고,0,1,0,0,차대차 - 기타,안전운전불이행,건조,맑음,단일로 - 기타,화물,남,41세,상해없음,화물,남,55세,상해없음
2018102900100513,2018년 10월 29일 18시,월요일,강원도 원주시 흥업면,경상사고,0,0,1,0,차대차 - 측면충돌,안전운전불이행,건조,맑음,교차로 - 교차로안,승용,남,53세,상해없음,승용,남,61세,경상
2018102900100514,2018년 10월 29일 18시,월요일,강원도 원주시 우산동,중상사고,0,1,1,0,차대차 - 측면충돌,교차로운행방법위반,건조,맑음,교차로 - 교차로안,승용,남,51세,상해없음,승용,남,29세,중상
2018102900100515,2018년 10월 29일 18시,월요일,강원도 삼척시 남양동,경상사고,0,0,1,0,차대차 - 정면충돌,중앙선침범,건조,맑음,교차로 - 교차로부근,화물,남,32세,상해없음,승용,여,51세,경상
2018102900100583,2018년 10월 29일 19시,월요일,강원도 춘천시 동내면,경상사고,0,0,1,0,차대차 - 측면충돌,교차로운행방법위반,건조,맑음,교차로 - 교차로안,승용,여,60세,상해없음,승용,여,30세,경상
2018102900100584,2018년 10월 29일 19시,월요일,강원도 삼척시 원덕읍,경상사고,0,0,1,0,차대차 - 측면충돌,안전거리미확보,건조,맑음,단일로 - 기타,특수,남,59세,상해없음,승용,남,38세,경상
2018102900100585,2018년 10월 29일 19시,월요일,강원도 화천군 사내면,경상사고,0,0,1,0,차대차 - 후진중충돌,중앙선침범,건조,흐림,단일로 - 기타,화물,남,37세,상해없음,승용,남,30세,경상
2018102900100679,2018년 10월 29일 23시,월요일,강원도 원주시 무실동,중상사고,0,1,0,0,차대차 - 기타,안전운전불이행,건조,맑음,단일로 - 기타,승용,남,32세,중상,승용,남,25세,상해없음
2018102900100680,2018년 10월 29일 23시,월요일,강원도 삼척시 정상동,중상사고,0,1,1,0,차대차 - 측면충돌,안전운전불이행,건조,맑음,단일로 - 기타,이륜,남,21세,경상,승용,남,24세,상해없음
2018103000100063,2018년 10월 30일 06시,화요일,강원도 춘천시 퇴계동,경상사고,0,0,1,0,차대사람 - 횡단중,보행자보호의무위반,건조,맑음,단일로 - 기타,승용,남,54세,상해없음,보행자,남,47세,경상
2018103000100084,2018년 10월 30일 07시,화요일,강원도 원주시 일산동,경상사고,0,0,1,0,차대차 - 측면충돌,안전운전불이행,건조,맑음,교차로 - 교차로안,화물,남,50세,상해없음,승용,남,61세,상해없음
2018103000100119,2018년 10월 30일 08시,화요일,강원도 춘천시 근화동,경상사고,0,0,2,0,차대차 - 측면충돌,교차로운행방법위반,건조,맑음,교차로 - 교차로안,승용,남,49세,기타불명,승합,남,55세,경상
2018103000100174,2018년 10월 30일 09시,화요일,강원도 원주시 흥업면,경상사고,0,0,3,1,차대차 - 측면충돌,중앙선침범,건조,맑음,단일로 - 기타,화물,남,56세,상해없음,승용,여,43세,경상
2018103000100206,2018년 10월 30일 10시,화요일,강원도 속초시 교동,경상사고,0,0,1,0,차대차 - 추돌,안전운전불이행,건조,맑음,단일로 - 기타,승용,남,48세,상해없음,승용,여,47세,경상
2018103000100207,2018년 10월 30일 10시,화요일,강원도 고성군 죽왕면,경상사고,0,0,1,0,차대차 - 추돌,안전운전불이행,건조,맑음,교차로 - 교차로부근,승용,여,59세,상해없음,승용,남,77세,상해없음
2018103000100240,2018년 10월 30일 11시,화요일,강원도 태백시 장성동,중상사고,0,1,0,0,차대차 - 측면충돌,안전운전불이행,건조,맑음,단일로 - 기타,승용,남,46세,상해없음,승용,남,56세,중상
2018103000100273,2018년 10월 30일 12시,화요일,강원도 강릉시 연곡면,중상사고,0,1,0,0,차량단독 - 공작물충돌,안전운전불이행,건조,맑음,교차로 - 교차로부근,승용,남,80세,상해없음,,,,
2018103000100274,2018년 10월 30일 12시,화요일,강원도 삼척시 사직동,경상사고,0,0,1,0,차대차 - 측면충돌,안전운전불이행,건조,맑음,교차로 - 교차로부근,승용,남,60세,상해없음,화물,남,37세,경상
2018103000100304,2018년 10월 30일 13시,화요일,강원도 춘천시 근화동,경상사고,0,0,2,0,차대차 - 추돌,안전거리미확보,건조,맑음,단일로 - 기타,승용,남,67세,경상,승용,여,44세,상해없음
2018103000100344,2018년 10월 30일 14시,화요일,강원도 원주시 단계동,경상사고,0,0,2,0,차대차 - 측면충돌,안전거리미확보,건조,맑음,교차로 - 교차로부근,승용,여,56세,상해없음,승용,여,60세,경상
2018103000100345,2018년 10월 30일 14시,화요일,강원도 철원군 동송읍,경상사고,0,0,1,0,차대차 - 측면충돌,안전운전불이행,건조,맑음,교차로 - 교차로부근,승용,남,40세,상해없음,자전거,남,10세,경상
2018103000100375,2018년 10월 30일 15시,화요일,강원도 춘천시 퇴계동,경상사고,0,0,1,0,차대차 - 측면충돌,안전거리미확보,건조,맑음,교차로 - 교차로부근,승용,남,73세,상해없음,승용,여,32세,경상
2018103000100376,2018년 10월 30일 15시,화요일,강원도 홍천군 내촌면,부상신고사고,0,0,0,1,차량단독 - 기타,안전운전불이행,건조,맑음,단일로 - 기타,사륜오토바이(ATV),남,80세,부상신고,,,,
2018103000100377,2018년 10월 30일 15시,화요일,강원도 동해시 이도동,경상사고,0,0,1,0,차대차 - 측면충돌,안전운전불이행,건조,맑음,단일로 - 기타,승용,여,53세,상해없음,승합,여,59세,경상
2018103000100415,2018년 10월 30일 16시,화요일,강원도 속초시 교동,경상사고,0,0,1,0,차대사람 - 횡단중,보행자보호의무위반,건조,맑음,교차로 - 교차로횡단보도내,승용,남,46세,상해없음,보행자,여,70세,경상
2018103000100509,2018년 10월 30일 18시,화요일,강원도 춘천시 교동,경상사고,0,0,3,0,차대차 - 추돌,안전거리미확보,건조,맑음,단일로 - 기타,승용,여,58세,상해없음,승용,남,52세,경상
2018103000100510,2018년 10월 30일 18시,화요일,강원도 강릉시 교동,경상사고,0,0,2,0,차대차 - 측면충돌,신호위반,건조,맑음,교차로 - 교차로안,승용,남,23세,상해없음,승용,남,46세,경상
2018103000100511,2018년 10월 30일 18시,화요일,강원도 원주시 단구동,경상사고,0,0,1,0,차대차 - 측면충돌,교차로운행방법위반,건조,맑음,교차로 - 교차로안,승용,남,53세,상해없음,원동기,여,49세,경상
2018103000100512,2018년 10월 30일 18시,화요일,강원도 철원군 동송읍,중상사고,0,1,3,0,차대차 - 측면충돌,안전운전불이행,건조,흐림,단일로 - 기타,승용,남,65세,경상,승용,여,47세,경상
2018103100100009,2018년 10월 31일 00시,수요일,강원도 동해시 평릉동,경상사고,0,0,3,0,차대차 - 추돌,안전운전불이행,건조,맑음,교차로 - 교차로부근,승용,여,30세,상해없음,승용,남,22세,경상
2018103100100083,2018년 10월 31일 07시,수요일,강원도 춘천시 동면,경상사고,0,0,1,0,차대차 - 기타,안전운전불이행,건조,맑음,교차로 - 교차로부근,승용,남,48세,상해없음,승용,여,30세,경상
2018103100100084,2018년 10월 31일 07시,수요일,강원도 춘천시 동산면,경상사고,0,0,1,1,차대차 - 기타,직진우회전진행방해,건조,맑음,교차로 - 교차로안,승용,남,79세,경상,화물,남,60세,부상신고
2018103100100085,2018년 10월 31일 07시,수요일,강원도 강릉시 송정동,경상사고,0,0,1,0,차대사람 - 횡단중,보행자보호의무위반,건조,맑음,교차로 - 교차로횡단보도내,승용,남,42세,상해없음,보행자,남,62세,경상
2018103100100115,2018년 10월 31일 08시,수요일,강원도 원주시 학성동,부상신고사고,0,0,0,1,차량단독 - 기타,안전운전불이행,건조,맑음,기타 - 기타,승합,남,62세,상해없음,,,,
2018103100100156,2018년 10월 31일 09시,수요일,강원도 강릉시 포남동,경상사고,0,0,1,0,차대사람 - 기타,안전운전불이행,건조,맑음,기타 - 기타,화물,남,61세,상해없음,보행자,남,52세,경상
2018103100100222,2018년 10월 31일 11시,수요일,강원도 삼척시 하장면,중상사고,0,1,1,0,차량단독 - 기타,안전운전불이행,건조,맑음,교차로 - 교차로안,화물,남,71세,경상,,,,
2018103100100255,2018년 10월 31일 12시,수요일,강원도 홍천군 서석면,중상사고,0,1,0,0,차대차 - 측면충돌,안전운전불이행,건조,맑음,단일로 - 기타,화물,남,65세,상해없음,사륜오토바이(ATV),남,85세,중상
2018103100100396,2018년 10월 31일 16시,수요일,강원도 춘천시 신북읍,경상사고,0,0,2,0,차대차 - 측면충돌,직진우회전진행방해,건조,맑음,교차로 - 교차로안,승용,남,55세,경상,승용,여,56세,경상
2018103100100397,2018년 10월 31일 16시,수요일,강원도 양구군 해안면,경상사고,0,0,1,0,차대차 - 측면충돌,안전운전불이행,건조,맑음,교차로 - 교차로안,화물,남,62세,상해없음,승용,여,52세,경상
2018103100100487,2018년 10월 31일 18시,수요일,강원도 원주시 태장동,중상사고,0,1,0,0,차대차 - 추돌,안전거리미확보,건조,맑음,교차로 - 교차로부근,승용,남,28세,상해없음,승합,남,33세,중상
2018103100100488,2018년 10월 31일 18시,수요일,강원도 홍천군 홍천읍,경상사고,0,0,1,0,차대차 - 기타,기타,건조,맑음,단일로 - 기타,승용,여,34세,상해없음,자전거,남,83세,경상
2018103100100489,2018년 10월 31일 18시,수요일,강원도 태백시 황지동,중상사고,0,1,0,0,차대사람 - 차도통행중,안전운전불이행,건조,맑음,교차로 - 교차로부근,승용,남,57세,상해없음,보행자,남,52세,중상
2018103100100490,2018년 10월 31일 18시,수요일,강원도 양구군 양구읍,중상사고,0,1,0,0,차대차 - 측면충돌,안전운전불이행,건조,맑음,교차로 - 교차로안,승합,남,57세,상해없음,자전거,남,14세,중상
2018103100100566,2018년 10월 31일 19시,수요일,강원도 속초시 동명동,경상사고,0,0,1,0,차대사람 - 횡단중,안전운전불이행,건조,맑음,단일로 - 기타,승용,여,44세,상해없음,보행자,남,55세,경상
2018103100100567,2018년 10월 31일 19시,수요일,강원도 동해시 북평동,경상사고,0,0,1,0,차대차 - 측면충돌,교차로운행방법위반,건조,맑음,교차로 - 교차로안,승용,여,65세,상해없음,이륜,남,55세,경상
2018103100100600,2018년 10월 31일 20시,수요일,강원도 원주시 개운동,경상사고,0,0,1,0,차대차 - 측면충돌,불법유턴,건조,맑음,교차로 - 교차로안,승용,남,49세,상해없음,승용,남,27세,상해없음
2018110100100024,2018년 11월 1일 02시,목요일,강원도 강릉시 강문동,경상사고,0,0,1,0,차대차 - 측면충돌,신호위반,건조,맑음,교차로 - 교차로안,승용,남,29세,상해없음,승용,남,31세,경상
2018110100100058,2018년 11월 1일 06시,목요일,강원도 횡성군 횡성읍,경상사고,0,0,1,0,차대차 - 기타,안전거리미확보,건조,흐림,단일로 - 기타,승용,남,40세,상해없음,화물,남,61세,경상
2018110100100082,2018년 11월 1일 07시,목요일,강원도 춘천시 신동,경상사고,0,0,1,0,차대차 - 측면충돌,교차로운행방법위반,건조,흐림,교차로 - 교차로안,승용,남,46세,상해없음,화물,남,78세,경상
2018110100100083,2018년 11월 1일 07시,목요일,강원도 홍천군 화촌면,중상사고,0,1,1,0,차대차 - 추돌,안전운전불이행,건조,맑음,단일로 - 기타,화물,남,49세,상해없음,승용,남,61세,경상
2018110100100084,2018년 11월 1일 07시,목요일,강원도 태백시 화전동,경상사고,0,0,1,0,차대차 - 측면충돌,교차로운행방법위반,건조,맑음,교차로 - 교차로안,승용,여,63세,상해없음,승용,남,23세,경상
2018110100100118,2018년 11월 1일 08시,목요일,강원도 원주시 단계동,경상사고,0,0,1,0,차대차 - 기타,안전운전불이행,건조,맑음,교차로 - 교차로안,승용,여,42세,상해없음,승용,여,41세,상해없음
2018110100100202,2018년 11월 1일 10시,목요일,강원도 삼척시 교동,사망사고,1,0,0,0,차대차 - 측면충돌,안전운전불이행,건조,맑음,교차로 - 교차로부근,승용,남,58세,상해없음,자전거,남,83세,사망