사고번호,사고일시,요일,시군구,사고내용,사망자수,중상자수,경상자수,부상신고자수,사고유형,법규위반,노면상태,기상상태,도로형태,가해운전자 차종,가해운전자 성별,가해운전자 연령,가해운전자 상해정도,피해운전자 차종,피해운전자 성별,피해운전자 연령,피해운전자 상해정도
2018110600100204,2018년 11월 6일 11시,화요일,강원도 춘천시 효자동,경상사고,0,0,1,0,차대차 - 측면충돌,신호위반,건조,맑음,교차로 - 교차로안,승용,남,61세,상해없음,승용,남,56세,경상
2018110600100205,2018년 11월 6일 11시,화요일,강원도 동해시 이도동,사망사고,1,0,0,0,차량단독 - 공작물충돌,안전운전불이행,건조,맑음,단일로 - 기타,이륜,남,80세,사망,,,,
2018110600100206,2018년 11월 6일 11시,화요일,강원도 동해시 동회동,중상사고,0,1,0,0,차대사람 - 차도통행중,안전운전불이행,건조,흐림,교차로 - 교차로부근,화물,남,54세,상해없음,보행자,남,80세,중상
2018110600100240,2018년 11월 6일 12시,화요일,강원도 속초시 교동,중상사고,0,1,0,0,차대차 - 측면충돌,안전운전불이행,건조,맑음,단일로 - 기타,자전거,남,68세,중상,화물,남,37세,상해없음
2018110600100330,2018년 11월 6일 15시,화요일,강원도 원주시 학성동,경상사고,0,0,2,0,차대차 - 추돌,안전운전불이행,건조,맑음,단일로 - 기타,승용,남,79세,상해없음,승합,남,53세,상해없음
2018110600100331,2018년 11월 6일 15시,화요일,강원도 원주시 개운동,경상사고,0,0,1,0,차대차 - 측면충돌,교차로운행방법위반,건조,맑음,교차로 - 교차로안,승용,여,36세,상해없음,승용,남,66세,경상
2018110600100332,2018년 11월 6일 15시,화요일,강원도 양양군 양양읍,중상사고,0,1,0,0,차대차 - 측면충돌,신호위반,건조,맑음,교차로 - 교차로안,승용,여,57세,상해없음,승용,남,63세,중상
2018110600100333,2018년 11월 6일 15시,화요일,강원도 고성군 토성면,경상사고,0,0,1,0,차대차 - 추돌,안전운전불이행,건조,맑음,교차로 - 교차로부근,승용,남,71세,상해없음,승용,여,50세,경상
2018110600100359,2018년 11월 6일 16시,화요일,강원도 원주시 단계동,중상사고,0,1,0,0,차대차 - 정면충돌,신호위반,건조,맑음,교차로 - 교차로안,건설기계,남,56세,상해없음,승용,여,35세,중상
2018110600100396,2018년 11월 6일 17시,화요일,강원도 춘천시 우두동,경상사고,0,0,7,2,차대차 - 기타,안전운전불이행,건조,맑음,교차로 - 교차로부근,승용,남,36세,상해없음,승합,남,49세,상해없음
2018110600100449,2018년 11월 6일 18시,화요일,강원도 춘천시 남산면,경상사고,0,0,2,0,차대차 - 추돌,안전운전불이행,건조,맑음,교차로 - 교차로부근,승용,여,36세,기타불명,승용,여,43세,경상
2018110600100450,2018년 11월 6일 18시,화요일,강원도 원주시 반곡동,경상사고,0,0,2,0,차대차 - 측면충돌,신호위반,건조,맑음,교차로 - 교차로안,승용,남,57세,상해없음,승용,여,34세,경상
2018110600100451,2018년 11월 6일 18시,화요일,강원도 속초시 조양동,중상사고,0,1,0,0,차대사람 - 횡단중,안전운전불이행,건조,맑음,교차로 - 교차로부근,승용,여,48세,상해없음,보행자,남,61세,중상
2018110600100517,2018년 11월 6일 19시,화요일,강원도 강릉시 입암동,경상사고,0,0,1,0,차대차 - 기타,안전운전불이행,건조,맑음,교차로 - 교차로안,승용,남,21세,상해없음,승용,남,62세,경상
2018110600100597,2018년 11월 6일 22시,화요일,강원도 원주시 명륜동,중상사고,0,1,0,0,차대차 - 측면충돌,교차로운행방법위반,건조,맑음,교차로 - 교차로안,화물,남,50세,상해없음,이륜,남,33세,중상
2018110700100005,2018년 11월 7일 00시,수요일,강원도 춘천시 효자동,경상사고,0,0,2,0,차대차 - 추돌,안전운전불이행,건조,맑음,교차로 - 교차로부근,승용,남,30세,상해없음,승용,남,23세,경상
2018110700100036,2018년 11월 7일 02시,수요일,강원도 원주시 단구동,경상사고,0,0,1,0,차대사람 - 차도통행중,안전운전불이행,건조,맑음,단일로 - 기타,승용,남,64세,상해없음,보행자,여,19세,경상
2018110700100037,2018년 11월 7일 02시,수요일,강원도 원주시 개운동,부상신고사고,0,0,0,1,차대사람 - 길가장자리구역통행중,안전운전불이행,건조,맑음,단일로 - 기타,승용,남,64세,상해없음,보행자,여,19세,부상신고
2018110700100056,2018년 11월 7일 05시,수요일,강원도 원주시 문막읍,부상신고사고,0,0,0,1,차대사람 - 길가장자리구역통행중,안전운전불이행,젖음/습기,비,단일로 - 기타,화물,남,30세,상해없음,보행자,여,67세,부상신고
2018110700100097,2018년 11월 7일 07시,수요일,강원도 원주시 단계동,경상사고,0,0,1,0,차대차 - 측면충돌,교차로운행방법위반,젖음/습기,비,교차로 - 교차로안,승용,남,57세,상해없음,승용,남,27세,경상
2018110700100135,2018년 11월 7일 08시,수요일,강원도 원주시 지정면,경상사고,0,0,1,0,차대차 - 측면충돌,교차로운행방법위반,건조,맑음,교차로 - 교차로안,승용,남,63세,상해없음,승용,남,24세,경상
2018110700100166,2018년 11월 7일 09시,수요일,강원도 양양군 손양면,경상사고,0,0,1,0,차량단독 - 공작물충돌,안전운전불이행,젖음/습기,비,단일로 - 기타,승용,남,35세,상해없음,,,,
2018110700100251,2018년 11월 7일 12시,수요일,강원도 춘천시 후평동,경상사고,0,0,1,0,차대차 - 기타,안전운전불이행,건조,맑음,교차로 - 교차로부근,기타불명,기타불명,미분류,기타불명,승합,남,45세,상해없음
2018110700100252,2018년 11월 7일 12시,수요일,강원도 강릉시 강동면,중상사고,0,3,0,0,차대차 - 정면충돌,과속,젖음/습기,비,단일로 - 기타,승용,남,74세,상해없음,승용,남,38세,중상
2018110700100293,2018년 11월 7일 13시,수요일,강원도 춘천시 온의동,경상사고,0,0,1,0,차대사람 - 횡단중,보행자보호의무위반,건조,맑음,단일로 - 기타,승용,남,44세,상해없음,보행자,남,33세,경상
2018110700100389,2018년 11월 7일 16시,수요일,강원도 속초시 교동,중상사고,0,1,0,0,차대사람 - 횡단중,안전운전불이행,건조,맑음,기타 - 기타,승용,남,54세,상해없음,보행자,남,49세,중상
2018110700100390,2018년 11월 7일 16시,수요일,강원도 영월군 주천면,중상사고,0,2,0,0,차대차 - 측면충돌,교차로운행방법위반,건조,맑음,교차로 - 교차로안,승용,남,64세,상해없음,승용,여,75세,중상
2018110700100391,2018년 11월 7일 16시,수요일,강원도 홍천군 내촌면,중상사고,0,1,0,0,차량단독 - 공작물충돌,안전운전불이행,건조,흐림,단일로 - 기타,특수,남,60세,중상,,,,
2018110700100433,2018년 11월 7일 17시,수요일,강원도 춘천시 동면,경상사고,0,0,1,0,차대차 - 측면충돌,안전거리미확보,건조,맑음,단일로 - 기타,자전거,남,70세,상해없음,승용,여,46세,상해없음
2018110700100434,2018년 11월 7일 17시,수요일,강원도 인제군 기린면,경상사고,0,0,1,0,차대차 - 정면충돌,중앙선침범,건조,맑음,단일로 - 기타,승용,남,20세,상해없음,승용,여,47세,경상
2018110700100435,2018년 11월 7일 17시,수요일,강원도 동해시 천곡동,중상사고,0,1,0,0,차대차 - 측면충돌,안전운전불이행,건조,맑음,교차로 - 교차로안,승용,남,27세,상해없음,승용,남,59세,상해없음
2018110700100501,2018년 11월 7일 18시,수요일,강원도 춘천시 동면,경상사고,0,0,1,0,차대차 - 추돌,안전운전불이행,건조,맑음,단일로 - 기타,승용,남,63세,상해없음,건설기계,남,54세,경상
2018110700100502,2018년 11월 7일 18시,수요일,강원도 춘천시 효자동,경상사고,0,0,2,0,차대차 - 추돌,안전운전불이행,건조,흐림,교차로 - 교차로부근,화물,남,54세,상해없음,승용,여,56세,경상
2018110700100503,2018년 11월 7일 18시,수요일,강원도 춘천시 근화동,부상신고사고,0,0,0,1,차대사람 - 기타,안전운전불이행,건조,맑음,단일로 - 기타,승합,남,56세,상해없음,보행자,남,21세,부상신고
2018110700100504,2018년 11월 7일 18시,수요일,강원도 춘천시 후평동,경상사고,0,0,1,0,차대사람 - 기타,기타,건조,맑음,단일로 - 기타,승용,여,45세,상해없음,보행자,여,54세,경상
2018110700100505,2018년 11월 7일 18시,수요일,강원도 원주시 단계동,경상사고,0,0,1,0,차대차 - 측면충돌,기타,건조,맑음,단일로 - 기타,승용,남,63세,상해없음,이륜,남,70세,경상
2018110700100506,2018년 11월 7일 18시,수요일,강원도 태백시 화전동,경상사고,0,0,1,0,차대차 - 측면충돌,안전거리미확보,젖음/습기,비,단일로 - 기타,화물,남,62세,상해없음,승용,여,45세,경상
2018110700100507,2018년 11월 7일 18시,수요일,강원도 태백시 장성동,경상사고,0,0,1,0,차대사람 - 기타,안전운전불이행,건조,맑음,단일로 - 기타,승합,남,58세,기타불명,보행자,여,61세,경상
2018110700100576,2018년 11월 7일 19시,수요일,강원도 원주시 판부면,경상사고,0,0,1,0,차대차 - 측면충돌,교차로운행방법위반,건조,맑음,교차로 - 교차로안,승용,남,33세,상해없음,이륜,남,57세,경상
2018110700100577,2018년 11월 7일 19시,수요일,강원도 속초시 조양동,경상사고,0,0,3,0,차대차 - 추돌,안전운전불이행,젖음/습기,비,단일로 - 기타,승용,남,35세,상해없음,승용,남,45세,경상
2018110700100578,2018년 11월 7일 19시,수요일,강원도 횡성군 횡성읍,경상사고,0,0,1,0,차대차 - 측면충돌,안전운전불이행,건조,맑음,기타 - 기타,화물,남,57세,상해없음,승용,여,40세,경상
2018110700100659,2018년 11월 7일 21시,수요일,강원도 춘천시 온의동,경상사고,0,0,2,0,차대차 - 측면충돌,신호위반,건조,맑음,교차로 - 교차로안,승용,남,63세,상해없음,승용,남,25세,경상
2018110700100711,2018년 11월 7일 23시,수요일,강원도 강릉시 입암동,경상사고,0,0,1,0,차대사람 - 차도통행중,신호위반,건조,맑음,교차로 - 교차로안,승용,남,36세,상해없음,보행자,남,17세,경상
2018110800100034,2018년 11월 8일 01시,목요일,강원도 춘천시 후평동,경상사고,0,0,1,2,차대차 - 측면충돌,안전운전불이행,젖음/습기,흐림,교차로 - 교차로안,승용,여,23세,상해없음,승용,남,55세,경상
2018110800100054,2018년 11월 8일 03시,목요일,강원도 원주시 단계동,중상사고,0,1,1,0,차대차 - 측면충돌,안전운전불이행,건조,맑음,교차로 - 교차로안,승용,남,32세,상해없음,승용,남,30세,경상
2018110800100161,2018년 11월 8일 08시,목요일,강원도 춘천시 석사동,부상신고사고,0,0,0,1,차대차 - 추돌,안전거리미확보,젖음/습기,맑음,단일로 - 기타,이륜,남,19세,상해없음,승용,남,41세,상해없음
2018110800100162,2018년 11월 8일 08시,목요일,강원도 춘천시 후평동,경상사고,0,0,1,0,차대사람 - 기타,안전운전불이행,젖음/습기,비,기타 - 기타,승용,남,45세,상해없음,보행자,남,12세,경상
2018110800100163,2018년 11월 8일 08시,목요일,강원도 동해시 천곡동,경상사고,0,0,2,0,차대차 - 추돌,안전운전불이행,건조,맑음,교차로 - 교차로부근,화물,남,47세,상해없음,승용,남,63세,경상
2018110800100195,2018년 11월 8일 09시,목요일,강원도 원주시 학성동,경상사고,0,0,1,0,차대차 - 추돌,안전거리미확보,건조,맑음,단일로 - 기타,승용,여,59세,상해없음,승용,여,34세,경상
2018110800100223,2018년 11월 8일 10시,목요일,강원도 동해시 천곡동,경상사고,0,0,3,0,차대차 - 추돌,안전운전불이행,건조,맑음,단일로 - 기타,승용,남,60세,상해없음,화물,남,30세,경상
2018110800100298,2018년 11월 8일 12시,목요일,강원도 춘천시 효자동,경상사고,0,0,1,0,차대차 - 측면충돌,안전거리미확보,젖음/습기,비,단일로 - 기타,승용,여,52세,상해없음,이륜,남,64세,경상
2018110800100299,2018년 11월 8일 12시,목요일,강원도 삼척시 도계읍,중상사고,0,1,0,0,차량단독 - 공작물충돌,안전운전불이행,젖음/습기,비,단일로 - 기타,승용,여,53세,중상,,,,
2018110800100408,2018년 11월 8일 16시,목요일,강원도 원주시 개운동,경상사고,0,0,1,0,차대차 - 측면충돌,안전운전불이행,젖음/습기,비,교차로 - 교차로부근,승용,남,63세,상해없음,승용,남,58세,경상
2018110800100449,2018년 11월 8일 17시,목요일,강원도 춘천시 효자동,경상사고,0,0,1,0,차대사람 - 횡단중,안전운전불이행,젖음/습기,비,단일로 - 기타,승용,여,62세,상해없음,보행자,여,66세,경상
2018110800100450,2018년 11월 8일 17시,목요일,강원도 춘천시 동내면,경상사고,0,0,2,0,차대차 - 추돌,안전운전불이행,젖음/습기,비,단일로 - 기타,승용,남,55세,상해없음,승용,여,22세,경상
2018110800100451,2018년 11월 8일 17시,목요일,강원도 삼척시 당저동,경상사고,0,0,1,0,차대차 - 측면충돌,안전운전불이행,건조,맑음,교차로 - 교차로부근,화물,남,61세,상해없음,화물,남,33세,경상
2018110800100452,2018년 11월 8일 17시,목요일,강원도 횡성군 공근면,경상사고,0,0,1,0,차대차 - 정면충돌,중앙선침범,젖음/습기,비,단일로 - 기타,승용,남,74세,상해없음,승용,여,42세,경상
2018110800100530,2018년 11월 8일 18시,목요일,강원도 춘천시 동면,경상사고,0,0,1,0,차대사람 - 기타,안전운전불이행,젖음/습기,비,단일로 - 기타,승용,남,29세,상해없음,보행자,남,39세,경상
2018110800100531,2018년 11월 8일 18시,목요일,강원도 강릉시 회산동,경상사고,0,0,1,0,차대차 - 기타,안전운전불이행,젖음/습기,비,교차로 - 교차로안,승용,남,58세,상해없음,승용,여,26세,경상
2018110800100532,2018년 11월 8일 18시,목요일,강원도 강릉시 입암동,경상사고,0,0,1,0,차대사람 - 기타,보행자보호의무위반,젖음/습기,비,교차로 - 교차로부근,승용,여,42세,상해없음,보행자,남,36세,경상
2018110800100533,2018년 11월 8일 18시,목요일,강원도 동해시 쇄운동,경상사고,0,0,1,0,차대차 - 측면충돌,안전운전불이행,젖음/습기,비,단일로 - 기타,승용,여,46세,상해없음,승용,남,18세,경상
2018110800100635,2018년 11월 8일 19시,목요일,강원도 춘천시 우두동,경상사고,0,0,1,0,차대차 - 기타,신호위반,건조,맑음,교차로 - 교차로안,승용,남,50세,상해없음,승용,여,45세,경상
2018110800100636,2018년 11월 8일 19시,목요일,강원도 강릉시 교동,중상사고,0,1,0,0,차대차 - 측면충돌,차로위반,젖음/습기,맑음,단일로 - 기타,승용,남,58세,상해없음,이륜,남,61세,중상
2018110800100637,2018년 11월 8일 19시,목요일,강원도 강릉시 교동,경상사고,0,0,1,0,차대차 - 정면충돌,신호위반,건조,맑음,교차로 - 교차로안,승용,남,53세,상해없음,승용,남,69세,경상
2018110800100638,2018년 11월 8일 19시,목요일,강원도 강릉시 임당동,중상사고,0,1,0,0,차대차 - 측면충돌,신호위반,건조,맑음,교차로 - 교차로안,승용,여,59세,상해없음,승용,여,38세,중상
2018110800100639,2018년 11월 8일 19시,목요일,강원도 원주시 소초면,중상사고,0,1,0,0,차대사람 - 횡단중,안전운전불이행,젖음/습기,비,단일로 - 기타,승용,남,64세,상해없음,보행자,남,58세,중상
2018110800100640,2018년 11월 8일 19시,목요일,강원도 원주시 소초면,중상사고,0,1,0,0,차량단독 - 공작물충돌,안전운전불이행,젖음/습기,비,단일로 - 기타,승용,남,58세,중상,,,,
2018110800100641,2018년 11월 8일 19시,목요일,강원도 원주시 소초면,경상사고,0,0,1,0,차량단독 - 기타,안전운전불이행,젖음/습기,비,단일로 - 기타,승합,남,39세,기타불명,,,,
2018110800100696,2018년 11월 8일 20시,목요일,강원도 춘천시 퇴계동,경상사고,0,0,2,0,차대차 - 측면충돌,직진우회전진행방해,젖음/습기,비,교차로 - 교차로안,승용,여,53세,상해없음,승용,남,37세,경상
2018110800100697,2018년 11월 8일 20시,목요일,강원도 영월군 남면,중상사고,0,1,0,0,차대차 - 측면충돌,신호위반,젖음/습기,비,단일로 - 지하차도(도로)내,승용,남,61세,상해없음,건설기계,남,38세,중상
2018110800100753,2018년 11월 8일 21시,목요일,강원도 춘천시 석사동,경상사고,0,0,1,0,차대차 - 측면충돌,안전거리미확보,젖음/습기,흐림,단일로 - 기타,승용,남,47세,상해없음,이륜,남,32세,경상
2018110800100754,2018년 11월 8일 21시,목요일,강원도 춘천시 석사동,경상사고,0,0,1,0,차대차 - 측면충돌,교차로운행방법위반,건조,맑음,교차로 - 교차로안,승용,여,46세,상해없음,승용,남,28세,경상
2018110800100755,2018년 11월 8일 21시,목요일,강원도 원주시 개운동,사망사고,1,0,2,1,차대차 - 추돌,안전운전불이행,건조,맑음,교차로 - 교차로부근,화물,남,57세,사망,승합,남,59세,부상신고
2018110800100802,2018년 11월 8일 22시,목요일,강원도 춘천시 효자동,경상사고,0,0,1,0,차대사람 - 횡단중,보행자보호의무위반,젖음/습기,비,단일로 - 기타,승용,남,61세,기타불명,보행자,여,20세,경상
2018110800100803,2018년 11월 8일 22시,목요일,강원도 속초시 장사동,부상신고사고,0,0,0,1,차대차 - 측면충돌,안전거리미확보,젖음/습기,비,교차로 - 교차로부근,승용,남,52세,상해없음,이륜,남,19세,부상신고
2018110800100861,2018년 11월 8일 23시,목요일,강원도 춘천시 석사동,중상사고,0,1,0,0,차대사람 - 횡단중,안전운전불이행,젖음/습기,비,교차로 - 교차로횡단보도내,승용,남,27세,상해없음,보행자,남,53세,중상
2018110800100862,2018년 11월 8일 23시,목요일,강원도 강릉시 교동,경상사고,0,0,1,0,차대차 - 기타,중앙선침범,건조,맑음,교차로 - 교차로부근,승용,남,24세,상해없음,승용,남,35세,경상
2018110900100051,2018년 11월 9일 04시,금요일,강원도 춘천시 퇴계동,중상사고,0,1,0,0,차대사람 - 횡단중,보행자보호의무위반,젖음/습기,흐림,교차로 - 교차로횡단보도내,승용,여,52세,상해없음,보행자,여,81세,중상
2018110900100052,2018년 11월 9일 04시,금요일,강원도 횡성군 횡성읍,경상사고,0,0,1,0,차량단독 - 전도전복 - 전복,안전운전불이행,젖음/습기,흐림,단일로 - 기타,승용,남,67세,경상,미분류,미분류,미분류,미분류
2018110900100078,2018년 11월 9일 06시,금요일,강원도 원주시 명륜동,중상사고,0,1,1,0,차대차 - 추돌,신호위반,건조,맑음,교차로 - 교차로안,화물,남,38세,상해없음,승용,남,52세,중상
2018110900100101,2018년 11월 9일 07시,금요일,강원도 횡성군 우천면,경상사고,0,0,2,0,차대차 - 기타,안전운전불이행,젖음/습기,흐림,교차로 - 교차로안,화물,남,58세,상해없음,승용,남,51세,경상
2018110900100102,2018년 11월 9일 07시,금요일,강원도 철원군 동송읍,중상사고,0,2,0,0,차대차 - 기타,안전운전불이행,건조,흐림,단일로 - 기타,승용,남,23세,중상,승용,남,67세,상해없음
2018110900100145,2018년 11월 9일 08시,금요일,강원도 원주시 반곡동,부상신고사고,0,0,0,1,차대사람 - 길가장자리구역통행중,안전운전불이행,건조,맑음,기타 - 기타,승합,남,45세,상해없음,보행자,여,17세,부상신고
2018110900100187,2018년 11월 9일 09시,금요일,강원도 원주시 단구동,경상사고,0,0,1,0,차대차 - 측면충돌,기타,건조,맑음,교차로 - 교차로안,승용,남,76세,상해없음,승용,남,23세,경상
2018110900100225,2018년 11월 9일 10시,금요일,강원도 원주시 소초면,경상사고,0,0,1,0,차대차 - 측면충돌,안전운전불이행,젖음/습기,흐림,단일로 - 기타,승용,남,61세,상해없음,승용,남,36세,경상
2018110900100226,2018년 11월 9일 10시,금요일,강원도 홍천군 화촌면,중상사고,0,2,1,0,차대차 - 추돌,안전운전불이행,젖음/습기,비,단일로 - 기타,화물,남,68세,중상,승용,남,35세,경상
2018110900100255,2018년 11월 9일 11시,금요일,강원도 춘천시 서면,경상사고,0,0,1,0,차대차 - 추돌,안전운전불이행,건조,맑음,단일로 - 기타,화물,남,55세,상해없음,승용,여,64세,경상
2018110900100320,2018년 11월 9일 13시,금요일,강원도 원주시 호저면,경상사고,0,0,1,0,차대차 - 기타,안전운전불이행,건조,맑음,단일로 - 기타,화물,남,62세,상해없음,화물,남,36세,상해없음
2018110900100321,2018년 11월 9일 13시,금요일,강원도 삼척시 도계읍,경상사고,0,0,1,0,차대사람 - 차도통행중,안전운전불이행,건조,맑음,단일로 - 기타,승용,여,57세,상해없음,보행자,남,24세,경상
2018110900100385,2018년 11월 9일 15시,금요일,강원도 태백시 동점동,사망사고,1,0,0,0,차량단독 - 전도전복 - 전도,안전운전불이행,건조,맑음,단일로 - 터널,승용,남,66세,사망,미분류,미분류,미분류,미분류
2018110900100427,2018년 11월 9일 16시,금요일,강원도 속초시 조양동,경상사고,0,0,2,0,차대차 - 추돌,안전운전불이행,건조,맑음,교차로 - 교차로부근,화물,남,60세,상해없음,승용,여,43세,경상
2018110900100428,2018년 11월 9일 16시,금요일,강원도 속초시 교동,중상사고,0,2,0,0,차대차 - 측면충돌,신호위반,건조,흐림,교차로 - 교차로안,승용,여,57세,상해없음,승용,여,54세,중상
2018110900100469,2018년 11월 9일 17시,금요일,강원도 춘천시 석사동,경상사고,0,0,1,0,차대차 - 기타,안전거리미확보,건조,맑음,단일로 - 기타,승용,남,55세,상해없음,승용,여,36세,경상
2018110900100470,2018년 11월 9일 17시,금요일,강원도 강릉시 두산동,중상사고,0,1,0,0,차대사람 - 횡단중,안전운전불이행,건조,맑음,단일로 - 기타,승용,남,43세,상해없음,보행자,여,70세,중상
2018110900100471,2018년 11월 9일 17시,금요일,강원도 정선군 남면,중상사고,0,1,0,0,차대사람 - 보도통행중,안전운전불이행,건조,맑음,교차로 - 교차로횡단보도내,승용,여,61세,상해없음,보행자,여,56세,중상
2018110900100533,2018년 11월 9일 18시,금요일,강원도 철원군 근남면,중상사고,0,1,0,0,차대사람 - 횡단중,안전운전불이행,건조,맑음,단일로 - 기타,승용,남,65세,상해없음,보행자,여,78세,중상
2018110900100534,2018년 11월 9일 18시,금요일,강원도 철원군 동송읍,중상사고,0,1,0,0,차대차 - 정면충돌,중앙선침범,건조,맑음,단일로 - 기타,승용,남,24세,상해없음,승용,여,37세,중상
2018110900100728,2018년 11월 9일 23시,금요일,강원도 강릉시 교동,중상사고,0,1,1,0,차대차 - 측면충돌,안전운전불이행,건조,맑음,교차로 - 교차로안,승용,남,32세,상해없음,승용,남,54세,중상
2018111000100006,2018년 11월 10일 00시,토요일,강원도 원주시 태장동,경상사고,0,0,3,0,차대차 - 추돌,안전운전불이행,건조,맑음,교차로 - 교차로부근,승용,남,47세,상해없음,승용,남,31세,경상
2018111000100037,2018년 11월 10일 02시,토요일,강원도 춘천시 교동,경상사고,0,0,1,0,차대사람 - 횡단중,보행자보호의무위반,건조,맑음,교차로 - 교차로횡단보도내,이륜,남,16세,상해없음,보행자,남,23세,경상
2018111000100053,2018년 11월 10일 03시,토요일,강원도 강릉시 교동,중상사고,0,1,1,0,차대차 - 기타,신호위반,건조,맑음,교차로 - 교차로안,승용,남,32세,상해없음,승용,남,58세,경상
2018111000100066,2018년 11월 10일 04시,토요일,강원도 고성군 토성면,경상사고,0,0,1,0,차량단독 - 공작물충돌,기타,건조,맑음,단일로 - 터널,승용,남,45세,경상,,,,
2018111000100122,2018년 11월 10일 07시,토요일,강원도 원주시 단계동,부상신고사고,0,0,0,1,차량단독 - 기타,안전운전불이행,건조,맑음,교차로 - 교차로부근,기타불명,기타불명,미분류,기타불명,,,,
2018111000100139,2018년 11월 10일 08시,토요일,강원도 강릉시 성남동,경상사고,0,0,1,0,차대차 - 측면충돌,신호위반,건조,맑음,교차로 - 교차로안,화물,남,63세,상해없음,승용,여,64세,경상
2018111000100159,2018년 11월 10일 09시,토요일,강원도 화천군 화천읍,경상사고,0,0,1,0,차대차 - 측면충돌,중앙선침범,건조,맑음,단일로 - 기타,승용,남,26세,상해없음,화물,남,56세,경상
2018111000100223,2018년 11월 10일 11시,토요일,강원도 홍천군 홍천읍,중상사고,0,2,2,0,차량단독 - 전도전복 - 전복,안전운전불이행,건조,맑음,단일로 - 기타,승용,남,63세,상해없음,미분류,미분류,미분류,미분류
2018111000100304,2018년 11월 10일 13시,토요일,강원도 춘천시 신동면,경상사고,0,0,2,0,차대차 - 추돌,안전거리미확보,건조,맑음,단일로 - 기타,화물,남,56세,경상,승합,남,58세,상해없음
2018111000100347,2018년 11월 10일 14시,토요일,강원도 춘천시 사농동,경상사고,0,0,1,0,차대차 - 측면충돌,교차로운행방법위반,건조,맑음,교차로 - 교차로안,승용,남,35세,상해없음,화물,남,71세,경상
2018111000100484,2018년 11월 10일 17시,토요일,강원도 양구군 양구읍,경상사고,0,0,3,0,차대차 - 추돌,안전운전불이행,건조,흐림,교차로 - 교차로부근,승용,여,47세,상해없음,승용,여,37세,경상
2018111000100532,2018년 11월 10일 18시,토요일,강원도 강릉시 입암동,경상사고,0,0,1,0,차대차 - 측면충돌,안전운전불이행,건조,맑음,기타 - 기타,승용,남,61세,상해없음,화물,남,43세,기타불명
2018111000100533,2018년 11월 10일 18시,토요일,강원도 홍천군 서면,경상사고,0,0,1,0,차대차 - 기타,안전운전불이행,건조,맑음,단일로 - 기타,승용,여,41세,상해없음,이륜,남,55세,경상
2018111000100534,2018년 11월 10일 18시,토요일,강원도 횡성군 안흥면,경상사고,0,0,3,0,차대차 - 기타,직진우회전진행방해,건조,맑음,교차로 - 교차로안,승용,남,58세,상해없음,승용,남,37세,경상
2018111000100535,2018년 11월 10일 18시,토요일,강원도 동해시 송정동,경상사고,0,0,1,0,차대차 - 측면충돌,안전운전불이행,건조,맑음,단일로 - 기타,승용,남,73세,상해없음,이륜,남,61세,경상
2018111000100636,2018년 11월 10일 21시,토요일,강원도 동해시 부곡동,경상사고,0,0,1,0,차대차 - 측면충돌,직진우회전진행방해,건조,맑음,교차로 - 교차로안,승용,남,69세,상해없음,승용,여,34세,경상
2018111000100661,2018년 11월 10일 22시,토요일,강원도 강릉시 회산동,경상사고,0,0,1,0,차대사람 - 길가장자리구역통행중,안전운전불이행,건조,맑음,교차로 - 교차로부근,승용,남,24세,상해없음,보행자,여,21세,경상
2018111100100026,2018년 11월 11일 02시,일요일,강원도 원주시 명륜동,경상사고,0,0,1,0,차대사람 - 길가장자리구역통행중,안전운전불이행,건조,맑음,단일로 - 기타,승용,남,61세,상해없음,보행자,남,26세,경상
2018111100100027,2018년 11월 11일 02시,일요일,강원도 양양군 강현면,경상사고,0,0,1,0,차대차 - 측면충돌,중앙선침범,건조,맑음,단일로 - 기타,승용,남,35세,상해없음,승용,여,53세,경상
2018111100100054,2018년 11월 11일 04시,일요일,강원도 정선군 사북읍,경상사고,0,0,1,0,차대사람 - 기타,안전운전불이행,건조,맑음,단일로 - 기타,승용,남,37세,상해없음,보행자,남,55세,경상
2018111100100107,2018년 11월 11일 09시,일요일,강원도 원주시 반곡동,부상신고사고,0,0,0,1,차대차 - 측면충돌,신호위반,건조,맑음,교차로 - 교차로안,이륜,남,72세,부상신고,승용,남,42세,상해없음
2018111100100121,2018년 11월 11일 10시,일요일,강원도 원주시 단계동,경상사고,0,0,1,0,차대차 - 측면충돌,안전운전불이행,건조,맑음,단일로 - 기타,승용,여,53세,상해없음,승용,여,49세,경상
2018111100100154,2018년 11월 11일 12시,일요일,강원도 춘천시 남산면,경상사고,0,0,1,0,차대차 - 측면충돌,교차로운행방법위반,건조,맑음,교차로 - 교차로안,승용,남,25세,상해없음,사륜오토바이(ATV),여,48세,경상
2018111100100155,2018년 11월 11일 12시,일요일,강원도 춘천시 동내면,경상사고,0,0,2,0,차대차 - 추돌,안전거리미확보,건조,맑음,단일로 - 기타,승용,남,58세,상해없음,승용,여,68세,경상