사고번호,사고일시,요일,시군구,사고내용,사망자수,중상자수,경상자수,부상신고자수,사고유형,법규위반,노면상태,기상상태,도로형태,가해운전자 차종,가해운전자 성별,가해운전자 연령,가해운전자 상해정도,피해운전자 차종,피해운전자 성별,피해운전자 연령,피해운전자 상해정도
2018112900100186,2018년 11월 29일 11시,목요일,강원도 원주시 개운동,경상사고,0,0,1,0,차대사람 - 길가장자리구역통행중,안전운전불이행,건조,맑음,교차로 - 교차로부근,승용,여,28세,상해없음,보행자,여,52세,경상
2018112900100187,2018년 11월 29일 11시,목요일,강원도 횡성군 횡성읍,경상사고,0,0,1,0,차대차 - 기타,안전운전불이행,건조,맑음,교차로 - 교차로안,이륜,남,36세,상해없음,승용,남,65세,상해없음
2018112900100238,2018년 11월 29일 13시,목요일,강원도 춘천시 퇴계동,경상사고,0,0,1,0,차대사람 - 횡단중,보행자보호의무위반,건조,맑음,교차로 - 교차로횡단보도내,화물,남,82세,상해없음,보행자,여,32세,경상
2018112900100239,2018년 11월 29일 13시,목요일,강원도 양구군 양구읍,경상사고,0,0,1,0,차대차 - 측면충돌,안전운전불이행,건조,맑음,교차로 - 교차로안,승용,남,53세,상해없음,승용,여,28세,경상
2018112900100291,2018년 11월 29일 15시,목요일,강원도 원주시 단구동,경상사고,0,0,1,0,차대차 - 측면충돌,안전운전불이행,건조,맑음,단일로 - 기타,승용,남,60세,상해없음,승용,여,37세,경상
2018112900100369,2018년 11월 29일 17시,목요일,강원도 춘천시 남산면,경상사고,0,0,1,0,차대사람 - 횡단중,안전운전불이행,건조,맑음,단일로 - 기타,승용,남,26세,상해없음,보행자,여,22세,경상
2018112900100370,2018년 11월 29일 17시,목요일,강원도 원주시 개운동,중상사고,0,1,0,0,차대차 - 측면충돌,안전운전불이행,건조,맑음,교차로 - 교차로부근,이륜,남,22세,중상,승용,여,54세,상해없음
2018112900100414,2018년 11월 29일 18시,목요일,강원도 춘천시 효자동,경상사고,0,0,1,0,차대차 - 측면충돌,안전운전불이행,건조,맑음,교차로 - 교차로안,승용,남,55세,상해없음,이륜,남,30세,경상
2018112900100415,2018년 11월 29일 18시,목요일,강원도 춘천시 동면,경상사고,0,0,1,0,차대차 - 측면충돌,안전거리미확보,건조,맑음,단일로 - 기타,기타불명,기타불명,미분류,기타불명,승용,여,28세,경상
2018112900100417,2018년 11월 29일 18시,목요일,강원도 삼척시 사직동,중상사고,0,1,3,0,차대차 - 추돌,안전거리미확보,건조,맑음,교차로 - 교차로안,화물,여,69세,상해없음,승용,남,66세,경상
2018112900100545,2018년 11월 29일 22시,목요일,강원도 원주시 학성동,경상사고,0,0,1,0,차대차 - 측면충돌,안전운전불이행,건조,맑음,교차로 - 교차로부근,승용,남,67세,상해없음,승용,남,61세,경상
2018112900100566,2018년 11월 29일 23시,목요일,강원도 철원군 갈말읍,경상사고,0,0,2,0,차대차 - 추돌,안전운전불이행,건조,맑음,교차로 - 교차로부근,승용,남,36세,경상,승용,남,53세,기타불명
2018113000100094,2018년 11월 30일 07시,금요일,강원도 원주시 우산동,경상사고,0,0,2,0,차대차 - 추돌,안전운전불이행,건조,맑음,교차로 - 교차로부근,승용,남,31세,상해없음,승용,남,49세,경상
2018113000100095,2018년 11월 30일 07시,금요일,강원도 원주시 문막읍,경상사고,0,0,2,0,차대차 - 측면충돌,직진우회전진행방해,건조,맑음,교차로 - 교차로안,승용,여,44세,경상,승용,남,34세,경상
2018113000100096,2018년 11월 30일 07시,금요일,강원도 원주시 태장동,경상사고,0,0,1,0,차대차 - 추돌,안전거리미확보,건조,맑음,단일로 - 기타,승용,남,61세,상해없음,승용,남,39세,경상
2018113000100097,2018년 11월 30일 07시,금요일,강원도 태백시 장성동,중상사고,0,1,0,0,차대차 - 추돌,안전운전불이행,건조,맑음,단일로 - 기타,화물,남,49세,상해없음,화물,남,62세,상해없음
2018113000100159,2018년 11월 30일 09시,금요일,강원도 속초시 교동,중상사고,0,1,0,0,차대차 - 후진중충돌,안전운전불이행,건조,맑음,교차로 - 교차로안,승용,남,70세,상해없음,자전거,남,77세,중상
2018113000100190,2018년 11월 30일 10시,금요일,강원도 강릉시 포남동,중상사고,0,1,0,0,차대사람 - 횡단중,보행자보호의무위반,건조,맑음,단일로 - 기타,승용,남,71세,상해없음,보행자,남,52세,중상
2018113000100191,2018년 11월 30일 10시,금요일,강원도 철원군 철원읍,경상사고,0,0,1,0,차대차 - 측면충돌,안전운전불이행,건조,맑음,단일로 - 기타,승용,남,42세,상해없음,승용,여,54세,경상
2018113000100192,2018년 11월 30일 10시,금요일,강원도 철원군 동송읍,경상사고,0,0,1,0,차대차 - 추돌,안전운전불이행,건조,맑음,단일로 - 기타,건설기계,남,64세,상해없음,화물,남,55세,경상
2018113000100321,2018년 11월 30일 14시,금요일,강원도 춘천시 소양로3가,경상사고,0,0,2,0,차대차 - 추돌,안전운전불이행,건조,맑음,교차로 - 교차로부근,승용,여,25세,상해없음,승용,여,41세,경상
2018113000100394,2018년 11월 30일 16시,금요일,강원도 원주시 우산동,경상사고,0,0,1,0,차대차 - 측면충돌,교차로운행방법위반,건조,맑음,교차로 - 교차로안,화물,남,66세,상해없음,승용,여,51세,경상
2018113000100395,2018년 11월 30일 16시,금요일,강원도 동해시 부곡동,중상사고,0,1,0,0,차대사람 - 길가장자리구역통행중,안전운전불이행,건조,맑음,단일로 - 기타,승용,남,37세,상해없음,보행자,여,82세,중상
2018113000100445,2018년 11월 30일 17시,금요일,강원도 강릉시 교동,중상사고,0,1,0,0,차대차 - 측면충돌,안전운전불이행,건조,맑음,교차로 - 교차로안,승용,여,67세,상해없음,원동기,남,20세,중상
2018113000100446,2018년 11월 30일 17시,금요일,강원도 원주시 우산동,경상사고,0,0,2,0,차대차 - 측면충돌,안전운전불이행,건조,맑음,교차로 - 교차로부근,승용,남,72세,경상,승용,남,60세,경상
2018113000100447,2018년 11월 30일 17시,금요일,강원도 원주시 단구동,경상사고,0,0,1,0,차대차 - 측면충돌,안전운전불이행,건조,맑음,교차로 - 교차로부근,승용,여,51세,상해없음,이륜,남,16세,경상
2018113000100448,2018년 11월 30일 17시,금요일,강원도 속초시 영랑동,중상사고,0,1,0,0,차대차 - 측면충돌,직진우회전진행방해,건조,맑음,교차로 - 교차로안,승용,남,65세,상해없음,이륜,남,47세,중상
2018113000100504,2018년 11월 30일 18시,금요일,강원도 춘천시 온의동,경상사고,0,0,3,0,차대차 - 측면충돌,안전운전불이행,건조,맑음,교차로 - 교차로안,승용,여,48세,경상,승용,남,47세,경상
2018113000100505,2018년 11월 30일 18시,금요일,강원도 속초시 교동,경상사고,0,0,1,0,차대사람 - 횡단중,안전운전불이행,건조,맑음,기타 - 기타,승용,여,47세,상해없음,보행자,여,48세,경상
2018113000100577,2018년 11월 30일 19시,금요일,강원도 원주시 우산동,경상사고,0,0,1,0,차대차 - 추돌,안전운전불이행,건조,맑음,교차로 - 교차로부근,이륜,남,28세,상해없음,이륜,남,29세,경상
2018113000100645,2018년 11월 30일 21시,금요일,강원도 평창군 대관령면,경상사고,0,0,1,0,차대차 - 측면충돌,안전운전불이행,건조,맑음,교차로 - 교차로안,승합,여,24세,상해없음,승용,남,23세,상해없음
2018113000100684,2018년 11월 30일 22시,금요일,강원도 원주시 단구동,경상사고,0,0,1,0,차대차 - 측면충돌,신호위반,건조,맑음,교차로 - 교차로안,승용,남,31세,상해없음,승용,여,42세,경상
2018113000100685,2018년 11월 30일 22시,금요일,강원도 태백시 황지동,중상사고,0,3,0,0,차량단독 - 공작물충돌,안전운전불이행,건조,맑음,단일로 - 기타,승용,남,22세,중상,,,,
2018113000100721,2018년 11월 30일 23시,금요일,강원도 강릉시 교동,중상사고,0,1,0,0,차대차 - 측면충돌,안전운전불이행,건조,맑음,교차로 - 교차로부근,승용,남,26세,기타불명,승용,남,25세,중상
2018120100100031,2018년 12월 1일 01시,토요일,강원도 원주시 단계동,경상사고,0,0,1,0,차대사람 - 길가장자리구역통행중,안전운전불이행,건조,맑음,교차로 - 교차로안,승합,남,56세,상해없음,보행자,남,62세,경상
2018120100100050,2018년 12월 1일 02시,토요일,강원도 삼척시 도계읍,중상사고,0,1,0,0,차량단독 - 공작물충돌,안전운전불이행,건조,맑음,단일로 - 기타,승합,남,44세,중상,,,,
2018120100100096,2018년 12월 1일 06시,토요일,강원도 춘천시 동내면,경상사고,0,0,1,0,차대차 - 추돌,안전운전불이행,건조,맑음,교차로 - 교차로부근,화물,남,62세,상해없음,승용,여,62세,경상
2018120100100157,2018년 12월 1일 09시,토요일,강원도 원주시 태장동,중상사고,0,1,2,0,차대차 - 측면충돌,안전운전불이행,건조,맑음,교차로 - 교차로안,승용,남,67세,경상,승용,남,56세,경상
2018120100100200,2018년 12월 1일 11시,토요일,강원도 원주시 판부면,중상사고,0,1,0,0,차대차 - 측면충돌,안전운전불이행,건조,맑음,단일로 - 기타,승용,여,48세,상해없음,원동기,남,76세,중상
2018120100100233,2018년 12월 1일 12시,토요일,강원도 태백시 황지동,경상사고,0,0,1,0,차대차 - 측면충돌,교차로운행방법위반,건조,맑음,교차로 - 교차로안,승용,여,57세,상해없음,원동기,남,52세,경상
2018120100100274,2018년 12월 1일 13시,토요일,강원도 속초시 조양동,중상사고,0,3,0,0,차대차 - 측면충돌,교차로운행방법위반,건조,맑음,교차로 - 교차로안,승용,남,57세,상해없음,승용,남,32세,중상
2018120100100310,2018년 12월 1일 14시,토요일,강원도 춘천시 후평동,중상사고,0,1,0,0,차대사람 - 횡단중,안전운전불이행,건조,맑음,단일로 - 기타,승용,남,86세,상해없음,보행자,남,64세,중상
2018120100100311,2018년 12월 1일 14시,토요일,강원도 속초시 교동,중상사고,0,1,0,0,차대차 - 측면충돌,기타,건조,맑음,교차로 - 교차로안,승용,남,34세,상해없음,승용,남,53세,중상
2018120100100312,2018년 12월 1일 14시,토요일,강원도 정선군 임계면,중상사고,0,2,0,0,차대차 - 추돌,안전운전불이행,건조,맑음,단일로 - 기타,승용,남,56세,상해없음,승용,남,59세,중상
2018120100100349,2018년 12월 1일 15시,토요일,강원도 원주시 무실동,경상사고,0,0,1,0,차대차 - 측면충돌,안전운전불이행,건조,맑음,단일로 - 기타,승용,여,44세,상해없음,화물,남,71세,경상
2018120100100350,2018년 12월 1일 15시,토요일,강원도 양양군 손양면,경상사고,0,0,3,0,차대차 - 기타,안전운전불이행,건조,맑음,단일로 - 기타,건설기계,남,57세,상해없음,승용,여,39세,경상
2018120100100351,2018년 12월 1일 15시,토요일,강원도 홍천군 서면,중상사고,0,1,3,0,차대차 - 정면충돌,중앙선침범,건조,맑음,단일로 - 기타,승용,남,50세,경상,승용,남,30세,중상
2018120100100423,2018년 12월 1일 17시,토요일,강원도 춘천시 효자동,경상사고,0,0,3,0,차대차 - 측면충돌,중앙선침범,건조,맑음,단일로 - 기타,승용,남,25세,상해없음,승용,여,47세,경상
2018120100100424,2018년 12월 1일 17시,토요일,강원도 횡성군 서원면,경상사고,0,0,6,0,차대차 - 기타,안전운전불이행,기타,맑음,단일로 - 기타,승합,남,66세,상해없음,승용,여,53세,상해없음
2018120100100462,2018년 12월 1일 18시,토요일,강원도 춘천시 우두동,경상사고,0,0,1,0,차대차 - 측면충돌,안전운전불이행,건조,맑음,단일로 - 기타,승용,남,66세,상해없음,승합,남,53세,경상
2018120100100463,2018년 12월 1일 18시,토요일,강원도 춘천시 신동면,경상사고,0,0,1,0,차대차 - 측면충돌,안전운전불이행,건조,맑음,단일로 - 기타,화물,남,54세,상해없음,건설기계,남,42세,경상
2018120100100464,2018년 12월 1일 18시,토요일,강원도 원주시 무실동,경상사고,0,0,1,0,차대사람 - 차도통행중,안전운전불이행,건조,맑음,단일로 - 기타,승용,남,62세,상해없음,보행자,남,47세,경상
2018120100100465,2018년 12월 1일 18시,토요일,강원도 원주시 문막읍,사망사고,1,0,1,0,차대차 - 추돌,안전거리미확보,건조,맑음,단일로 - 기타,승용,남,64세,사망,건설기계,남,55세,경상
2018120200100007,2018년 12월 2일 00시,일요일,강원도 원주시 판부면,경상사고,0,0,1,0,차대사람 - 횡단중,안전운전불이행,건조,맑음,단일로 - 기타,승용,여,51세,상해없음,보행자,남,53세,경상
2018120200100139,2018년 12월 2일 11시,일요일,강원도 강릉시 옥계면,경상사고,0,0,2,0,차대차 - 측면충돌,중앙선침범,건조,맑음,단일로 - 기타,승용,여,27세,상해없음,승용,남,59세,경상
2018120200100240,2018년 12월 2일 15시,일요일,강원도 춘천시 남면,경상사고,0,0,2,0,차대차 - 측면충돌,안전운전불이행,건조,맑음,교차로 - 교차로안,승합,남,57세,상해없음,승용,남,39세,경상
2018120200100264,2018년 12월 2일 16시,일요일,강원도 강릉시 주문진읍,경상사고,0,0,2,0,차대차 - 측면충돌,신호위반,건조,맑음,교차로 - 교차로안,승용,남,64세,상해없음,승용,남,52세,경상
2018120200100296,2018년 12월 2일 17시,일요일,강원도 홍천군 서석면,사망사고,1,0,0,0,차량단독 - 도로외이탈 - 추락,안전운전불이행,젖음/습기,비,단일로 - 기타,승용,남,61세,사망,,,,
2018120200100366,2018년 12월 2일 19시,일요일,강원도 춘천시 퇴계동,경상사고,0,0,2,0,차대차 - 기타,신호위반,건조,맑음,교차로 - 교차로안,기타불명,기타불명,미분류,기타불명,승합,남,49세,상해없음
2018120200100367,2018년 12월 2일 19시,일요일,강원도 원주시 무실동,경상사고,0,0,1,0,차대차 - 측면충돌,신호위반,건조,맑음,교차로 - 교차로안,승용,여,55세,상해없음,이륜,남,19세,경상
2018120200100395,2018년 12월 2일 20시,일요일,강원도 춘천시 석사동,중상사고,0,1,0,0,차대차 - 측면충돌,안전운전불이행,건조,맑음,교차로 - 교차로부근,승용,여,42세,상해없음,기타불명,남,24세,중상
2018120200100396,2018년 12월 2일 20시,일요일,강원도 춘천시 후평동,경상사고,0,0,1,0,차대차 - 추돌,안전거리미확보,건조,맑음,단일로 - 기타,승용,남,29세,상해없음,승용,남,40세,경상
2018120200100397,2018년 12월 2일 20시,일요일,강원도 원주시 단계동,경상사고,0,0,1,0,차대차 - 측면충돌,기타,건조,맑음,교차로 - 교차로안,승용,남,25세,상해없음,승용,남,32세,경상
2018120200100398,2018년 12월 2일 20시,일요일,강원도 횡성군 우천면,중상사고,0,1,0,2,차대차 - 측면충돌,안전운전불이행,건조,맑음,교차로 - 교차로안,승용,여,24세,상해없음,승용,남,39세,중상
2018120200100417,2018년 12월 2일 21시,일요일,강원도 동해시 천곡동,중상사고,0,1,0,0,차대사람 - 횡단중,안전운전불이행,건조,맑음,단일로 - 기타,승합,남,41세,상해없음,보행자,여,52세,중상
2018120200100455,2018년 12월 2일 23시,일요일,강원도 원주시 무실동,경상사고,0,0,1,0,차대차 - 추돌,안전운전불이행,건조,맑음,교차로 - 교차로부근,승용,여,51세,상해없음,승용,남,24세,경상
2018120300100086,2018년 12월 3일 07시,월요일,강원도 강릉시 사천면,중상사고,0,1,0,0,차대사람 - 횡단중,안전운전불이행,젖음/습기,비,단일로 - 기타,화물,남,51세,상해없음,보행자,여,72세,중상
2018120300100119,2018년 12월 3일 08시,월요일,강원도 원주시 일산동,경상사고,0,0,1,0,차대사람 - 차도통행중,안전운전불이행,건조,맑음,교차로 - 교차로부근,화물,여,36세,상해없음,보행자,남,72세,경상
2018120300100120,2018년 12월 3일 08시,월요일,강원도 철원군 동송읍,중상사고,0,1,0,0,차대사람 - 횡단중,안전운전불이행,건조,맑음,주차장 - 주차장,승용,여,39세,상해없음,보행자,여,62세,중상
2018120300100195,2018년 12월 3일 10시,월요일,강원도 태백시 화전동,경상사고,0,0,1,0,차대차 - 측면충돌,교차로운행방법위반,건조,맑음,교차로 - 교차로안,화물,남,64세,상해없음,화물,남,64세,경상
2018120300100226,2018년 12월 3일 11시,월요일,강원도 춘천시 효자동,경상사고,0,0,2,0,차대차 - 기타,신호위반,건조,맑음,교차로 - 교차로안,승용,남,82세,상해없음,승용,여,61세,경상
2018120300100251,2018년 12월 3일 12시,월요일,강원도 원주시 판부면,중상사고,0,1,0,0,차대차 - 추돌,중앙선침범,젖음/습기,비,단일로 - 기타,화물,남,49세,상해없음,승합,남,65세,중상
2018120300100348,2018년 12월 3일 15시,월요일,강원도 춘천시 동내면,부상신고사고,0,0,0,1,차대차 - 기타,차로위반,젖음/습기,비,단일로 - 기타,승용,여,49세,상해없음,승용,남,57세,부상신고
2018120300100349,2018년 12월 3일 15시,월요일,강원도 정선군 임계면,사망사고,1,0,0,0,차대차 - 측면충돌,과속,젖음/습기,흐림,단일로 - 기타,승용,여,27세,상해없음,농기계,남,75세,사망
2018120300100425,2018년 12월 3일 17시,월요일,강원도 원주시 명륜동,경상사고,0,0,1,0,차대사람 - 보도통행중,기타,젖음/습기,비,기타 - 기타,승용,남,54세,기타불명,보행자,여,24세,경상
2018120300100426,2018년 12월 3일 17시,월요일,강원도 홍천군 홍천읍,중상사고,0,1,0,0,차대사람 - 횡단중,보행자보호의무위반,젖음/습기,비,교차로 - 교차로안,승용,남,41세,상해없음,보행자,남,76세,중상
2018120300100427,2018년 12월 3일 17시,월요일,강원도 고성군 간성읍,경상사고,0,0,3,0,차대차 - 추돌,안전운전불이행,젖음/습기,맑음,교차로 - 교차로안,승용,남,48세,상해없음,승용,여,43세,경상
2018120300100489,2018년 12월 3일 18시,월요일,강원도 춘천시 석사동,경상사고,0,0,1,0,차대사람 - 횡단중,안전운전불이행,건조,맑음,단일로 - 기타,승용,남,42세,상해없음,보행자,남,53세,경상
2018120300100584,2018년 12월 3일 20시,월요일,강원도 원주시 무실동,경상사고,0,0,1,0,차대차 - 측면충돌,안전운전불이행,젖음/습기,비,단일로 - 기타,승용,여,36세,상해없음,승용,여,44세,경상
2018120300100615,2018년 12월 3일 21시,월요일,강원도 동해시 효가동,중상사고,0,1,1,0,차대사람 - 횡단중,보행자보호의무위반,건조,흐림,교차로 - 교차로횡단보도내,승용,남,50세,상해없음,보행자,여,46세,중상
2018120300100637,2018년 12월 3일 22시,월요일,강원도 춘천시 조양동,경상사고,0,0,1,0,차대차 - 측면충돌,안전운전불이행,건조,맑음,단일로 - 기타,승용,여,38세,상해없음,승용,남,23세,경상
2018120300100665,2018년 12월 3일 23시,월요일,강원도 강릉시 포남동,중상사고,0,1,0,0,차대사람 - 횡단중,안전운전불이행,건조,맑음,교차로 - 교차로부근,승용,남,26세,상해없음,보행자,남,50세,중상
2018120300100666,2018년 12월 3일 23시,월요일,강원도 속초시 교동,경상사고,0,0,2,0,차대차 - 측면충돌,신호위반,젖음/습기,흐림,교차로 - 교차로안,화물,남,57세,상해없음,승용,남,40세,경상
2018120400100010,2018년 12월 4일 00시,화요일,강원도 춘천시 효자동,경상사고,0,0,1,0,차대차 - 추돌,직진우회전진행방해,젖음/습기,비,교차로 - 교차로안,승용,남,47세,경상,승용,남,66세,상해없음
2018120400100011,2018년 12월 4일 00시,화요일,강원도 강릉시 교동,경상사고,0,0,1,0,차대차 - 기타,신호위반,젖음/습기,흐림,교차로 - 교차로안,승용,남,42세,상해없음,승용,남,59세,경상
2018120400100020,2018년 12월 4일 01시,화요일,강원도 원주시 학성동,경상사고,0,0,1,0,차대차 - 측면충돌,교차로운행방법위반,건조,맑음,교차로 - 교차로안,승용,여,49세,상해없음,이륜,남,25세,경상
2018120400100134,2018년 12월 4일 08시,화요일,강원도 인제군 서화면,경상사고,0,0,1,0,차대차 - 측면충돌,안전운전불이행,건조,맑음,단일로 - 기타,승용,남,31세,상해없음,승용,남,65세,경상
2018120400100185,2018년 12월 4일 09시,화요일,강원도 원주시 일산동,경상사고,0,0,1,0,차대사람 - 횡단중,보행자보호의무위반,젖음/습기,흐림,단일로 - 기타,화물,여,60세,상해없음,보행자,여,18세,경상
2018120400100250,2018년 12월 4일 11시,화요일,강원도 강릉시 사천면,중상사고,0,1,2,0,차대차 - 추돌,안전운전불이행,젖음/습기,비,단일로 - 기타,승용,여,45세,상해없음,승용,남,54세,중상
2018120400100271,2018년 12월 4일 12시,화요일,강원도 강릉시 교동,경상사고,0,0,1,0,차대차 - 측면충돌,중앙선침범,건조,맑음,단일로 - 기타,승용,여,61세,상해없음,이륜,남,32세,경상
2018120400100301,2018년 12월 4일 13시,화요일,강원도 춘천시 조양동,경상사고,0,0,1,0,차대사람 - 횡단중,신호위반,건조,맑음,단일로 - 기타,승용,남,53세,상해없음,보행자,여,60세,경상
2018120400100303,2018년 12월 4일 13시,화요일,강원도 횡성군 횡성읍,중상사고,0,1,1,0,차량단독 - 공작물충돌,안전운전불이행,건조,맑음,단일로 - 기타,승용,여,56세,상해없음,,,,
2018120400100333,2018년 12월 4일 14시,화요일,강원도 평창군 대화면,경상사고,0,0,3,0,차대차 - 측면충돌,중앙선침범,건조,맑음,단일로 - 기타,화물,남,79세,경상,승합,남,57세,경상
2018120400100334,2018년 12월 4일 14시,화요일,강원도 철원군 동송읍,경상사고,0,0,1,0,차대차 - 측면충돌,직진우회전진행방해,건조,맑음,교차로 - 교차로안,이륜,남,56세,경상,화물,남,37세,상해없음
2018120400100358,2018년 12월 4일 15시,화요일,강원도 원주시 지정면,경상사고,0,0,2,0,차대차 - 추돌,안전거리미확보,건조,맑음,단일로 - 기타,화물,남,49세,상해없음,승용,남,25세,경상
2018120400100422,2018년 12월 4일 17시,화요일,강원도 강릉시 입암동,중상사고,0,1,0,0,차대사람 - 횡단중,보행자보호의무위반,건조,맑음,단일로 - 기타,승용,여,40세,상해없음,보행자,여,80세,중상
2018120400100423,2018년 12월 4일 17시,화요일,강원도 원주시 단구동,경상사고,0,0,1,0,차대차 - 측면충돌,안전운전불이행,건조,맑음,단일로 - 기타,승용,남,58세,상해없음,승용,남,48세,상해없음
2018120400100490,2018년 12월 4일 19시,화요일,강원도 춘천시 온의동,경상사고,0,0,1,0,차대차 - 측면충돌,안전운전불이행,건조,맑음,단일로 - 기타,승용,남,63세,기타불명,승용,여,43세,경상
2018120400100491,2018년 12월 4일 19시,화요일,강원도 정선군 정선읍,경상사고,0,0,1,0,차대차 - 측면충돌,안전운전불이행,건조,맑음,교차로 - 교차로안,승용,여,50세,상해없음,이륜,남,40세,경상
2018120400100565,2018년 12월 4일 22시,화요일,강원도 원주시 단계동,중상사고,0,1,0,0,차대차 - 측면충돌,안전운전불이행,건조,흐림,단일로 - 기타,승용,남,28세,상해없음,이륜,남,34세,중상
2018120500100044,2018년 12월 5일 05시,수요일,강원도 춘천시 후평동,경상사고,0,0,1,0,차대차 - 기타,교차로운행방법위반,건조,맑음,교차로 - 교차로안,승용,여,66세,상해없음,화물,남,64세,경상
2018120500100126,2018년 12월 5일 08시,수요일,강원도 춘천시 사북면,경상사고,0,0,3,0,차량단독 - 기타,안전운전불이행,서리/결빙,맑음,단일로 - 기타,승용,여,25세,경상,,,,
2018120500100127,2018년 12월 5일 08시,수요일,강원도 원주시 우산동,경상사고,0,0,1,0,차대사람 - 횡단중,보행자보호의무위반,건조,맑음,단일로 - 터널,기타불명,기타불명,미분류,기타불명,보행자,여,77세,경상
2018120500100128,2018년 12월 5일 08시,수요일,강원도 양구군 동면,경상사고,0,0,1,0,차대사람 - 길가장자리구역통행중,안전운전불이행,건조,기타,단일로 - 기타,승용,여,64세,상해없음,보행자,여,76세,경상
2018120500100129,2018년 12월 5일 08시,수요일,강원도 동해시 천곡동,경상사고,0,0,1,0,차대차 - 측면충돌,교차로운행방법위반,건조,맑음,교차로 - 교차로안,승합,남,51세,상해없음,승용,여,50세,경상
2018120500100174,2018년 12월 5일 09시,수요일,강원도 정선군 임계면,중상사고,0,1,0,0,차량단독 - 공작물충돌,안전운전불이행,서리/결빙,맑음,단일로 - 기타,화물,남,36세,상해없음,,,,
2018120500100226,2018년 12월 5일 11시,수요일,강원도 춘천시 후평동,경상사고,0,0,1,0,차대사람 - 횡단중,안전운전불이행,건조,맑음,단일로 - 기타,승용,여,24세,상해없음,보행자,여,75세,경상
2018120500100227,2018년 12월 5일 11시,수요일,강원도 속초시 교동,중상사고,0,1,0,0,차대사람 - 횡단중,보행자보호의무위반,건조,흐림,교차로 - 교차로부근,승용,여,29세,상해없음,보행자,여,69세,중상
2018120500100284,2018년 12월 5일 13시,수요일,강원도 강릉시 성남동,중상사고,0,1,0,0,차대사람 - 기타,안전운전불이행,건조,맑음,단일로 - 기타,승용,여,48세,상해없음,보행자,남,75세,중상
2018120500100335,2018년 12월 5일 15시,수요일,강원도 강릉시 노암동,중상사고,0,1,1,0,차대사람 - 기타,안전운전불이행,건조,맑음,교차로 - 교차로안,화물,남,51세,상해없음,보행자,남,43세,경상
2018120500100336,2018년 12월 5일 15시,수요일,강원도 속초시 청학동,경상사고,0,0,5,0,차대차 - 추돌,안전운전불이행,건조,맑음,교차로 - 교차로부근,승용,남,74세,상해없음,승용,남,63세,경상
2018120500100364,2018년 12월 5일 16시,수요일,강원도 춘천시 석사동,경상사고,0,0,1,0,차대차 - 측면충돌,안전운전불이행,건조,맑음,교차로 - 교차로부근,승용,남,64세,상해없음,자전거,남,83세,경상
2018120500100400,2018년 12월 5일 17시,수요일,강원도 고성군 간성읍,사망사고,1,0,0,0,차대차 - 정면충돌,중앙선침범,건조,맑음,기타 - 기타,이륜,남,83세,사망,승용,남,63세,상해없음
2018120500100401,2018년 12월 5일 17시,수요일,강원도 강릉시 구정면,경상사고,0,0,1,0,차대차 - 추돌,안전운전불이행,건조,맑음,단일로 - 기타,승용,남,65세,상해없음,화물,남,40세,경상
2018120500100453,2018년 12월 5일 18시,수요일,강원도 춘천시 동면,경상사고,0,0,1,0,차대차 - 측면충돌,안전운전불이행,건조,맑음,교차로 - 교차로안,승용,남,64세,상해없음,승용,여,56세,경상
2018120500100494,2018년 12월 5일 19시,수요일,강원도 원주시 단계동,경상사고,0,0,1,0,차대차 - 측면충돌,차로위반,건조,맑음,교차로 - 교차로부근,승용,남,38세,상해없음,승용,남,56세,상해없음
2018120500100495,2018년 12월 5일 19시,수요일,강원도 원주시 단계동,경상사고,0,0,1,0,차대사람 - 기타,안전운전불이행,건조,맑음,단일로 - 기타,승용,남,23세,상해없음,보행자,여,23세,경상
2018120500100496,2018년 12월 5일 19시,수요일,강원도 속초시 동명동,경상사고,0,0,1,0,차대차 - 후진중충돌,안전운전불이행,건조,맑음,교차로 - 교차로안,승용,여,24세,상해없음,승용,여,48세,경상
2018120500100497,2018년 12월 5일 19시,수요일,강원도 영월군 남면,중상사고,0,1,0,0,차대차 - 추돌,안전운전불이행,건조,맑음,단일로 - 교량,승용,남,83세,중상,화물,남,54세,상해없음
2018120600100023,2018년 12월 6일 01시,목요일,강원도 원주시 학성동,중상사고,0,1,1,0,차대차 - 측면충돌,안전운전불이행,건조,맑음,단일로 - 기타,승용,남,48세,상해없음,이륜,남,38세,중상
2018120600100038,2018년 12월 6일 04시,목요일,강원도 원주시 단계동,경상사고,0,0,3,0,차대차 - 추돌,안전운전불이행,젖음/습기,눈,교차로 - 교차로안,승용,남,30세,상해없음,승용,남,45세,경상
2018120600100069,2018년 12월 6일 06시,목요일,강원도 강릉시 교동,경상사고,0,0,1,0,차대차 - 측면충돌,안전운전불이행,건조,맑음,교차로 - 교차로안,승용,여,27세,상해없음,승용,여,57세,경상